{
    "name": "lorenzo zaniboni",
    "subtitle": "Global Operations Director / Europe COO",
    "location": "Como, Lombardy, Italy",
    "about": "",
    "experiences": [
        [
            "Agrati Group",
            "17 yrs 5 mos",
            "COO Europe",
            "Apr 2021 - Present · 3 yrs 2 mos",
            "Industrial Director",
            "2007 - Present · 17 yrs 5 mos"
        ],
        [
            "Global manufacturing manager",
            "KONE",
            "2000 - 2007 · 7 yrs"
        ],
        [
            "Production Manager",
            "Pirelli",
            "1996 - 2000 · 4 yrs",
            "Production manager of Confezione and Vulcanizzazione departments"
        ]
    ],
    "posts": [
        {
            "post": "Non sappiamo cosa ci riserva il futuro del settore Automotive, ma sappiamo che ci saremo.We don’t know what the future of automotive will look like, but we know we’ll be there",
            "comments": []
        },
        {
            "post": "Contesto “sparkling”, possibilità di crescita e di vedere il mondo.Fatevi sotto",
            "comments": []
        },
        {
            "post": "Mattia Carminati sta hashtag#assumendo. Conosci qualcuno a cui potrebbe interessare?",
            "comments": []
        },
        {
            "post": "Technological advancements and shifting labour market dynamics increasingly call for agile and adaptable skill sets. On this 𝗪𝗼𝗿𝗹𝗱 𝗬𝗼𝘂𝘁𝗵 𝗦𝗸𝗶𝗹𝗹𝘀 𝗗𝗮𝘆 | 𝗝𝘂𝗹𝘆 𝟭𝟱𝘁𝗵, let’s unite in recognizing the potential of young people as catalysts for change and commit to providing them with the skills and opportunities they need to build a prosperous and sustainable world for all. Together, we can shape a brighter future in which no young person is left behindHere is a photo gallery of our most recent \"𝗔𝗨 𝗳𝗼𝗿 𝗦𝗰𝗵𝗼𝗼𝗹𝘀\" courses. hashtag#talentattraction hashtag#employerbranding hashtag#technicalschools hashtag#universities hashtag#wysd",
            "comments": []
        },
        {
            "post": "Oggi sul Il Sole 24 Ore si parla di hashtag#TOKBO Il CEO Ivan Moroni “A fine anno contiamo di arrivare ad almeno 20 sistemi attivi presso clienti, con l’obiettivo di diventare un punto di riferimento in hashtag#Italia per il monitoraggio di giunzioni imbullonate per hashtag#infrastrutture e sistemi industriali. Puntiamo ad avviare a breve anche una collaborazione con un partner per l’America Latina”Leggi l’articolo completo!Agrati Grouphashtag#theintelligentalkingbolt hashtag#business hashtag#sole24ore",
            "comments": []
        },
        {
            "post": "Ricerca e aziende di filiera, il modello JRC MATTMarco TarabiniPolitecnico di MilanoPaolo PozziMaurizio ZanforlinRicerca e aziende di filiera, il modello JRC MATTIl JRC MATT del Politecnico di Milano è stato uno dei sei modelli innovativi premiati nella prima edizione del premio Lombardia Innovativa. Continua a leggere su https://lnkd.in/dDEAsrBAhashtag#formazioneimpresa hashtag#Agrati_S.p.A. hashtag#Growermetal hashtag#Itla_Bonaiti_s.r.l. hashtag#JRC hashtag#Mario_Frigerio_S.p.A. hashtag#O.R.I._Martin_S.p.A. hashtag#Politecnico_di_Milano hashtag#premio_Lombardia_InnovativaPaola Idilla Carella",
            "comments": []
        },
        {
            "post": "[Actu adhèrent] 🏭 Agrati Group spécialiste de l'automobile vient de finaliser son déménagement !  Agrati Group spécialiste en conception et fabrication de visserie spéciale pour l'automobile, a investi 35 millions d'euros dans un grand projet de déménagement, qui lui permet de doubler sa surface de production et de rentrer dans l'ère de l'industrie 4.0. 🔧Après un déménagement débuté en 2014, l'entreprise a terminé le transfert intégral de son outil de production vers le parc d’activités de Val-Guiers. 🏭 Grâce à l'appui de l'Agence économique régionale Auvergne-Rhône-Alpes Entreprises, Agrati a également été lauréat du plan France Relance pour les investissements machines. 💰 Avec une croissance de son chiffre d'affaires (40 millions d'euros en 2022) Agrati reste confiant dans l'avenir de ses productions et renforce sa position auprès des équipementiers attachés à l'électrification des vélos et des automobiles.  📑 En savoir plus 👇https://cutt.ly/k8QLPbr Contact Agence : PAYART Marie - mpayart@arae.frInterview : Raphaël Sandraz Département de la Savoie | Philippe GARZON hashtag#industrie4.0 hashtag#automobile hashtag#déménagement hashtag#AuvergneRhoneAlpesEntreprises hashtag#FiersDeNosIndustries",
            "comments": []
        },
        {
            "post": "After hashtag#Italy and hashtag#France, the Agrati University learning center finally opens in hashtag#USALast week at the hashtag#Agrati plant in hashtag#Medina took place the opening cerimony of the brand new Agrati University area at the presence of Mr Dennis Hanwell, Mayor of Medina, Medina’s Economic Development Director Mrs Kimberly Marshall and the first line of Agrati management: Paolo Pozzi, Agrati CEO, lorenzo zaniboni, Group Operations Director, gianluca bella, Group Human Resources Director and Dennis Berry, NAFTA COOA big thanks to all the people who were involved in this big project!hashtag#neverstoplearning hashtag#people hashtag#agratiuniversity hashtag#AU hashtag#humanresources",
            "comments": []
        },
        {
            "post": "In Italia un milione di hashtag#manufatti necessita di hashtag#monitoraggio e hashtag#manutenzione immediati. TOKBO, spin-off del Gruppo Agrati lancia un innovativo sistema di hashtag#sensori che facilita questo lavoro con un notevole hashtag#risparmio anche in termini economici",
            "comments": []
        },
        {
            "post": "Buongiorno Rete e buon anno! Per iniziare con il botto nel nostro Plant di Cornate d'Adda siamo alla ricerca di hashtag#Tornitori, hashtag#Rettificatori e hashtag#Fresatori.Se siete interessati a entrare in una grande realtà candidatevi qui:- https://lnkd.in/dMStR-p8hashtag#ricerca hashtag#meccanica hashtag#automotive hashtag#jobopportunities hashtag#jobpost hashtag#cnc",
            "comments": []
        },
        {
            "post": "Class is in session! Agrati Group Medina is ready to invest its hashtag#Time into their hashtag#People! For the last 8 months, the team has worked closely together to put together a state of the art training space for incoming and current Agrati Employees. We have pulled our most hashtag#Skilled and hashtag#Passionate Cold Forging Operator from our production floor to hashtag#Teach basic and advanced hashtag#ColdForging Principles! The team as a whole, has strategically developed what believe is the most comprehensive and technical training path for all cold forging employees. Condensing what used to be 1 to 2 years of training, into 12 weeks! Allowing the ability of one on one trainer to trainee sessions, along with a well balanced mix of practical hashtag#OnTheFloor hashtag#Training. Thank you to everybody involved, and big thanks to our Agrati Leadship for seeing the value in hashtag#Investing hashtag#Time into our Employees! 2023 is around the corner, and Agrati Group could not be excited to start the new year off with our training program!",
            "comments": []
        },
        {
            "post": "Un in bocca al lupo a TOKBO che partecipa in questi giorni al SAIE Bologna - La Fiera delle Costruzioni. Progettazione, edilizia, impianti. - L’edilizia è un comparto strategico che non può non prescindere da una vera informatizzazione, l’Italia nell’era del digitale è al 23° posto e al di sotto della media UE. Ma è grazie a realtà come TOKBO che sviluppa dispositivi per il monitoraggio delle infrastrutture (sia temporanee che statiche) e dei sistemi di protezione stradale, con l'obiettivo di collegare le reti infrastrutturali tradizionali, ridefinendo il concetto di manutenzione e sicurezza che si sta costruendo un nuovo tipo di edilizia. Portare intelligenza agli elementi di fissaggio, rendendo le infrastrutture digitali e consentendo loro di comunicare con gli esseri umani attraverso la sensorizzazione delle connessioni imbullonate e fornendo un monitoraggio predittivo da remoto questo è il futuro ma è anche il presente grazie a TOKBO. Per questo siamo felici di poter collaborare con loro all'innovazione continua di un settore fondamentale come quello dell'edilizia.hashtag#infrastructuremonitoring hashtag#Innovation hashtag#SAIE hashtag#SAIEBologna hashtag#SAIE2022 hashtag#edilizia hashtag#innovazione",
            "comments": []
        },
        {
            "post": "Siamo alla ricerca di un CT/Attrezzista Torneria per il nostro Plant di Dolzago!Qui per candidarsi:hashtag#meccanica hashtag#tornitura hashtag#jobpost hashtag#job_opportunities hashtag#job hashtag#jobopportunities hashtag#lavoraconnoi hashtag#lavoro",
            "comments": []
        },
        {
            "post": "Ready!We welcome you at the IAA TRANSPORTATION exhibition to present out solution for hashtag#heavy duty & hashtag#trucks vehicles and electrification.Agrati Group hashtag#iaa hashtag#heavyduty hashtag#transportation hashtag#electrification hashtag#solution",
            "comments": []
        },
        {
            "post": "In difficult times, choose the Company you want to be in order to face what lies ahead.My company is different.",
            "comments": []
        },
        {
            "post": "\"Our goal is to hashtag#sensorize the hashtag#fasteners and serve all those joints where Agrati's expertise can create real added value for the customer, solving issues such as hashtag#maintenance and, even more, simplifying the hashtag#life hashtag#cycle of the structure on which hashtag#TOKBO will be applied. We are only at the beginning of a journey that will see us hashtag#expand the hashtag#range of hashtag#products offered with which we can reach a wide audience of customers over time, ranging from the construction sector to the industrial one, where in recent months we have found a concrete interest and unresolved needs to date.\" Cit. Ivan Moroni, CEO of hashtag#TOKBO, The hashtag#intelligent hashtag#talking hashtag#bolt hashtag#network. https://www.tokbo.it/ hashtag#innovation with e-Novia",
            "comments": []
        },
        {
            "post": "Provare per credere.",
            "comments": []
        },
        {
            "post": "Agrati riapre dopo aver effettuato test sierologici gratuiti e su base volontaria a tutti i dipendenti dei siti produttivi italiani (Agrati S.p.A, CVB Srl, FSP Srl) in collaborazione con la facoltà di Microbiologia - Università degli Studi di Milano.“Questa iniziativa non vuole certo essere un modo per sostituirsi al ruolo della sanità pubblica – spiega Paolo Pozzi, CEO di Agrati – ma piuttosto il tentativo di dare da un lato un contributo di conoscenza per comprendere al meglio l’evoluzione del contagio, così come di rasserenare l’intero ambiente di lavoro, offrendo certezze a tutti sulla reale situazione in azienda. (...)\" Per leggere l'intervista integrale pubblicata da Il Sole 24 Ore clicca qui https://lnkd.in/dzNMctc",
            "comments": []
        },
        {
            "post": "Solo ieri, grazie ad un amico, ho trovato questo articolo...- L’italia occupa lo 0,5% della Terra, e ci vive lo 0,83% dell’umanità.- Le condizioni bio climatiche sono uniche al mondo e ciò permette alla penisola di essere la PRIMA nazione al mondo per biodiversità:7.000 differenti vegetali, segue il Brasile con 3.000;58.000 specie di animali, segue la Cina con 20.000;1.800 vitigni spontanei da uva, segue la Francia con 200;997 tipi di mele, in tutto il mondo ne esistono 1.227;140 tipi di grano, seguono gli USA con 6;- L’Italia possiede il 70% del patrimonio artistico e umano, il rimanente 30% è sparso in tutto il resto del PIANETA. SE SOLO NE FOSSIMO PIÙ ORGOGLIOSI E CONSAPEVOLI........... :-)",
            "comments": []
        },
        {
            "post": "Basta “tafazzismo”!",
            "comments": []
        }
    ]
}