{
    "name": "Luca Trusiani",
    "subtitle": "Communications & marketing manager presso Snam",
    "location": "San Donato Milanese, Lombardy, Italy",
    "about": "",
    "experiences": [
        [
            "Snam",
            "19 yrs 11 mos",
            "Communications & marketing manager",
            "Mar 2019 - Present · 5 yrs 3 mos",
            "San Donato Milanese, Lombardia, Italia",
            "Head of corporate website",
            "Mar 2011 - Feb 2019 · 8 yrs",
            "San Donato Milanese",
            "External relations and communications professional",
            "Dec 2005 - Feb 2011 · 5 yrs 3 mos",
            "San Donato Milanese"
        ],
        [
            "Music project intern",
            "Mediaset",
            "2003 - 2003 · Less than a year",
            "Videotime - Cologno Monzese",
            "Project: \"Fingerprinting: a robust audio hashing for content identification\""
        ]
    ],
    "posts": [
        {
            "post": "Snam S.p.A., one of the best Italian companies for digital corporate communication for the fifth year in a row. Proud to be part of this team!",
            "comments": []
        },
        {
            "post": "L'amministratore delegato di Snam S.p.A. Marco Alvera' parla di hashtag#socialmedia a LinkedIn Italia e spiega che \"in Snam S.p.A. cerchiamo persone motivate, curiose e soprattutto che abbiano cuore\" Salvatore Ricco Maria Cristina Giugliano Alberto Rusconi",
            "comments": []
        },
        {
            "post": "Proud to be part of it! Salvatore Ricco Alberto Rusconi Anna Chiara Sai Davide Ciullo Giacomo Pagone",
            "comments": []
        },
        {
            "post": "Proud of being part of the team that broke another Webranking record: 94,2 points out of 100 made us the best Italian company for corporate and financial digital communication for the second year in a row!",
            "comments": []
        }
    ]
}