{
    "name": "Eleonora Frasca",
    "subtitle": "Marketing Manager at Sky Italia",
    "location": "Milan, Lombardy, Italy",
    "about": "",
    "experiences": [
        [
            "Sky Italia",
            "13 yrs 6 mos",
            "Marketing Manager",
            "Oct 2011 - Present · 12 yrs 8 mos",
            "Milano",
            "Realizzazione dei piani di marketing per massimizzare il valore per il cliente e per Sky:\n- Monitoraggio della concorrenza italiana e straniera;\n- Sviluppo della strategia di diffusione del prodotto sul mercato obiettivo;\n- Definizione e realizzazione dei Piani di Comunicazione ATL e BTL;\n- Analisi KPI quantitativi e qualitativi del prodotto;\n- Implementazione degli strumenti promozionali di supporto ai canali di vendita.",
            "Internship Sales & Marketing",
            "Dec 2010 - Sep 2011 · 10 mos",
            "- Pianificazione e realizzazione di Campagne di Direct marketing: identificazione dei target, definizione brief di comunicazione per agenzia creativa, analisi dei risultati;\n- Coordinamento delle campagne di comunicazione ATL;\n- Aggiornamento sito web in termini di offerta su specifica profilazione dei clienti;\n- Monitoring of budget/forecast (sales volumes and marketing costs)"
        ],
        [
            "Stage Ufficio Stampa",
            "Ministero della Giustizia",
            "Oct 2010 - Dec 2010 · 3 mos",
            "-\t Selezione e pubblicazione delle notizie sulla rete intranet del Ministero;\n-\t Segnalazioni alle articolazioni del Ministero delle notizie rilevanti apparse sulla stampa nazionale; \n-\tPromozione e realizzazione delle attività istituzionali del ministero - II Salone della Giustizia."
        ]
    ],
    "posts": []
}