{
    "name": "Davide Uracchi",
    "subtitle": "Managing Director DSV Solutions",
    "location": "Greater Milan Metropolitan Area",
    "about": "",
    "experiences": [
        [
            "DSV - Global Transport and Logistics",
            "Full-time · 2 yrs 1 mo",
            "Managing Director",
            "Feb 2023 - Present · 1 yr 4 mos",
            "Senior Director Of Operations",
            "May 2022 - Feb 2023 · 10 mos"
        ],
        [
            "Chief Operating Officer",
            "FM Logistic Italia",
            "Dec 2018 - May 2022 · 3 yrs 6 mos"
        ],
        [
            "Chief Operating Officer",
            "Sebastian spa",
            "Jan 2009 - Dec 2018 · 10 yrs"
        ],
        [
            "Supply Chain Manager",
            "Morris Profumi",
            "Jan 2008 - Jan 2009 · 1 yr 1 mo"
        ],
        [
            "Central DC Director",
            "DHL",
            "Jan 2003 - Jan 2008 · 5 yrs 1 mo"
        ]
    ],
    "posts": [
        {
            "post": "💥𝐂𝐄𝐎𝐟𝐨𝐫𝐋𝐈𝐅𝐄 𝐑𝐨𝐮𝐧𝐝 𝐓𝐚𝐛𝐥𝐞 𝐝𝐢 DSV - Global Transport and Logistics📅Il 4 aprile si è tenuta la 𝐂𝐄𝐎𝐟𝐨𝐫𝐋𝐈𝐅𝐄 𝐑𝐨𝐮𝐧𝐝 𝐓𝐚𝐛𝐥𝐞 di DSV - Global Transport and Logistics il cui tema di discussione è stato ““𝑈𝑛𝑐𝑜𝑛𝑣𝑒𝑛𝑡𝑖𝑜𝑛𝑎𝑙 𝐿𝑜𝑔𝑖𝑠𝑡𝑖𝑐𝑠: 𝑖𝑛𝑛𝑜𝑣𝑎𝑧𝑖𝑜𝑛𝑒 𝑒 𝑎𝑢𝑡𝑜𝑚𝑎𝑧𝑖𝑜𝑛𝑒 𝑎𝑙 𝑠𝑒𝑟𝑣𝑖𝑧𝑖𝑜 𝑑𝑒𝑙𝑙𝑎 𝑠𝑢𝑝𝑝𝑙𝑦 𝑐ℎ𝑎𝑖𝑛”🎙In questa occasione abbiamo avuto modo di intervistare Davide Uracchi, Managing Director DSV - Global Transport and LogisticsGuarda l'intervista completa👉🏻https://lnkd.in/degJWGrwGuarda il recap della Round Table👉🏻 https://lnkd.in/dH3HgQ48hashtag#automazione hashtag#innovazione hashtag#supplychain hashtag#ceoforlifeprojects",
            "comments": []
        },
        {
            "post": "I am extremely proud that last week, together with Davide Uracchi we have finalised the acquisition of the facilities in Maranello (Italy). This important step will allow us to create additional 60 000 sqm facility next to our recently launched building in the city, creating the modern hub of the total of 100 000 sqm in the heart of the important automotive and industrial area. Investments in the modern infrastructure are the crucial part of our global strategy to offer the most effective, efficient, and environmentally friendly logistic solutions. The latest development is proof of our dedication, partnership and the commitment towards our long-term partners and also the opportunity to attract the new customers. Sono estremamente orgoglioso che la settimana scorsa, insieme a Davide Uracchi abbiamo finalizzato l'acquisizione degli stabilimenti a Maranello (Italia). Questo importante passo ci consentirà di creare un'ulteriore struttura di 60.000 mq accanto al nostro edificio recentemente inaugurato, creando il moderno polo di un totale di 100.000 mq nel cuore dell'importante area automobilistica e industriale.Gli investimenti nelle infrastrutture moderne sono la parte cruciale della nostra strategia globale per offrire le soluzioni logistiche più efficaci, efficienti e sostenibili.L'ultimo investimento è la prova della nostra dedizione, partnership e impegno nei confronti dei nostri partner a lungo termine, e l'opportunità di attirare nuovi clienti.hashtag#automotive hashtag#italy hashtag#maranello hashtag#DSV hashtag#construction",
            "comments": []
        },
        {
            "post": "Ringrazio tutti gli ospiti che hanno reso possibile questo appuntamento, in cui abbiamo condiviso le sfide a cui i 3PL sono chiamati a rispondere in un momento storico di profonda trasformazione dell’intero comparto.Ci siamo impegnati ad accompagnare in questo percorso i nostri partners attraverso un approccio sempre più “unconventional”, e innovativo. Stay tuned with DSV - Global Transport and Logistics !",
            "comments": []
        },
        {
            "post": "Siamo molto felici di condividere l'intervista che Davide Uracchi, Managing Director di DSV Solutions, ha rilasciato alla rivista Logistica Focus della conversazione è stata la visione futura del Gruppo: dall'impegno nella formazione dei nostri professionisti ai progetti in favore della sostenibilità, fino all’apertura della prima DSV Fulfilment Factory in Italia alle porte di Milano.La costante ricerca di innovazione e l’attenzione verso l'ambiente sono i valori guida che ci consentono di essere un punto di riferimento del settore. Siamo orgogliosi di poter offrire soluzioni sempre più efficienti e sostenibili ai nostri clienti e non vediamo l'ora di dar loro il benvenuto nel nostro nuovo magazzino, dove tecnologia all'avanguardia e attenzione al dettaglio renderanno ogni processo ancora più veloce ed efficace.Restate sintonizzati. Torneremo presto con ulteriori novità!hashtag#DSVItaly hashtag#Fulfilment hashtag#Supplychain",
            "comments": []
        },
        {
            "post": "Sono lieto di condividere l’intervista recentemente pubblicata dall’agenzia di stampa Italpress per DSV - Global Transport and Logistics !Abbiamo discusso i temi legati allo sviluppo sostenibile e agli ambiziosi piani di sviluppo del nostro Gruppo !",
            "comments": []
        }
    ]
}