{
    "name": "Mario Ruberto",
    "subtitle": "Chief Financial Officer - Moncler Group",
    "location": "Italy",
    "about": "",
    "experiences": [
        [
            "Chief Financial Officer",
            "Moncler · Full-time",
            "Jun 2023 - Present · 1 yr",
            "Milan, Lombardy, Italy"
        ],
        [
            "Vice President Finance - Europe, Middle East & Africa and Latam",
            "Haleon · Full-time",
            "Jul 2022 - Jun 2023 · 1 yr"
        ],
        [
            "Vice President Finance - Europe, Middle East & Africa and LATAM",
            "GSK Consumer Healthcare India · Full-time",
            "Apr 2020 - Jul 2022 · 2 yrs 4 mos",
            "London, England, United Kingdom"
        ],
        [
            "Vice President Finance Asia Pacific, Middle East and Africa",
            "Mondelēz International",
            "Aug 2016 - Apr 2020 · 3 yrs 9 mos",
            "Singapore"
        ],
        [
            "Ferrero",
            "13 yrs 11 mos",
            "Chief Financial Officer Ferrero Asia Ltd",
            "Feb 2011 - Jul 2016 · 5 yrs 6 mos",
            "Hong Kong",
            "Corporate Development Manager Ferrero International",
            "Apr 2007 - Feb 2011 · 3 yrs 11 mos",
            "Luxembourg",
            "Corporate Reporting Manager Ferrero International",
            "Sep 2002 - Mar 2007 · 4 yrs 7 mos",
            "Luxembourg"
        ]
    ],
    "posts": [
        {
            "post": "Hello Haleon!",
            "comments": []
        }
    ]
}