{
    "name": "Alessandro Esposti",
    "subtitle": "C.F.O at OPENJOBMETIS",
    "location": "Milan, Lombardy, Italy",
    "about": "",
    "experiences": [
        [
            "C.F.O- Investor Relator",
            "Openjobmetis SpA",
            "Jan 2007 - Present · 17 yrs 5 mos",
            "Milan Area, Italy",
            "Agenzia per il lavoro, quinto operatore in Italia, con oltre 600 dipendenti diretti e circa 600 milioni di fatturato - Il Gruppo è quotato dal 2015 alla Borsa di Milano al segmento Star.\nCFO, valutazioni nuove acquisizioni, implementazione dei progetti di integrazione e fusione, operazioni di Lbo, Segreteria societaria, Investor relator."
        ],
        [
            "Direttore finanziario di Gruppo",
            "S.I.T.I.",
            "1999 - 2006 · 7 yrs",
            "Novara Area, Italy",
            "Gruppo leader nel settore dell'impiantistica ceramica\nResponsabile Amministrazione Finanza e Controllo, gestione crediti e finanza strutturata.\nResponsabile della gestione della Holding e dei rapporti con gli azionisti."
        ],
        [
            "Financial Manager",
            "Merloni Progetti",
            "1990 - 1999 · 9 yrs",
            "Milan Area, Italy",
            "Società di ingegneria e attività diversificate\nResponsabile tesoreria, finanza strutturata, coordinatore project financing del progetto di diversificazione Centro Energia Spa insieme a  Total e Foster Wheeler, responsabile \ndel bilancio della Holding"
        ],
        [
            "Internat. securities division",
            "Banca Manusardi & Co. - IMI Group",
            "1987 - 1989 · 2 yrs",
            "Milan Area, Italy"
        ],
        [
            "Revisore",
            "KPMG",
            "1985 - 1987 · 2 yrs",
            "Milan Area, Italy"
        ]
    ],
    "posts": []
}