{
    "name": "Oscar Pappalardo",
    "subtitle": "Chief Financial Officer (CFO) - Direttore Amministrazione Finanza e Controllo presso Dussmann Italy",
    "location": "Milan, Lombardy, Italy",
    "about": "CFO - Direttore Amministrazione Finanza e Controllo esperto in gestione contabile, finanza, amministrazione & controllo con oltre 10 anni d'esperienza a supporto di capogruppo e società controllate.Attualmente in Dussmann Service Srl, società leader nei servizi di integrated facility management, sono Direttore per la gestione amministrativa, contabile e fiscale del Gruppo attuata attraverso il riporto diretto delle funzioni Amministrazione, Controllo di Gestione, Pianificazione Finanziaria, Amministrazione del Personale e Legale Giuslavorstico per complessivi 100 HR a riporto diretto ed indiretto. Ricopro inoltre il ruolo di Presidente/Consigliere Delegato in quattro distinte società controllate (Steritalia - Kursana Italia - Dussmann Solutions - Consorzio Kursana) occupandomi di coordinare non solo le funzioni proprie del Finance ma anche le attività di Sviluppo Commerciale e Gestione Operativa.Durante gli anni ho avuto modo di supportare la crescita del Gruppo avvenuta tramite importanti operazioni straordinarie di fusione e acquisizione con altri player di mercato. Caratterizzato da un solido background in Corporate Governance, mi occupo anche di Sviluppo Strategico del Business e consolidamento delle Relazioni Istituzionali oltre che Supervisione delle Operations. Aree di expertise:-------------------◆ Corporate Governance◆ Processo di Bilancio◆ Gestione Contabile ◆ Pianificazione Finanziaria ◆ Tax Planning & Tax Management◆ Budgeting, Forecasting e Controllo dei Costi◆ Analisi e Re-engineering dei Processi◆ Gestione del Credito◆ Operations Management◆ Gestione Risorse Umane",
    "experiences": [
        [
            "Dussmann Italy",
            "13 yrs 1 mo",
            "Chief Financial Officer (CFO) - Direttore Amministrazione Finanza e Controllo",
            "Full-time",
            "Jan 2023 - Present · 1 yr 5 mos",
            "Milano, Lombardia, Italia · On-site",
            "Ulteriori Incarichi professionali attuali: CFO e Consigliere Delegato SteriItalia Spa, CFO e Consigliere Delegato Consorzio Kursana, Presidente di Kursana Italia Srl, Presidente di Dussmann Solutions Srl.",
            "Direttore Amministrativo / Chief Administrative Officer (CAO)",
            "Jan 2020 - Jan 2023 · 3 yrs 1 mo",
            "Milano, Italia",
            "Responsabile della gestione amministrativa, contabile e fiscale del Gruppo (10 distinte entità societarie) attraverso la gestione di 18 HR a riporto diretto. Principali compiti e responsabilità:\n\n•\tImpostazione e gestione dell'organizzazione amministrativa del Gruppo e delle società controllate. Implementazione delle procedure amministrative e contabili e dei sistemi informativi dedicati\n•\tRedazione del bilancio individuale della capogruppo e delle società controllate in Italia\n•\tConduzione della due diligence amministrativo-fiscale delle operazioni straordinarie: fusioni, scissioni, trasformazioni, cessioni ramo d'azienda\n•\tTax Planning e Tax Risk Management della capogruppo e delle partecipazioni nel rispetto degli obiettivi di piano industriale\n•\tSupervisione delle attività di sviluppo commerciale dei vari business tramite gare d'appalto o nuovi progetti in project financing \n\nIncarichi professionali attuali: CFO e Consigliere Delegato SteriItalia Spa, CFO e Consigliere Delegato Consorzio Kursana, Presidente del Consiglio Kursana Lunga Vita.",
            "Responsabile Amministrativo / Chief Administrative Officer (CAO)",
            "May 2011 - Dec 2019 · 8 yrs 8 mos",
            "Bergamo Area, Italy",
            "Responsabile della gestione amministrativa, contabile e fiscale del Gruppo (10 distinte entità societarie) attraverso la gestione di 18 HR a riporto diretto. Principali compiti e responsabilità:\n\n•\tImpostazione e gestione dell'organizzazione amministrativa del Gruppo e delle società controllate. Implementazione delle procedure amministrative e contabili e dei sistemi informativi dedicati\n•\tRedazione del bilancio individuale della capogruppo e delle società controllate in Italia\n•\tConduzione della due diligence amministrativo-fiscale delle operazioni straordinarie: fusioni, scissioni, trasformazioni, cessioni ramo d'azienda\n•\tTax Planning e Tax Risk Management della capogruppo e delle partecipazioni nel rispetto degli obiettivi di piano industriale\n•\tSupervisione delle attività di sviluppo commerciale dei vari business tramite gare d'appalto o nuovi progetti in project financing \n\nIncarichi professionali attuali: CFO e Consigliere Delegato SteriItalia Spa, CFO e Consigliere Delegato Consorzio Kursana, Presidente del Consiglio Kursana Lunga Vita."
        ],
        [
            "CFO / Consigliere Delegato",
            "STERITALIA S.P.A.",
            "Apr 2016 - Present · 8 yrs 2 mos",
            "Bergamo, Italia",
            "• Responsabile per la supervisione delle operazioni di finanza e tesoreria con piena responsabilità legale\n• Supervisione del controllo interno (analisi dei rischi e redazione del reporting package)\n• Gestione delle attività di sviluppo commerciale tramite gara d'appalto o in project financing\n• Operations management delle attività di commessa e gestione delle relazioni C-level con i clienti\n• Pianificazione fiscale e gestione del rischio/contenzioso \n• Analisi finanziaria sugli investimenti effettuati"
        ],
        [
            "CFO / Consigliere Delegato",
            "Consorzio Kursana",
            "May 2019 - Present · 5 yrs 1 mo",
            "Bergamo, Italia"
        ],
        [
            "Presidente CdA / Amministratore Delegato",
            "Kursana Lunga Vita",
            "May 2019 - Jul 2023 · 4 yrs 3 mos",
            "Bergamo, Italia",
            "• Attività di budgeting e supporto alle decisioni strategiche di lungo termine\n• Creazione di partnership e associazioni temporanee d'impresa di supporto allo sviluppo commerciale\n• Formulazione offerte di partecipazione a gare d'appalto e gestione di nuovi progetti in project financing"
        ],
        [
            "Responsabile Amministrativo / Lead Internal Auditor",
            "Interparking",
            "Feb 2011 - Jun 2011 · 5 mos",
            "Venezia, Italia",
            "•\tResponsabile per la gestione amministrativa della capogruppo e delle 2 società controllate in Italia\n•\tCoordinamento dell'internal auditing su appalti per assicurare il rispetto delle procedure amministrative\n•\tPartecipazione all'attività di pianificazione e controllo di gestione a supporto della capogruppo. Reporting package e supervisione delle operazioni di redazione bilancio svolte per la casa madre"
        ]
    ],
    "posts": [
        {
            "post": "«Riteniamo essenziale istituire per la prima volta un ‘Tavolo Negoziale della Ristorazione Collettiva’ che possa affrontare in modo focalizzato e specifico le problematiche del settore, superando le disomogeneità rispetto agli altri comparti (come la ristorazione commerciale e i pubblici esercizi) e stabilendo un percorso condiviso verso il rinnovo contrattuale”, queste le parole di Massimo Piacenti, Presidente di ANIR Confindustria, e Carlo Scarsciotti, Presidente di ANGEM, che in una nota congiunta indirizzata alle Organizzazioni Sindacali, evidenziano la necessità di un tavolo di confronto per la ristorazione collettiva, che affronti le specificità e le criticità del comparto.ANIR Confindustria",
            "comments": []
        },
        {
            "post": "Anche quest’anno Dussmann Service celebra la Pasqua insieme agli studenti delle scuole.Una festività associata alla primavera e al risveglio di tutti e cinque i sensi, compreso il gusto!Quale miglior occasione di questa per rendere un momento così semplice come la pausa pranzo a scuola, un’occasione speciale in cui condividere con insegnanti e compagni di classe i cibi tipici pasquali? Dussmann, in sinergia con i Comuni, ha pensato di proporre agli studenti che usufruiscono del servizio di refezione un pasto completo e gustoso in occasione delle festività.Il pranzo è composto da piatti genuini e di qualità, per stuzzicare i palati dei ragazzi ed è pensato appositamente nel rispetto del menù in programma, sempre in linea con i principi sani, salutari e nutrienti che il Gruppo è solito portare avanti. L'obiettivo, oltre che creare un momento di divertimento, è quello di trasmettere alle giovani generazioni una buona educazione alimentare, che possa accompagnarli anche nell'età adulta ad acquisire corrette abitudini di consumo e consapevolezza riguardo ai principi nutritivi, proponendo i migliori e più selezionati prodotti che il territorio offre, rispettando la stagionalità. I servizi di ristorazione forniti da Dussmann Service, da cinquant’anni top player nel settore, sono da sempre sinonimo di qualità.La continua ricerca delle derrate migliori e lo studio delle ricette più appetibili per i bambini di tutte le età sono priorità assolute dell’Azienda.",
            "comments": []
        },
        {
            "post": "Abbiamo chiesto a MARCO MAGGIONI, Direttore Filiale I.F.M. di Dussmann Italy, perché i servizi di facility management saranno sempre più indispensabili per il buon funzionamento e il successo di aziende pubbliche e private. Questo il suo punto di vista: “Negli ultimi anni il mondo attorno a noi è radicalmente cambiato, così come il concetto di facility management e di servizi integrati. Oggi i nostri clienti hanno a cuore la relazione con i loro collaboratori e ci chiedono di aiutarli a creare un luogo di lavoro sempre più attrattivo, grazie all’integrazione di nuovi servizi, a un maggiore comfort degli spazi e a una crescente attenzione alle persone in termini di responsabilità sociale. È dunque compito nostro sviluppare un’offerta di servizi che garantisca un ambiente di lavoro attrattivo, anche grazie all’integrazione di competenze sempre più specialistiche\".hashtag#facilitymanagement hashtag#servizi hashtag#innovazione",
            "comments": []
        },
        {
            "post": "MENÙ SCOLASTICI ITALIANI ANNO 2022/2023 FOODINSIDER L’8° rating dei menù scolastici, l’indagine annuale condotta da Foodinsider che fotografa lo stato delle mense e ne traccia l’evoluzione, ha riconfermato anche per il 2023 la prima posizione del Comune di Fano di cui ci occupiamo ormai da diversi anni dei servizi di ristorazione scolastica. Un risultato importante che conferma il nostro impegno nel fornire menù vari ed equilibrati dal punto di vista nutritivo ma anche sostenibili grazie alla particolare attenzione nella scelta delle materie prime, nella riduzione degli sprechi e nell’incremento nell’uso di prodotti locali e di origine biologica. Quest’anno l’indagare ha posto particolare attenzione anche al legame dei menù con il territorio e in questo ambito noi di Dussmann Italy possiamo affermare che da diversi anni proponiamo puntualmente, nelle mense scolastiche di cui ci occupiamo del servizio di ristorazione, ricette della tradizione come, nel caso del Comune di Fano, i passatelli: la tipica minestra marchigiana. Questo nuovo riconoscimento rappresenta per noi un ulteriore stimolo nel fornire servizi di ristorazione di qualità, con particolare attenzione alla sostenibilità e al territorio.Tutto ciò realizzato grazie a l’ottima collaborazione e competenza del servizio dietetico del comune di Fano.",
            "comments": []
        },
        {
            "post": "Lunedì 2 ottobre, nella sede centrale di Dussmann Italy a Capriate S. Gervasio, abbiamo avuto una visita speciale. È venuta a trovarci 𝗖𝗮𝘁𝗵𝗲𝗿𝗶𝗻𝗲 𝘃𝗼𝗻 𝗙𝘂̈𝗿𝘀𝘁𝗲𝗻𝗯𝗲𝗿𝗴-𝗗𝘂𝘀𝘀𝗺𝗮𝗻𝗻, Presidentessa del Consiglio di Amministrazione di Dussmann Group, che ha fatto visita a clienti e collaboratori, incontrando di nuovo anche Ombretta Bonora, Responsabile Operativo di Area Dussmann Italy, premiata quest’anno con il 𝗣𝗲𝘁𝗲𝗿 𝗗𝘂𝘀𝘀𝗺𝗮𝗻𝗻 𝗔𝘄𝗮𝗿𝗱: un importante riconoscimento che la nostra azienda conferisce ai dipendenti che si sono particolarmente distinti per il loro impegno nel contribuire al raggiungimento dei risultati aziendali. Durante la sua visita Catherine von Fürstenberg-Dussmann ha dichiarato: \"Siamo un’azienda in continua evoluzione e proseguiamo il nostro meraviglioso viaggio iniziato 60 anni fa senza dimenticare il nostro DNA e i valori che ci ha trasmesso il nostro fondatore. Lui si fidava delle persone e riteneva che la professionalità di un’azienda dipendesse anche dai suoi collaboratori. Oggi il Gruppo Dussmann ha migliaia di dipendenti che provengono da oltre 100 paesi in tutto il mondo e molte di queste persone, come Ombretta Bonora, hanno iniziato a collaborare con noi senza una formazione specifica ma imparando sul campo il proprio lavoro per poi arrivare a dare un contribuito significativo alla crescita di Dussmann”.hashtag#facilitymanagement hashtag#peterdussmannaward hashtag#riconoscimento hashtag#dipendenti",
            "comments": []
        },
        {
            "post": "Abbiamo dato vita ad una collaborazione con la startup torinese ALBA Robot che sta lavorando allo sviluppo di un innovativo veicolo di mobilità personale a guida autonoma, in grado di agevolare gli spostamenti di persone con difficoltà motorie negli spazi indoor e pedonali, garantendo loro anche una postura corretta ed ergonomica.Grazie ad un progetto cofinanziato dalla Regione Piemonte stiamo già sperimentando l'utilizzo del nuovo dispositivo all’interno delle case di riposo del 𝗖𝗼𝗻𝘀𝗼𝗿𝘇𝗶𝗼 𝗞𝘂𝗿𝘀𝗮𝗻𝗮 ma speriamo che presto possa essere integrato anche nell’ambito della logistica ospedaliera.In relazione al progetto Renato Santinon, Direttore Pianificazione, Controllo e Innovazione di Dussmann Italy, ha affermato: “l’idea progettuale che ci ha presentato Andrea Bertaia Segato, CEO e fondatore di Alba Robot, ci è piaciuta subito perciò l’abbiamo supportata con entusiasmo per indirizzarla sul mercato, cercando di condividere dei dati e facendo in modo che sia il modello di carrozzina, sia il business ad essa collegato potessero funzionare al meglio. Il progetto presenta infatti 2 importanti benefici: da un lato rende gli anziani più liberi e autonomi, dall’atra riduce il lavoro degli operatori socio sanitari che, in contesti ospedalieri dove spesso c’è carenza di personale, rappresenta un notevole vantaggio.”Crediamo molto in questo progetto che conferma la vocazione della nostra Azienda a favore della sostenibilità, dell’inclusività e dei principi di responsabilità sociale d’impresa.hashtag#innovazione hashtag#tecnologia hashtag#facilitymanagement hashtag#inclusività",
            "comments": []
        },
        {
            "post": "\"In tre anni ANIR ha fatto moltissimo per quanto riguarda il settore. Siamo partiti con l'aver ottenuto un fondo da 100 milioni per le società di ristorazione ad entrare nel merito del codice degli appalti. Ma questo non è sufficiente tant'è che oggi abbiamo parlato di quello che è stato fatto ma soprattutto di quello che faremo da oggi.\"Queste le parole di Graziano Sanna Vice Presidente ANIR Confindustriahashtag#cibopubblico hashtag#pastogiusto",
            "comments": []
        },
        {
            "post": "\"In tre anni ANIR ha fatto moltissimo per quanto riguarda il settore. Siamo partiti con l'aver ottenuto un fondo da 100 milioni per le società di ristorazione ad entrare nel merito del codice degli appalti. Ma questo non è sufficiente tant'è che oggi abbiamo parlato di quello che è stato fatto ma soprattutto di quello che faremo da oggi.\"Queste le parole di Graziano Sanna Vice Presidente ANIR Confindustriahashtag#cibopubblico hashtag#pastogiusto",
            "comments": []
        },
        {
            "post": "\"In tre anni ANIR ha fatto moltissimo per quanto riguarda il settore. Siamo partiti con l'aver ottenuto un fondo da 100 milioni per le società di ristorazione ad entrare nel merito del codice degli appalti. Ma questo non è sufficiente tant'è che oggi abbiamo parlato di quello che è stato fatto ma soprattutto di quello che faremo da oggi.\"Queste le parole di Graziano Sanna Vice Presidente ANIR Confindustriahashtag#cibopubblico hashtag#pastogiusto",
            "comments": []
        },
        {
            "post": "Oggi vogliamo farvi conoscere Oscar Pappalardo il nuovo CFO di Dussmann Italy.  Oscar Pappalardo è arrivato in Dussmann nel 2011, ricoprendo nel corso degli anni le funzioni di Responsabile Amministrazione, successivamente Direttore Amministrazione e da quest’anno di CFO. Nel 2016, inoltre, entra in Steritalia Spa in qualità di Consigliere Delegato e CFO, e nel 2019 viene nominato Presidente di Kursana Lunga Vita e fa parte del Consiglio di Amministrazione del Consorzio Kursana.  Oscar, vista la tua lunga esperienza nella nostra azienda, puoi raccontarci com’è cambiata Dussmann rispetto a 12 anni fa? Rispetto a quando sono arrivato, la nostra azienda è raddoppiata, sia in termini di crescita che di complessità del business. Il costante sviluppo di personale e fatturato si è accompagnato a una maggiore complessità del contesto normativo e di mercato, con un aumento della concorrenza, la presenza di clienti sempre più esigenti e l’ingresso in nuovi settori in un periodo di tempo relativamente breve. Da alcuni mesi sei Chief Financial Officer di Dussmann Italy, cosa significa per te? Sono consapevole che la nomina a Direttore Finanziario di Dussmann comporti grandi responsabilità, al tempo stesso, però, mi onora e mette me e la mia squadra nella posizione di poter attivamente contribuire allo sviluppo della nostra Azienda. Mi piace dare ai numeri un valore, che deriva dalle persone e dall’operatività. A questo proposito vorrei dedicare un ringraziamento particolare al gruppo di persone che coordino, circa un centinaio: alcune di queste, oggi guidate da Alessandro Bianchi, fanno parte della squadra che ho diretto per tanti anni e con le quali siamo cresciuti insieme. Altri colleghi, invece, sono diventati parte integrante della mia quotidianità in seguito alla nomina a CFO: la loro presenza consente di consolidare il team e di acquisire competenze trasversali. hashtag#cfo hashtag#teamleader hashtag#facilitymanagement",
            "comments": []
        }
    ]
}