{
    "name": "Antonella Ravasio",
    "subtitle": "Human Resources Director",
    "location": "Monza, Lombardy, Italy",
    "about": "",
    "experiences": [
        [
            "Human Resources Director",
            "Fidim Holding Srl (Rottapharm Biotech - RRL Immobiliare  - Hotel Il Salviatino  - Giacomo Milano)",
            "Jan 2015 - Present · 9 yrs 5 mos",
            "Monza e Brianza, Italia"
        ],
        [
            "Personnel Administration Manager",
            "Rottapharm Spa",
            "Sep 1989 - Dec 2014 · 25 yrs 4 mos",
            "Monza e Brianza, Italia"
        ]
    ],
    "posts": []
}