{
    "name": "Alberto Fasanotti",
    "subtitle": "Chief Financial Officer",
    "location": "Milan, Lombardy, Italy",
    "about": "",
    "experiences": [
        [
            "Global Chief Financial Officer",
            "Valentino · Full-time",
            "Feb 2022 - Jun 2022 · 5 mos",
            "Milan, Lombardy, Italy"
        ],
        [
            "CHANEL",
            "9 yrs 9 mos",
            "Finance Director UK & Region",
            "Jul 2017 - Jan 2022 · 4 yrs 7 mos",
            "London, United Kingdom",
            "Finance Director Luxembourg",
            "May 2012 - Jun 2017 · 5 yrs 2 mos",
            "Luxembourg"
        ],
        [
            "Financial Controller Europe",
            "Zynga",
            "Sep 2010 - Apr 2012 · 1 yr 8 mos",
            "Luxembourg"
        ],
        [
            "Financial Reporting Manager",
            "Millicom International Cellular S.A.",
            "Dec 2007 - Sep 2010 · 2 yrs 10 mos",
            "Luxembourg"
        ],
        [
            "Senior Manager Audit",
            "Fidital: Audit Assurance & IT Advisory",
            "Sep 2004 - Nov 2007 · 3 yrs 3 mos",
            "Milan Area, Italy"
        ]
    ],
    "posts": []
}