{
    "name": "Marco Squinzi",
    "subtitle": "CEO and Research & Development Director of the Mapei Group",
    "location": "Milan, Lombardy, Italy",
    "about": "Founded in 1937 in Milan, Mapei is now one of the world’s leading manufacturers of chemical products for the building industry and has contributed to the construction of some of the most important architectural and infrastructural works worldwide. With 90 subsidiaries operating in 57 countries and 83 manufacturing plants in 36 different nations, the Group employs over 10,500 staff worldwide. In 2019 Mapei had a consolidated turnover of €2.8 billion. The foundations for the success of the company are specialisation, internationalisation, research & development and sustainability.",
    "experiences": [
        [
            "Mapei",
            "27 yrs 5 mos",
            "CEO",
            "Jul 2019 - Present · 4 yrs 11 mos",
            "Milano",
            "Research & Development Director",
            "Sep 2008 - Present · 15 yrs 9 mos",
            "",
            "Research & Development",
            "1997 - Sep 2008 · 11 yrs 9 mos",
            ""
        ]
    ],
    "posts": []
}