{
    "name": "Dario Bernasconi",
    "subtitle": "--",
    "location": "Italy",
    "about": "",
    "experiences": [
        [
            "direttore commerciale Italia",
            "Terno scorrevoli Spa",
            "Jan 2011 - Present · 13 yrs 5 mos",
            "Varedo"
        ],
        [
            "direttore commerciale Italia",
            "Caimi export Spa",
            "Jan 2005 - Jan 2010 · 5 yrs 1 mo",
            "Novedrate, Lombardia, Italia"
        ],
        [
            "direttore commerciale Italia",
            "Bmp Spa",
            "Jan 1988 - Jan 2004 · 16 yrs 1 mo",
            "Legnano, Lombardia, Italia"
        ]
    ],
    "posts": []
}