{
    "name": "Roberto Vanzini",
    "subtitle": "Sales and Trade Marketing Director Gdo Italy  at GRUPPO GIMOKA S.R.L.",
    "location": "Bologna, Emilia-Romagna, Italy",
    "about": "",
    "experiences": [
        [
            "Sales and Trade Marketing Director Gdo Italy",
            "GRUPPO GIMOKA S.R.L.",
            "Apr 2017 - Present · 7 yrs 2 mos"
        ],
        [
            "category manager private label",
            "Coop Italia",
            "Jun 2010 - Mar 2017 · 6 yrs 10 mos",
            "Gestione delle categorie assegnate attraverso: \n- la definizione degli assortimenti del prodotto a marchio in base ai cluster dei punti vendita.\n- negoziazione commerciale delle condizioni d'acquisto.\n- indicazione dei prezzi di vendita in coerenza con gli obiettivi della categoria"
        ],
        [
            "Group Product manager on Private Label  Coop",
            "Coop Italia",
            "Sep 2006 - Jan 2011 · 4 yrs 5 mos",
            "categories managed: mineral water, juices, soft drinks, baby food, coffee, the, chocolate."
        ],
        [
            "Montenegro SRL",
            "7 yrs 4 mos",
            "Product Manager (Vecchia Romagna brand)",
            "Apr 2003 - Sep 2006 · 3 yrs 6 mos",
            "Trade Marketing Specialist",
            "Jun 1999 - Apr 2003 · 3 yrs 11 mos"
        ]
    ],
    "posts": []
}