{
    "name": "Arnaldo Bernardo",
    "subtitle": "--",
    "location": "Greater Naples Metropolitan Area",
    "about": "",
    "experiences": [
        [
            "General Manager",
            "Piazza Italia S.p.A.",
            "Nov 2017 - Present · 6 yrs 7 mos",
            "Nola"
        ]
    ],
    "posts": [
        {
            "post": "In BRANDON GROUP \"portiamo i brand dove i loro consumatori digitali fanno acquisti, con un servizio chiavi in mano\"Grazie Startupbusiness - Digital360 per averci scelto come case study di successo e grazie a Piazza Italia S.p.A. e Arnaldo Bernardo per la fiducia accordataci!hashtag#digitaleconomy hashtag#womenleadership hashtag#boostingonlinesales",
            "comments": []
        }
    ]
}