{
    "name": "Massimo ORLANDI",
    "subtitle": "CHIEF FINANCIAL OFFICER  presso Louis Vuitton Italia",
    "location": "Milan, Lombardy, Italy",
    "about": "",
    "experiences": [
        [
            "Chief Financial Officer",
            "Louis Vuitton Italia",
            "Mar 2010 - Present · 14 yrs 3 mos",
            "Milan"
        ],
        [
            "HQ Chief Financial Officer & Operation Director",
            "Acqua di Parma",
            "Mar 2006 - Feb 2010 · 4 yrs"
        ],
        [
            "Controlling & Strategic Planning Director",
            "Palmera",
            "Jan 2004 - Feb 2006 · 2 yrs 2 mos"
        ],
        [
            "Chief Financial Officer",
            "B2Biscom",
            "Mar 2000 - Dec 2003 · 3 yrs 10 mos",
            "Milano"
        ],
        [
            "Business Analysis Manager",
            "Coca-Cola Italia",
            "Mar 1998 - Feb 2000 · 2 yrs",
            "Milan"
        ]
    ],
    "posts": [
        {
            "post": "Louis Vuitton Time Capsule Exhibition, un viaggio attraverso la storia della Maison del lusso, tra le sue pietre miliari, nel campo dell’innovazione, della tecnologia e del design. Viaggiando dal 1854 ad oggi, la storia viene raccontata mediante l’esposizione di rari e celebri oggetti, selezionati dagli archivi Louis Vuitton.Dal 20 settembre al 20 ottobre, tutti i giorni, dalle 10 alle 20. Ingresso libero.Piazzetta Reale,Milano",
            "comments": []
        },
        {
            "post": "hashtag#lvmh",
            "comments": []
        }
    ]
}