{
    "name": "Giorgio Citterio",
    "subtitle": "Program Manager presso POSCO INTERNATIONAL ITALIA SRL",
    "location": "Monza e Brianza, Lombardy, Italy",
    "about": "",
    "experiences": [
        [
            "Program Manager",
            "POSCO INTERNATIONAL ITALIA SRL",
            "Mar 2007 - Present · 17 yrs 3 mos",
            "Milano, Italia",
            "Marketing & Sales of Automotive, Machinery & Infra divisions.\nCurrently in charge of eMobility components and solutions from Posco group and Korean industries.\nI've been working to heavy electric, thermal and mechanical packages to EPC projects and utilities."
        ],
        [
            "Marketing Advisor",
            "TLC services agency",
            "Jan 2004 - Feb 2007 · 3 yrs 2 mos",
            "Setup and start of a telecommunication services commercial agency."
        ],
        [
            "ALCATEL ITALIA SPA",
            "9 yrs",
            "Customer Technical Services Mktg Manager",
            "Jul 1997 - Dec 2003 · 6 yrs 6 mos",
            "Global Services portfolio Mktg Implementation Manager.\nMillennium Bug Y2K S-Europe Services Program Manager, Member of Steering Committee.",
            "Data Network Project Manager",
            "Jan 1995 - Jun 1997 · 2 yrs 6 mos",
            "Wide Area Network key account project manager"
        ],
        [
            "Data Network Project Engineer",
            "Italtel",
            "Dec 1993 - Dec 1994 · 1 yr 1 mo",
            "Wide Area Network key account Project Engineer"
        ],
        [
            "Data Network Engineer",
            "Siemens Telecomunicazioni",
            "Jun 1988 - Nov 1993 · 5 yrs 6 mos",
            "Wide Area Network key account Network Engineer\nNetwork Control Center specialist"
        ]
    ],
    "posts": []
}