{
    "name": "Maurizio Decollanz",
    "subtitle": "Father, journalist, runner, biker. Born in 1973, married, two sons. Passionate about technology since I was 8 years old.",
    "location": "Italy",
    "about": "Journalist, Chief Communications Officer IBM ItalyEditor in chief  www.ibm.com/thinkmagazineFormer CNBC Italy, Sky News TG24, Mediaset TG5",
    "experiences": [
        [
            "IBM",
            "7 yrs 5 mos",
            "Chief Marketing & Communications Officer Italy",
            "Full-time",
            "Jan 2023 - Present · 1 yr 5 mos",
            "Milano, Lombardia, Italia · Hybrid",
            "Responsible for planning, developing, implementing and monitoring the overall business marketing and communications strategy.",
            "Editor in Chief IBM Think Magazine",
            "Full-time",
            "Jan 2019 - Present · 5 yrs 5 mos",
            "Italy · Hybrid",
            "Think Magazine is a publication created in 1935 at the behest of IBM's founder, Thomas J. Watson. It had the purpose to tell and make comprehensible the progress of technology. 84 years later, in Italy, Think Magazine was re-found with the aim of telling the innovation progress and IBM leadership in artificial intelligence, blockchain, internet of things, security and quantum computing.",
            "thinkMagazine",
            "Think is the official Magazine of IBM",
            "Head of Communications Italy",
            "Full-time",
            "Feb 2018 - Dec 2022 · 4 yrs 11 mos",
            "Italy",
            "The CCO of a company is the corporate officer primarily responsible for managing the communications risks and opportunities of a business, both internally and externally. This executive is typically responsible for communications to a wide range of stakeholders, including employees, shareholders, media, bloggers, influential members of the business community, the press, the community and the public. Typically, the CCO may partner with others in the organization to communicate with investors, analysts, customers and company Board members. Most organizations will rely on the CCO to advise and participate in decisions that may impact the ongoing reputation of the firm.\n\nThe Chief Communications Officer role is further defined by the Arthur Page Society. This study indicates the importance in the role especially as a key advisor to the CEO."
        ],
        [
            "Board Member",
            "Fondazione IBM",
            "Aug 2017 - Present · 6 yrs 10 mos",
            "Roma, Italia",
            "The IBM Italy Foundation is an operational foundation that directly carries out studies, research and experimental projects, and supports activities in favor of other bodies operating in the social, welfare and cultural fields. The spirit that characterizes it is the will to operate with an orientation aimed at experimentation, looking for innovative solutions and ways of intervention that result in reference cases.\n\nE’ quindi una Fondazione che gestisce direttamente i progetti in cui è impegnata. Il suo intervento parte dall’identificazione di temi importanti ed emergenti per la comunità nazionale ed internazionale nelle aree di attività prescelte, e andando ben oltre il sostegno finanziario, accompagna il progetto dalla sua ideazione alla fase conclusiva nella maggior parte dei casi comprensiva di un evento di presentazione dei risultati\n\nGli interventi sono continuativi nel tempo e fondati su relazioni consolidate con Associazioni, Aziende ed Istituzioni, nella convinzione che solo una reale partnership è in grado di apportare un valore aggiunto al risultato finale di ogni singolo progetto.\n\nLe aree di intervento vengono scelte con lo scopo di dare un contributo alla soluzione di specifiche esigenze per gruppi d'individui o situazioni critiche. Lavoriamo per approfondire il ruolo della tecnologia per informare, comunicare e proporre modelli originali e innovativi allo scopo di analizzare le tematiche rilevate e elaborare proposte per la soluzione dei problemi identificati.\n\nIl nostro approccio è sempre sperimentale per l’identificazione e la realizzazione di esperienze innovative capaci di dare risposte concrete e di generare modelli di riferimento, opportunamente replicabili."
        ],
        [
            "Gruppo Innovation Services",
            "Assolombarda",
            "Oct 2017 - Dec 2022 · 5 yrs 3 mos",
            "Milano, Italia",
            "The Board expresses the will of the companies that produce or provide services for the management, support and procurement of the company, represents the needs in the bodies of the Association and is divided into 4 sections: Professional services to companies, Industrial services to companies, Telecommunications, Innovative Tertiary."
        ],
        [
            "Anchor, Reporter, Financial News Mediaset TG5",
            "Gruppo Mediaset",
            "Mar 2016 - Dec 2016 · 10 mos",
            "Milan Area, Italy"
        ],
        [
            "Anchor, Reporter, Financial News Sky TG24",
            "Sky Italia",
            "Nov 2015 - Dec 2016 · 1 yr 2 mos",
            "Milan Area, Italy",
            "Financial contributor at Sky TG24."
        ]
    ],
    "posts": [
        {
            "post": "IBM ha annunciato la disponibilità in 92 paesi, tra cui l’Italia 🇮🇹 , del suo portafoglio software su Amazon Web Services (AWS) Marketplace, segnando un altro passo avanti nel rafforzamento della nostra partnership con hashtag#AWS per creare una combinazione unica di hashtag#AI, hashtag#cloud e hashtag#infrastrutture leader di mercato. Si tratta di un’ulteriore conferma della volontà di hashtag#IBM di offrire a imprese e organizzazioni il più ampio accesso possibile alle tecnologie e competenze di intelligenza artificiale e dati. Tra queste sono incluse:➡ le componenti della piattaforma IBM watsonx hashtag#AI e hashtag#Data, che permettono alle aziende di creare, distribuire su vasta scala e gestire i carichi di lavoro dell’ AI, oltre che realizzare e personalizzare modelli sia di hashtag#AI generativa che tradizionale; ➡ le soluzioni IBM hashtag#Security e di automazione come Apptio, an IBM Company e IBM Instana  ➡ e i servizi di consulenza di hashtag#IBM hashtag#Consulting Link al comunicato 👉 https://lnkd.in/dMu8cw_3Link alla pagina IBM della partnership 👉 https://lnkd.in/dkA4NYcf  hashtag#AWS hashtag#IBMPartners hashtag#IBM hashtag#AWSPartnersMariangela Marseglia Alessandra Antonelli Fabrizio Saltalippi Stefania Asti Tiziana Tornaghi Raffaele Palombi Antonella Tartaglia Sergio Palazzina Alessandro Fronte Maurizio Decollanz Claudia Ruffini Morgana Stell Paola Piacentini Marco Ballan Francesco Casa Rodolfo Falcone Gianni Anguilletti Maila Cappelloni Stefania Di Cristofaro",
            "comments": []
        },
        {
            "post": "Modernizzazione dei hashtag#dati e delle applicazioni, servizi di hashtag#sicurezza e soluzioni specifiche di settore powered by hashtag#GenAI ➡️ nuove offerte di servizi IBM sul Marketplace Amazon Web Services (AWS)L’Italia è uno dei 92 paesi in cui i nostri clienti potranno beneficiare di un più ampio portafoglio software e 15 nuovi servizi professionali e asset di hashtag#IBMConsulting concepiti esclusivamente per AWS.Il rafforzamento della hashtag#partnership rappresenta il nostro impegno nel generare maggiore valore per le organizzazioni con cui collaboriamo e accelerare i loro percorsi di hashtag#trasformazione, rendendo il più semplice possibile la collaborazione con IBM.Con un team globale di oltre 24.000 professionisti certificati AWS, hashtag#IBMConsulting è pronta a supportare i clienti con suggerimenti personalizzati basati sulle best practice di settore.Scopri di più sulla nostra pagina 👉🏻 https://lnkd.in/dcziczRWLeggi il comunicato 👉🏻 https://lnkd.in/dYgFifTwhashtag#AWS hashtag#AWSmarketplace hashtag#IBMpartners hashtag#IBMdata hashtag#IBMerItaly hashtag#CloudTransformation Alessandra Antonelli Daniela Zuppini Andrea Boccotti Andrea Beretta",
            "comments": []
        },
        {
            "post": "Today's news is all about how Red Hat delivers consistent, trusted and comprehensive AI platforms for the hybrid cloud. And the hashtag#RHSummit main stage isn’t the only place to get insights. Check out the headlines ⬇️ - The first-ever Red Hat-supported and indemnified hashtag#OpenSource AI offering is here. Introducing Red Hat Enterprise Linux hashtag#AI. https://red.ht/4bjRjbR - Policy as code is coming to the future of Red Hat Ansible Automation Platform. https://red.ht/44dldwd - We're bringing GenAI with Red Hat Lightspeed to Red Hat Enterprise Linux and OpenShift. See out how we're enabling enterprise-ready AI. https://red.ht/44hw9Jd - From on-prem datacenters to multiple public clouds to the edge, Red Hat OpenShift AI extends individualization and choice to help enterprises match the intelligent workload boom. https://red.ht/3UexyLZ - Introducing Podman AI Lab: Accelerate developer adoption of AI models with tools that simplify and guide each step, from ideation to production, all from a local desktop environment: https://red.ht/4bfuarb Head over to the newsroom to get the full scoop: https://red.ht/3Wn2BI0.",
            "comments": []
        },
        {
            "post": "Big news for the open source community! Today, IBM is releasing a family of four Granite code models. These models have a range of uses, from complex application modernization tasks, to fixing, explaining, and even generating new code. In rigorous testing against industry benchmarks, we saw that these Granite models consistently match state-of-the-art performance among comparable code LLMs available now. Learn more about Granite models and how they could revolutionize how the world code here: https://ibm.co/3UuAHav",
            "comments": []
        },
        {
            "post": "hashtag#IBM ha annunciato la disponibilità in 92 paesi, tra cui l'Italia, del suo portafoglio software su AWS Marketplace, un catalogo digitale con migliaia di offerte software di fornitori indipendenti (ISV) che semplifica la ricerca, il test, l'acquisto e la distribuzione di software su Amazon Web Services (AWS). In questo modo le aziende clienti avranno più ampio accesso alle tecnologie di intelligenza artificiale e dati di IBM all’interno di un portafoglio di 44 cataloghi e 29 offerte SaaS disponibili.IBM, inoltre, propone 15 nuovi servizi professionali e asset di IBM Consulting sull'AWS Marketplace, concepiti esclusivamente per hashtag#AWS. Queste nuove offerte di servizi sono allineate alle esigenze e alla domanda del mercato e si concentrano sulla modernizzazione dei dati e delle applicazioni, sui servizi di sicurezza e su soluzioni specifiche di settore, in alcuni servizi sono incluse anche funzionalità di AI generativa. Per tutti i dettagli https://ibm.co/3yhe2qG hashtag#IBMPartners",
            "comments": []
        },
        {
            "post": "📢 “Disegnare il futuro”, il forum di Italia Economy, raggiunge per la sua quinta tappa la città di Milano.Oggi, vi presentiamo il primo panel, moderato dal nostro direttore responsabile Giuliano Bianucci, che interverrà per parlarci di innovazione – intesa come capacità di governare la trasformazione – con particolare attenzione alla next generation.🖋 «È indispensabile una progettazione strategica per non essere travolti da un divenire incalzante e pieno di incognite e per essere protagonisti del futuro».Ecco gli attori a confronto il 10 maggio, agli IBM Studios Milano: 1° ᴘᴀɴᴇʟ – “ɪɴɴᴏᴠᴀᴢɪᴏɴᴇ ᴇ ɪᴍᴘʀᴇꜱᴀ”· Maurizio Decollanz, direttore marketing e comunicazione IBM Italia· Giulia Putin, direttore ufficio acquisti Gruppo Serenissima Ristorazione· Domenico Costa, presidente TIM MANAGEMENT· Alessandro Merlini, Coo Azimut Direct📌 Un evento da non perdere. Vi aspettiamo!👉 La registrazione è gratuita a questo link: https://lnkd.in/d2MGYm-Ahashtag#ItaliaEconomy hashtag#Lombardia hashtag#Milano hashtag#Economia hashtag#Innovazione hashtag#Disegnareilfuturo hashtag#forum hashtag#foruminnovazione hashtag#eventimilano hashtag#LombardiaEconomy hashtag#innovazionesostenibile hashtag#nextgeneration hashtag#sostenibilità",
            "comments": []
        },
        {
            "post": "🔔 Quale è l'approccio migliore quando si parla di gestione del rischio cyber?🎯 Lo scopo per rendere la gestione del rischio efficace è adattare gli obiettivi strategici dell'organizzazione rispetto al valore di soglia di rischio accettabile determinato dall'impresa.🚀 IBM Cybersecurity Services può supportare le organizzazioni nel far comprendere che il rischio cyber non è soltanto un problema tecnico, ma è un tema di business, che richiede la convergenza di intenti attraverso linguaggi differenti.Per approfondire ➡ https://lnkd.in/d4P6tE2Fhashtag#IBMhashtag#IBMCybermindshashtag#infosechashtag#AIIBM Eraldo Beltrami Giuseppe Puleo Cristiano Tito Andrea Viarengo Tiziana Tornaghi Maurizio Decollanz Federica Barberis Osanna Sarzi Madidini Daniele Arangio Mazza Titti Garau Roberta Bertoli Susi Bottinelli",
            "comments": []
        },
        {
            "post": "🌎 Proprio in questi giorni si è concluso a Torino la Ministeriale G7 hashtag#Clima, hashtag#Energia e hashtag#Ambiente, l’incontro in cui i ministri dell’ Ambiente dei Paesi del hashtag#G7 si sono confrontati per individuare le tecnologie adatte a fornire un’adeguata disponibilità di energia e a garantire energia pulita e sostenibile per i Paesi in via di sviluppo. E hanno trovato l’accordo sull’addio al carbone entro la prima metà del 2030 e sull’impegno, nel frattempo, a ridurre al massimo il suo utilizzo. Altri temi all’attenzione sono stati lo stoccaggio dell’energia elettrica, l’inquinamento da plastica e la gestione dell’acqua. ✍ In questo contesto IBM conferma il proprio impegno nell’aiutare imprese e organizzazioni a orientarsi verso pratiche sostenibili attraverso l’utilizzo di tecnologie data-driven e di intelligenza artificiale. ➡ La definizione di una strategia di hashtag#sostenibilità per rispettare le hashtag#normative ambientali è fondamentale oggi per qualunque organizzazione che debba quantificare il proprio impatto ambientale attraverso l’analisi dei dati hashtag#ESG. La soluzione hashtag#IBM Envizi™ con le sue nuove funzionalità è uno strumento di importante aiuto per le organizzazioni che devono rispondere ai requisiti di reporting richiesti dalla direttiva europea hashtag#Corporate hashtag#Sustainability hashtag#Reporting hashtag#Directive (CSRD).  ➡ Un’altra area di attenzione per le imprese è quella della transizione energetica e resilienza climatica:  IBM® Environmental Intelligence Suite è una piattaforma hashtag#SaaS che permette di monitorare, prevedere e rispondere all'impatto delle condizioni meteo, salvaguardando la continuità operativa di fronte all'incertezza climatica. ➡ Infine, la gestione intelligente di hashtag#asset e hashtag#infrastrutture è cruciale per i responsabili della manutenzione degli impianti e per gli asset manager che devono avere a disposizione dati in tempo reale sul ciclo di vita delle risorse: con hashtag#IBM Maximo® Application Suite possono prendere decisioni più sicure e informate che aumentano l'affidabilità dei loro asset. 👉  Per maggiori informazioni https://lnkd.in/dBrYyG52 hashtag#IBM hashtag#sustainabilityAntonella Tartaglia Emiliano Pacelli Monica Cernuda Rego Claudia Ruffini Maurizio Decollanz Paola Piacentini Morgana Stell Petra Snellman Luca Altieri Fabrizio Saltalippi Patrizia Guaitani Maila Cappelloni",
            "comments": []
        },
        {
            "post": "🚀 Pubblicati i risultati dello studio sulla hashtag#DigitalInsurance & hashtag#Distribution di Cetif Research in collaborazione con IBM!🔍 Lo studio rivela i cambiamenti chiave nel settore assicurativo, con un focus sulle dinamiche digitali e distributive. Si tratta di un’analisi dettagliata su come il settore assicurativo si sta adattando al mondo digitale e alle esigenze dei clienti.🔄 Transizione verso il modello ibrido e omnicanale: oltre il 43% degli utenti attivi online preferisce interagire con le Compagnie tramite il sito web, evidenziando una crescente adozione di approcci misti tra canali digitali e fisici.🔑 Customer Journey e canali distributivi: le Compagnie si dedicano alla creazione di nuove e fluide Customer Journey, mantenendo un forte legame con i canali tradizionali, soprattutto durante la stipula dei contratti assicurativi.🌐 L'importanza dell'Omnichannel strategy: l'investimento nell'integrazione dei canali digitali con quelli fisici rappresenta un punto di svolta per il settore, offrendo esperienze personalizzate che bilanciano la presenza umana e l'accessibilità online.👉 Clicca qui per scaricare lo Snapshot: https://lnkd.in/d74JH7PChashtag#Assicurazioni hashtag#Insurance hashtag#DigitalTransformation hashtag#CustomerExperience hashtag#Omnichannel hashtag#CetifResearch hashtag#IBM",
            "comments": []
        },
        {
            "post": "Nell'anno in cui 4,2 miliardi di persone (il 52% della popolazione mondiale) va al voto, diventa sempre più evidente come il disgraziato fenomeno delle notizie falese, le hashtag#fakenews, rappresenti un rischio più che concreto per la stabilità delle democrazie. La macchina del fango, come ben descrivono oggi Daniele Manca e Gustavo Ghidini su l'Economia del Corriere della Sera, ha un unico grande obiettivo infatti: alimentare la sfiducia generale, creando un clima del \"tanto peggio, tanto meglio\".La hashtag#tecnologia - in particolare l'intelligenza artificiale e l'hashtag#AI generativa -  viene sfruttata dalla fabbrica delle falsità ma potrebbe essere utilizzata anche per smascherare i bugiardi. Cominciando con una cosa tanto semplice quanto ovvia: chiunque, sui social network, dovrebbe metterci la faccia, assumendosi la responsabilità di ciò che scrive. Da solo, un provvedimento del genere basterebbe a scoraggiare molti balordi.Per le aziende che sviluppano tecnologia, poi, oggi più che mai è tempo di sentire tutto il peso della hashtag#responsabilità che hanno. L'etica dell'intelligenza artificiale non è un concetto astratto ma una necessità quanto mai impellente.",
            "comments": []
        }
    ]
}