{
    "name": "Valerio Usuelli",
    "subtitle": "Jaguar Land Rover Fleet Sales Executive presso J. B. Cars Srl",
    "location": "Monza e Brianza, Lombardy, Italy",
    "about": "",
    "experiences": [
        [
            "Fleet Sales Executive",
            "J.B. CARS S.R.L.",
            "Oct 2017 - Present · 6 yrs 8 mos",
            "Monza, Lombardia, Italia"
        ],
        [
            "Agente in Attività Finanziaria",
            "Libera Artigiani Piacenza Agenzia in Attività Finanziaria Srl",
            "Feb 2016 - Present · 8 yrs 4 mos"
        ],
        [
            "Agente in Attività Finanziaria",
            "MPF Consulting Srl · Self-employed",
            "Jan 2015 - Feb 2016 · 1 yr 2 mos",
            "Milano, Lombardia, Italia"
        ],
        [
            "Agente in Attività Finanziaria",
            "Milano Progetti Finanziari Srl · Self-employed",
            "Jan 2008 - Dec 2014 · 7 yrs",
            "Milano, Lombardia, Italia"
        ],
        [
            "Agente in Attività Finanziaria",
            "Monza Progetti Finanziari Srl · Self-employed",
            "Mar 1999 - Dec 2007 · 8 yrs 10 mos",
            "Monza e Brianza, Lombardia, Italia"
        ]
    ],
    "posts": []
}