{
    "name": "Demetrio Moscato",
    "subtitle": "Vice Direttore e CFO di ButanGas S.p.A.",
    "location": "Milan, Lombardy, Italy",
    "about": "",
    "experiences": [
        [
            "ButanGas SpA",
            "Full-time · 13 yrs 10 mos",
            "Vice direttore generale",
            "Apr 2022 - Present · 2 yrs 2 mos",
            "CFO",
            "Jan 2016 - Present · 8 yrs 5 mos",
            "Vice CFO",
            "Oct 2014 - Dec 2015 · 1 yr 3 mos"
        ],
        [
            "Senior",
            "KPMG",
            "Dec 2005 - Jul 2010 · 4 yrs 8 mos",
            "Milano, Italia"
        ]
    ],
    "posts": [
        {
            "post": "hashtag#ButanGas con IBM: modernizzazione dell’infrastruttura tecnologica per migliorare le performance e la disponibilità dei servizi.\"Affidabilità, modernizzazione e innovazione sono le caratteristiche che ci hanno spinto a individuare la piattaforma hashtag#IBMPower come quella più in linea con i nostri obiettivi. Una piattaforma efficiente e resiliente per il business, in grado di fornire le applicazioni e gli insight in modo sicuro, dove e quando servono”. Demetrio Moscato, Vice Direttore di hashtag#ButanGas “Il connubio di successo tra ButanGas e IBM ha radici profonde e lontane. Sin dagli anni ‘80 supportiamo e affianchiamo ButanGas nel suo processo di evoluzione tecnologica attraverso soluzioni e servizi sempre all’avanguardia”. Marco Ballan, Infrastructure Sales Manager di hashtag#IBM Italia.Leggi il comunicato su hashtag#IBMthinkMagazine: https://lnkd.in/dv9qXEZm",
            "comments": []
        }
    ]
}