{
    "name": "Marcello Milani",
    "subtitle": "Chief Executive Officer at AMSA SpA - A2A Group at A2A",
    "location": "Milan, Lombardy, Italy",
    "about": "",
    "experiences": [
        [
            "A2A",
            "6 yrs 4 mos",
            "Chief Executive Officer at AMSA SpA - A2A Group",
            "Full-time",
            "Aug 2020 - Present · 3 yrs 10 mos",
            "Milano, Lombardia, Italia",
            "Chairman at Aprica SpA - A2A Group",
            "Jul 2019 - Mar 2021 · 1 yr 9 mos",
            "Brescia Area, Italy",
            "Managing Director at AMSA SpA - A2A Group",
            "Jul 2019 - Aug 2020 · 1 yr 2 mos",
            "Milan Area, Italy",
            "AMSA SpA provides waste collection services to Milan and several municipalities in the hinterland, serving more than 2M inhabitants. The Company has a turnover of ca. 350MEUR and 3,200+ employees."
        ],
        [
            "Director of Customer Experience",
            "lastminute.com group",
            "Mar 2016 - Jan 2018 · 1 yr 11 mos",
            "Chiasso, Switzerland",
            "Heading up newly set up Customer Experience team at Lastminute.com group, aimed at supporting the transition from a booking centric company to a customer centric company\n\nRole includes:\n- Scouting and implementation of a CRM, to support Customer Operations in managing more effective customer processes in a digital multichannel environment, with a 360° customer view\n- Definition and implementation of customer selfservice capabilities, leveraging all digital channels\n- Using Customer Surveys (e.g. Net Promoter Score monitoring and Voice of the Customer feedback) to provide actionable insights to company departments for the improvement of Customer Journeys"
        ],
        [
            "Management Consultant",
            "Freelance",
            "Apr 2015 - Mar 2016 · 1 yr",
            "Clients served and collaborations:\n- Lastminute.com Group (www.lastminute.com), OnLine Travel Agency\n- PlanBe (www.planbe-global.com), consulting firm\n- VAM Investments (www.vaminvestments.com), private equity company\n- CHILI S.p.A. (www.chili-tv.it), leading Italian portal for video streaming\n- Boardwalk (www.boardwalk.it), consulting firm specialized in SME sector"
        ],
        [
            "Fastweb",
            "10 yrs 7 mos",
            "Marketing Director",
            "Dec 2010 - Mar 2015 · 4 yrs 4 mos",
            "Marketing Director, Business Unit Consumer (families and micro-business)\n\nMain responsibilities: \n- Design of product and services for families and microbusiness \n- Definition of pricing, commissioning e go to market \n- Definition of Marketing policies for the Customer Base (upselling, prevention, retention, customer relationship) \n- Web portals strategy and implementation (customer experience, webmarketing, webcare)  \n\nMain achievements: \n- Customer Base growth from 2011 to 2014 (1,4M to 1,8M) in a very competitive environment.\n- Consumer EBITDA growth from 190M€ a 220M€. Consumer cash flow growth (EBITDA-CAPEX) from 94M€ to 119M€.",
            "Head of Service Development and Planning",
            "May 2007 - Dec 2010 · 3 yrs 8 mos",
            "Main responsibilities\n- Product/services development\n- Definition of Sales channel compensation\n- Planning and Control of BU activities (Sales, Activations, Retention/Upselling, Customer Care), building and monitoring BU budget",
            "Planning & Control Director",
            "Sep 2004 - May 2007 · 2 yrs 9 mos",
            "Planning & Control Director, reporting to Company CFO\n\nMain responsibilities\n- Company Budgeting/Forecasting\n- Company Reporting\n- Investments analysis\n- Product portfolio profitability analysis\n- Support to Strategic planning for the preparation of the Industrial plan"
        ],
        [
            "Planning & Control and Investor Relations Director",
            "ASM Brescia SpA",
            "Jan 2002 - Sep 2004 · 2 yrs 9 mos",
            "Planning & Control Director\n\nMain responsibilities:\n- Definition of the Industrial Plan\n- Evaluation of new initiatives (e.g.: investments in new power plants/networks, investment in refurbishing of existing plants and networks)\n- Budgeting/forecasting & management reporting\n- Company reporting for the investors and the stock exchange\n- Investor relations management (e.g. periodic calls/meeting with financial analysts)  \n\nSpecial projects:\n- Redesign of planning/control/budgeting and reporting processes\n- Listing on Milan Stock exchange, including roadshow\n- Rating for the Eurobond emission (500M€), including roadshow"
        ]
    ],
    "posts": [
        {
            "post": "Vieni a trovarci fino al 28 aprile nel Cortile d’Onore dell’Università degli Studi di Milano.Scopri con noi le sculture in 3D progettate dagli studenti dell’Area Design di NABA Nuova Accademia di Belle Arti, dedicate agli operatori di Amsa, Gruppo A2A, realizzate con materiali di riciclo tra cui alluminio, plastica e scarti di produzione dei filamenti per la stessa stampa 3D 👇𝐄𝐂𝐎𝐋𝐈𝐁𝐑𝐈𝐒𝐓𝐀 Ludovico Berton, Gjergji Gjoka La figura posizionata dietro al camion intende affascinare immaginando la persona come un equilibrista. La scultura traduce questa magia dell’equilibrio elevando su una sorta di piedistallo il ritratto dell’operatore o dell’operatrice.𝐌𝐄𝐓𝐀𝐌𝐎𝐑𝐅𝐎𝐒𝐈 Etienne Nzi, Pezhman Salehzadeh Mogaddami Ispirandosi alle mondine dipinte dai Macchiaioli, la figura che porta un cesto simbolico è la rappresentazione evocativa di un operatore o di un’operatrice in una ricicleria. La linea che bilancia il pieno e il vuoto, sull’esempio delle sculture di Moore, rimanda a una rappresentazione del riciclo, come moto perpetuo, evidenziando il ciclo continuo di trasformazione.𝐂𝐔𝐒𝐓𝐎𝐃𝐄 Carlo Marangoni, Gabriele Tosi La scultura intende valorizzare il ruolo di AMSA Gruppo A2A come custode premuroso di Milano garantendone la pulizia e bellezza. Ispirata dalla pittura metafisica, la stampa 3D fonde una teca di vetro con una forma umana stilizzata, che avvolge e protegge una miniatura della città al suo interno.𝐀𝐑𝐌𝐎𝐍𝐈𝐀 Alara Atilgan, Martina Ginni Opera celebrativa che raffigura la dualità tra lavoro e vita privata. La statua intende omaggiare la figura femminile ritraendola sia in abiti da lavoro sia nella quotidianità.𝐍𝐄𝐖 𝐋𝐈𝐅𝐄Eleonora Astolfi, Julia Fabbriani Reinterpretando l’iconica scultura di Depero, la statua in stampa 3D si focalizza sul movimento delle braccia che in questo caso simboleggiano l’impegno per la sostenibilità e il riciclo. Passato e presente si uniscono in un’ottica eco-consapevole in omaggio agli operatori e alle operatrici, custodi della nostra città.Ti aspettiamo! hashtag#A2ALifeCompany hashtag#Fuorisalone2024 hashtag#milanodesignweekCarlotta Ventura | Marcello Milani | Antonio Bisignano | Danilo Vismara | Angelita Palmigiano",
            "comments": []
        },
        {
            "post": "Lunedì scorso ho dato il benvenuto a 10 nuovi colleghi: donne e uomini rifugiati in Italia, dopo essere fuggiti dai loro Paesi d’origine, che seguiranno un percorso professionale come operatori ecologici e ai quali hashtag#AMSA offrirà la possibilità di frequentare gratuitamente corsi di italiano e di scuola guida per conseguire la Patente B. Un’idea inaspettata, che è diventata realtà grazie al contributo di tutti. Proud to be hashtag#a2alifecompany!",
            "comments": []
        },
        {
            "post": "Grazie Giulia! È stata una bella occasione per parlare di hashtag#amsa e di hashtag#a2alifecompany facendo conoscere la nostra realtà",
            "comments": []
        },
        {
            "post": "per il secondo anno AMSA partecipa al hashtag#Fuorisalone con Unwanted Furniture, attraverso un'esposizione allineata ai nostri valori e ai principi della hashtag#ciculareconomy",
            "comments": []
        },
        {
            "post": "Stay tuned ! hashtag#amsa hashtag#salonedelmobile",
            "comments": []
        },
        {
            "post": "https://lnkd.in/eEDsfPHPhashtag#Amsa e hashtag#opendot assieme per dare nuova vita agli oggetti hashtag#fuorisalone hashtag#circulareconomy",
            "comments": []
        },
        {
            "post": "A very interesting morning with hashtag#MIP students of the Master in Sustainability Management, sharing hashtag#a2a and hashtag#amsa experience in hashtag#sustainability and hashtag#circulareconomy",
            "comments": []
        },
        {
            "post": "Orgogliosi che anche quest’anno Amsa sia stata promossa dai cittadini di Milano con una valutazione media del 7,7 per i servizi di raccolta rifiuti, pulizia della città e canali di contatto con la cittadinanza, con particolare apprezzamento per la gestione della comunicazione durante l’emergenza sanitaria. Con l’aiuto e la partecipazione di tutti saremo in grado di indirizzare ancora meglio le priorità future per dare alla città un servizio sempre più puntuale: https://bit.ly/2TkeFLY hashtag#comunedimilano",
            "comments": []
        },
        {
            "post": "hashtag#amsa hashtag#aprica hashtag#wastecollection hashtag#circulareconomy high tech e digitalizzazione al servizio dei cittadini, grazie al nostro team di Customer Care !",
            "comments": []
        },
        {
            "post": "hashtag#silentheroes hashtag#amsa",
            "comments": []
        },
        {
            "post": "We love Milan ! hashtag#silentheroes hashtag#amsa",
            "comments": []
        },
        {
            "post": "Politecnico di Milano sempre più in alto secondo QS World University Rankings . Dal 2016 scala 7 posizioni per Ingegneria, 6 posizioni per Architettura e 5 per Design. https://lnkd.in/dGahUnsIl Rettore ringrazia gli Alumni: \"Un pensiero va alla comunità dei nostri Alumni, sempre più attiva per l'Ateneo e attenta a restituire parte del suo successo. Un sentimento di orgoglio e di riconoscenza, su cui contiamo per il nostro futuro\"",
            "comments": []
        },
        {
            "post": "it's time to be proud !",
            "comments": []
        }
    ]
}