{
    "name": "Fabrizia Esposito",
    "subtitle": "Buyer presso Piazza Italia S.p.A.",
    "location": "Naples, Campania, Italy",
    "about": "",
    "experiences": [
        [
            "Buyer",
            "Piazza Italia S.p.A.",
            "Jul 2012 - Present · 11 yrs 11 mos"
        ],
        [
            "Buyer",
            "Capri s.r.l (Alcott & Gutteridge)",
            "Sep 2010 - Jun 2012 · 1 yr 10 mos",
            "Nola",
            "Produzione:\nRicerca e sviluppo fornitori. Trattative prezzi basata sull’analisi comparata del livello dei prezzi stagione per stagione. Compilazione delle PI per definire modalità di spedizione e pagamento. Carico ordine in magazzino con sistema AS400.\nCampioni:\nAnalisi dei campioni in collaborazione con l’ufficio stile e il responsabile ufficio acquisti (per controllo colori, taglie e analisi prezzi, quantità etc…). Controllo fitting in collaborazione con l’ufficio modellistico e sdifettamento del capo. \nAltro:\nMonitoraggio delle date di spedizione per la merce realizzata. Controllo qualità sui campioni di spedizione e gestione delle eventuali contestazioni. Trasferte all’estero per visite ai fornitori, programmazione delle produzioni e controlli qualità."
        ],
        [
            "Responsabile Ufficio Acquisti",
            "Gio.el Moda s.r.l",
            "Sep 2009 - Aug 2010 · 1 yr",
            "Casagiove"
        ]
    ],
    "posts": []
}