{
    "name": "Arnaud PREVOT",
    "subtitle": "CFO ENGIE Italia",
    "location": "Milan, Lombardy, Italy",
    "about": "",
    "experiences": [
        [
            "Chief Financial Officer",
            "ENGIE Italia · Permanent",
            "Sep 2022 - Present · 1 yr 9 mos",
            "Milan, Lombardie, Italie"
        ],
        [
            "Chief Financial Officer",
            "ENGIE SOLAR / ENGIE RENEWABLES · Permanent",
            "Jan 2017 - Aug 2022 · 5 yrs 8 mos",
            "Région de Paris, France"
        ],
        [
            "Deputy Director FP&A",
            "ENGIE",
            "Jan 2016 - Jan 2017 · 1 yr 1 mo",
            "Région de Paris, France",
            "Finance Planning & Analysis ENGIE France et Europe"
        ],
        [
            "FP&A Director",
            "ENGIE ENERGIE SERVICES · Permanent",
            "Jan 2012 - Dec 2015 · 4 yrs",
            "Région de Paris, France"
        ],
        [
            "In charge of Commitment Committee",
            "GDF SUEZ Energy Services",
            "2007 - 2011 · 4 yrs",
            "Région de Paris, France"
        ]
    ],
    "posts": [
        {
            "post": "J’ai le plaisir de vous annoncer que je commence un nouveau poste de Chief Financial Officer chez ENGIE Italia .",
            "comments": []
        }
    ]
}