{
    "name": "Andrea Crespi",
    "subtitle": "Managing Director at Hyundai Motor Company Italy",
    "location": "Italy",
    "about": "",
    "experiences": [
        [
            "Managing Director",
            "Hyundai Motor Company Italy",
            "Apr 2013 - Present · 11 yrs 2 mos",
            "Milano"
        ],
        [
            "Marketing Director Ford Italy",
            "Ford Motor Comapny",
            "Apr 2012 - Present · 12 yrs 2 mos"
        ],
        [
            "Ford Motor Company",
            "2 yrs 4 mos",
            "Sales Director",
            "Jan 2011 - Apr 2012 · 1 yr 4 mos",
            "Director Vehicle Personalization Europe",
            "Jan 2010 - Dec 2010 · 1 yr"
        ]
    ],
    "posts": [
        {
            "post": "Con Hyundai Wall of the Future raccontiamo il futuro della mobilità e della vita quotidiana delle persone – un futuro migliore, più intelligente e sostenibile.Grazie a tutto il team per la passione e l'impegno profusi.",
            "comments": []
        },
        {
            "post": "Dopo aver conseguito una lunga serie di risultati positivi, il 2021 si è chiuso con un grande traguardo per Hyundai Italia con +35% di vendite e una market share del 3,1%. La crescita più alta tra i top brand è guidata dai modelli di punta TUCSON e IONIQ 5, quest’ultima in corsa per il premio Car of The Year 2022. Scopri di più qui: https://bit.ly/33mJtR4.",
            "comments": []
        }
    ]
}