{
    "name": "Marco Cittadini",
    "subtitle": "CEO Renantis' Division",
    "location": "Milan, Lombardy, Italy",
    "about": "CEO roles in renewables, advisory, energy management, energy efficiency, demand response | CEO Renantis Solutions Srl | President Renantis Energy Trading Srl | President Energy Team SpA | President Saet SpA | Advisor FIEE Investment Fund",
    "experiences": [
        [
            "Renantis",
            "7 yrs 3 mos",
            "Milan Area, Italy",
            "CEO Renantis Customers Division",
            "Full-time",
            "Mar 2017 - Present · 7 yrs 3 mos",
            "Heading Renantis' customer centric division focused on distributed generation investments, storage projects, energy management services and solutions (including hardware, software, demand response, PPA and advisory services), engineering, procurement and construction of HV smart connections and storage assets.",
            "CEO Renantis Solutions srl",
            "Full-time",
            "Sep 2018 - Present · 5 yrs 9 mos",
            "In charge of advanced energy management services (ex: demand response) and energy efficiency",
            "President Renantis Energy Trading S.r.l.",
            "Aug 2017 - Present · 6 yrs 10 mos",
            "In charge of energy management activities of the Falck Group assets (> 1 GW of renewable generation) and external stakeholders"
        ],
        [
            "President",
            "SAET SpA",
            "Jul 2021 - Present · 2 yrs 11 mos",
            "Padua, Veneto, Italy"
        ],
        [
            "President",
            "Energy Team S.p.A.",
            "Oct 2018 - Present · 5 yrs 8 mos",
            "Milan Area, Italy",
            "Smart solutions for energy efficiency management, innovative systems and components for the Industry 4.0"
        ],
        [
            "Advisory Board Member",
            "Fondo Italiano per l'Efficienza Energetica",
            "Jan 2018 - Present · 6 yrs 5 mos",
            "Milan Area, Italy"
        ],
        [
            "Member Board Of Directors",
            "Vector Cuatro Group",
            "May 2017 - Present · 7 yrs 1 mo",
            "Madrid Area, Spain"
        ]
    ],
    "posts": [
        {
            "post": "⚠️ MITI DELL’ENERGIA ⚠️Ci sono (ancora) troppi miti attorno al mondo dell’energia. Qui alcuni “duri a morire”1️⃣ Le rinnovabili sono n.1 per produzione elettrica = FALSO. Il carbone è ancora il leader mondiale (ma rinnovabili crescono velocemente) 2️⃣ Rinnovabili = elettricità ⚡️ gratis: MEGA FALSO. Le rinnovabili sono un bene e importanti ma richiedono investimenti per creare gli impianti e le infrastrutture associate (e si pagano con le bollette) 3️⃣ Petrolio 🛢️ = macchine 🚗: FALSO. La mobilità su strada è il n.1 consumatore di petrolio, ma i settori dove la crescita e’ maggiore sono aerei ✈️, camion 🚛 e petrolchimico4️⃣ La benzina è costosa = DIPENDE. Un litro di benzina costa come 33 cl di acqua in bottiglia (‼️) e la maggior parte sono tasse..5️⃣ Usiamo solo elettricità ⚡️= FALSO. Elettricità copre solo il 25% dell’energia che consumiamo 6️⃣ Abbiamo raggiunto il picco di domanda di petrolio 🛢️ = QUASI (forse)…  con 103 milioni barili al giorno siamo al record storico di consumo7️⃣ Il mondo 🌍 non ha più bisogno di carbone = MAGARI. La domanda globale di carbone ha raggiunto nuovi massimi  con quasi 8.5 miliardi di tonnellate consumate 8️⃣ Il vento 💨 e il sole ☀️ sono la fonte principale di elettricità pulita = NON ANCORA. L’idroelettrico (e il nucleare) producono di più (per il momento) 9️⃣ Le fonti fossili (petrolio, gas e carbone) non ci servono più = MOLTO FALSO. Le alternative crescono in fretta ma le fonti fossili fanno ancora più del 75% del consumo totale di energia 🔟 Rinnovabili = sole e vento. FALSO. Le bioenergie da sole fanno il 55% dell’energia rinnovabile che usiamo E la lista continua…hashtag#energia hashtag#innovazione hashtag#sostenibilita hashtag#rinnovabili Luca Dal Fabbro Francesco Gattei Lapo Pistelli Barbara Terenghi Stefano Venier Paolo Scaroni",
            "comments": []
        },
        {
            "post": "Thank you ARS TECH to make it possible together with us Renantis",
            "comments": []
        },
        {
            "post": "📢 CER e altre Configurazioni di Autoconsumo per la Condivisione dell'Energia Rinnovabile (CACER) – il GSE (Gestore Servizi Energetici) ha ufficialmente attivato i portali online per la presentazione delle richieste di accesso agli incentivi.Ma quali sono questi contributi e chi può beneficiarne? Non è sempre facile riuscire a districarsi tra tipologie di incentivo, requisiti e documentazione necessaria. È qui che entra in gioco il nostro team, a tua disposizione per accompagnarti nel percorso verso la costituzione di una CACER e l’ottenimento dei contributi previsti dal GSE.Scopri di più 👇 e contattaci 👉 https://lnkd.in/dJbJW3Nnhashtag#CACER hashtag#CER hashtag#ComunitàEnergeticheRinnovabili",
            "comments": []
        },
        {
            "post": "Dream team, Alessia Marchetti! Bravi",
            "comments": []
        },
        {
            "post": "🇮🇹Technical advisory durante lo sviluppo, owner engineering durante la costruzione e asset managenet durante la fase di operation, questa è la ricetta per garantire l’eccellenza e la massima performance globale. Troppo spesso l’asset management viene visto come una necessità quando l’impianto è ormai prossimo all’esercizio e per il cliente questo significa un maggior costo per risolvere all’ultimo minuto problemi piccoli o grandi che si sono accumulati nelle precedenti fasi e che rischiano di ritardare la messa in esercizio degli impianti. Il valore aggiunto di Vector Renewables è proprio nella sua capacità di seguire l’intera vita degli impianti su tutta la catena del valore, garantendo continuità e l’esperienza locale in tutti i paesi dove opera. Il servizio fornito a Cero Generation sull’agrivoltaico di Pontinia è il simbolo di come la presenza di un unico partner dalla costruzione all’esercizio e di un team capace di cooperare tra le diverse business line garantisca il successo. 🇬🇧 Technical advisory during development, owner engineering during construction and asset management during operation, this is the recipe to grant excellence and maximum global performance. Too many times asset management is seen as a necessity only when the asset get closer to operating date and for the client this means an increase of cost to solve last minute small or big issues cumulated in previous phases with the risk to compromise the operation kick-off of the assets. Added value of Vector Renewables stand in its capability to oversee the entire lifetime of the assets and the complete value chain, granting continuity and local expertise in all the countries where offers its services. Service delivered to Cero Generation on the Agri-Solar PV in Pontinia is the case in which a unique partner and a strong team able to cooperate among different business lines is warranty of success.hashtag#agrivoltaico hashtag#renewables hashtag#teamwork",
            "comments": []
        }
    ]
}