{
    "name": "Marco Latorre",
    "subtitle": "Marketing Manager | Italy, UK&IE, SEE, Nordics, BELNAF | #GridSoftware | #EnergyTransition",
    "location": "Milan, Lombardy, Italy",
    "about": "B2B Marketing, Communications, Media Relations, Digital PR, MarCom",
    "experiences": [
        [
            "Siemens",
            "13 yrs 4 mos",
            "Marketing Manager",
            "Full-time",
            "May 2023 - Present · 1 yr 1 mo",
            "Global Marketing Professional",
            "Full-time",
            "Jun 2022 - May 2023 · 1 yr",
            "Milano",
            "Communications at Siemens Italy",
            "Feb 2011 - Jun 2022 · 11 yrs 5 mos",
            "Milano, Via Vipiteno 4"
        ],
        [
            "MarCom professional",
            "Aliopera",
            "May 2010 - Jan 2011 · 9 mos",
            "in qualità di marcom manager presso Aliopera mi sono occupato di - in collaborazione con l'agenzia - ideare, gestire ed infine realizzare l'evento \"Masterclass di interpretazione liederistica con Helmut Deutsch\" che si è concluso con il concerto di Lied presso la casa museo Bagatti Valsecchi di Milano\n\nhttp://archiviostorico.corriere.it/2010/novembre/11/Deutsch_dirige_Lied_tedesco_co_7_101111048.shtml"
        ]
    ],
    "posts": [
        {
            "post": "Che ingenuità! Che ignoranza!Mi ricordo anni fa, le prime volte in cui sentivo parlare di riciclo dei materiali in un'ottica di sostenibilità e risparmio delle risorse.Fra me e me ragionavo e la critica era sempre la stessa: sì, bella idea, ma riciclare i materiali di un manufatto (una batteria, per es.) ci costa molta più energia e risorse di quanto ci costerebbe produrlo a partire dal nuovo.E quindi non funziona.Perchè è stato progettato \"male\".Non ero consapevole del concetto di hashtag#ecodesign, ossia del fatto che già dalla progettazione bisogna considerare l'impatto ambientale del nostro prodotto. E non sapevo che l'80% del carbon footprint di un prodotto è inesorabilmente determinato durante questa fase.Come pure ignoravo che l’Ecodesign in tutte le fasi del ciclo di vita del prodotto non ha senso solo dal punto di vista ecologico. I modelli circolari di produzione e consumo che prevedono l’uso condiviso, il leasing, l’assistenza e la manutenzione, la riparazione, il riutilizzo, il rinnovamento, la rifabbricazione o il riciclaggio di materiali e prodotti esistenti il più a lungo possibile e in cicli continui offrono, infatti, anche un valore economico aggiunto.Siemens ha adottato il hashtag#Robust hashtag#Eco hashtag#Design (RED) Approach, che specifica i requisiti per applicare ed attuare i principi di tutela del clima e della biodiversità, principi fondamentali del nostro DNA aziendale.Buona lettura!hashtag#digitalizzazione hashtag#sostenibilità",
            "comments": []
        },
        {
            "post": "🌟 New Release Alert: PSS SINCAL 20.5 🚀 We’re thrilled to announce the latest version of PSS SINCAL, packed with powerful enhancements for distribution networks and protection modeling.What's new? -Extended graphical resolution for distribution networks -Enhanced Grid Connections Module for configuring DERs, plus simulating reference cases and operating states-Improvements to UI and UX, and advanced colors modes applied in all protection functions.- Interface to device configuration files via Gridscale X™ Protection Data Manager (PDM): Import protection data seamlesslyPower up your network modeling! Start your PSS®SINCAL Trial Today! https://sie.ag/29G8b3 💡🔌💡🔌",
            "comments": []
        },
        {
            "post": "🔐 Are you responsible for cybersecurity in your organization? The energy sector faces unique cybersecurity challenges, but with the right strategies in place, you can ensure the protection of critical infrastructure. Discover the insights shared in Siemens Infrastructure's Whitepaper “Guarding the grid: NIS2 and cybersecurity for European energy utilities” and stay ahead of the game. Download now to learn about the EU’s revised cybersecurity regulation, cyberattacks in the energy system, and incident reporting. Safeguard your organization's future. Download now!",
            "comments": []
        },
        {
            "post": "\"We now know what our products are capable of, we know what the strengths are, and we are ready to take it to the next level. This is why Siemens EcoTech is such a game changer.\" 💚🌎 Dr. Eva Riesenhuber sits down with Tanguy Griffon and Axel Lorenz at HANNOVER MESSE to discuss how Siemens EcoTech is enabling our customers to make smarter decisions by providing full transparency on the environmental data of our products. hashtag#ScalingSustainabilityImpact hashtag#HM24",
            "comments": []
        },
        {
            "post": "⚡️How can you prevent hashtag#blackouts? ⚡️ Natural disasters are inevitable – and so are human errors. Avoid a large percentage of these with the right training!💡Ensure your control center runs safely and reliably by joining our hashtag#DisasterResponse and Mitigation Training. Gain practical, hands-on experience during the fault simulation – along with valuable theoretical know-how in collaboration with our partner hashtag#FAU. You can also develop soft skills to help prevent outages before they ever occur. 👉Sign up here: https://sie.ag/2EGppihashtag#disasterprevention",
            "comments": []
        },
        {
            "post": "⚡️How can you prevent hashtag#blackouts? ⚡️ Natural disasters are inevitable – and so are human errors. Avoid a large percentage of these with the right training!💡Ensure your control center runs safely and reliably by joining our hashtag#DisasterResponse and Mitigation Training. Gain practical, hands-on experience during the fault simulation – along with valuable theoretical know-how in collaboration with our partner hashtag#FAU. You can also develop soft skills to help prevent outages before they ever occur. 👉Sign up here: https://sie.ag/2EGppihashtag#disasterprevention",
            "comments": []
        },
        {
            "post": "In a open, flexible and interoperable landscape where IT and OT are becoming more and more integrated hashtag#cybersecurity is the strategic key.🌐 The NIS2 directive is transforming the energy sector's approach to cybersecurity, and hashtag#Siemens can help you set up a roadmap to fulfill all the new regulations. Dive into the details of our comprehensive Whitepaper “Guarding the grid: hashtag#NIS2 and cybersecurity for European energy utilities” and discover how to achieve robust information security of OT architectures. Download here the doc!",
            "comments": []
        },
        {
            "post": "Make the most from hashtag#GreenHydrogen ⚡ 🏭 🌏 Boost your hashtag#decarbonization journey gaining insights into how a hashtag#GreenHydrogen plant should be planned and integrated into an industrial hashtag#PowerGrid to ensure a reliable, safe, and secure supply. 🌐 💡Join our hashtag#webinar, it starts on Thursday this week, 5.00 IST (Indian Standard Time): https://sie.ag/KucC2hashtag#Siemens hashtag#GridSoftware hashtag#PTI hashtag#EnergyTransition",
            "comments": []
        },
        {
            "post": "Bello e importante aver condiviso con i Service Provider italiani ed europei le modalità di partecipazione alla seconda asta di RomeFlex, che vedrà anche l'avvio del Mercato a ProntiAncora 20 giorni di tempo per iscrivere le risorse flessibili ai servizi di flessibilità di Roma!",
            "comments": []
        },
        {
            "post": "What does your journey to digital and sustainability transformation look like? 🧭 Join us on 17-18 July at Manchester Central for hashtag#SiemensTransform 👉 https://sie.ag/3tkQNc",
            "comments": []
        }
    ]
}