{
    "name": "Elodie T.",
    "subtitle": "Communication and Marketing Manager",
    "location": "Greater Paris Metropolitan Region",
    "about": "Multifaceted profile - including marketing, communication, sales and business development - developed in versatile positions.Extensive International expérience (7 years abroad, fluent in French, English and Italian).",
    "experiences": [
        [
            "Marketing and communication manager",
            "FAI Service Società Cooperativa",
            "Jan 2023 - Present · 1 yr 5 mos"
        ],
        [
            "Marketing and communication manager",
            "Eurotoll",
            "Jan 2023 - Present · 1 yr 5 mos"
        ],
        [
            "Marketing Manager",
            "Trenitalia France · Permanent",
            "Nov 2012 - Nov 2022 · 10 yrs 1 mo",
            "Paris Area, France",
            "360 marketing\nMarketing: products & services, strategic & operational, direct & digital\nCommunication, brand management, advertising, media planning, PR and sponsoring.\nEditorial website, e-commerce platform, Social Networks.\nCustomer relationship management, complaint management.\n\nFrench, Italian and English speaking markets."
        ],
        [
            "Sales Representative",
            "Hotel Villa Massalia Concorde Marseille",
            "Aug 2011 - Nov 2012 · 1 yr 4 mos",
            "Marseille Area, France",
            "Prospection and sales calls."
        ],
        [
            "Marketing Co-Director (online volunteering)",
            "Ashraya Initiative for Children (AIC)",
            "Nov 2009 - Oct 2012 · 3 yrs",
            "télétravail",
            "Online volunteering (10 to 15 hours per week)\nDirector of a 501.c.3 registered non-profit, providing food, shelter, medical aid, and education programs to street women and children in Pune, India. \nIn charge of building up the Marketing team as well as defining and implementing the marketing strategy and actions plans."
        ]
    ],
    "posts": [
        {
            "post": "\"Accepteriez-vous 16% de moins ? Alors, pourquoi les femmes le devraient-elles ?\"Une campagne très explicite et très bien pensée sur l'égalité hommes/femmes au travail imaginée par l'agence Ginger Monkey LLP pour Indeed, India.",
            "comments": []
        },
        {
            "post": "Pour travailler avec moi ! Je compte donc sur vous pour faire circuler et me recommander ! 🙂",
            "comments": []
        },
        {
            "post": "La hashtag#RATP est heureuse de partager un pan de son histoire à travers une vente aux enchères exceptionnelle d’objets dits « réformés ». Les bénéfices de cette vente seront intégralement reversés au Recueil Social de la RATP. Ça commence aujourd’hui 🚇👇bit.ly/3l93wZd",
            "comments": []
        }
    ]
}