{
    "name": "Maurizio Riboldi",
    "subtitle": "Staff Development/ Gestione Risorse Umane /Organizzazione e sviluppo/HR Business Partner/HR Manager",
    "location": "Monza, Lombardy, Italy",
    "about": "Professionista nella gestione Risorse Umane dal 2004 , inizialmente presso un  Agenzia per il lavoro approcciandomi al processo di selezione e  alla gestione a 360° del cliente,  specializzandomi poi dal 2007 in  Beta Utensili sulla parte di  organizzazione, sviluppo, selezione e training con focus sul plant produttivo principale. Come Direzione HR la nostra mission  è quella di assicurare una gestione efficace ed efficiente delle Risorse Umane  garantendo un contesto lavorativo positivo e politiche di worklife balance che valorizzino le potenzialità delle Risorse. Aperto al confronto con i colleghi di  tutti i livelli aziendali, i valori che mi guidano sono coerenza e proattività. Appassionato di sport, in particolare basket e tennis.",
    "experiences": [
        [
            "Beta Utensili S.p.A.",
            "Full-time · 16 yrs 7 mos",
            "Staff Development",
            "Sep 2023 - Present · 9 mos",
            "Sovico, Lombardia, Italia · On-site",
            "A riporto dell'AD responsabilità dello sviluppo staff. Responsabilità dei processi di selezione, formazione, compensation e gestione Risorse Umane . Coordinamento nella gestione politiche HR con le altre aziende del gruppo. Supervisione delle attività di HR Specialist.",
            "HR Specialist",
            "Nov 2007 - Sep 2023 · 15 yrs 11 mos",
            "Sovico",
            "Gestione dei  principali processi legati alle Risorse Umane , con focus  sul main Plant  produttivo  Beta Utensili di Sovico. \nGestione processo di selezione e società di recruiting.\nGestione delle relazioni sindacali di stabilimento, partecipazione attiva alle trattative sindacali aziendali e ai rinnovi contratti di II livello,  supporto alla definizione delle politiche retributive, gestione diretta del Personale dell' impianto produttivo di Sovico  e del processo disciplinare.\nPianificazione e cura degli interventi di formazione e sviluppo delle Risorse Umane di gruppo .\nOrganizzazione di piani formativi finanziati dai fondi interprofessionali.\nGestione processi di implementazione del Welfare aziendale.\nCollaborazione diretta con R.S.P.P per supporto nella gestione della sicurezza sul lavoro per lo stabilimento principale.\nGestione in autonomia del Medico competente e delle limitazioni sanitarie.\nSupervisione all'applicazione delle Policy aziendali."
        ],
        [
            "Office Manager",
            "Startpeople SpA",
            "Apr 2004 - Nov 2007 · 3 yrs 8 mos",
            "2007-Responsabile commerciale Filiale di Cernusco Sul Naviglio - Gestione diretta di 3 Risorse, del processo di selezione e gestione  dei key clients.\n2004-2006 Gestore Risorse Umane - Filiale di Monza\nGestione commerciale clienti, screening e selezione diretta, gestione del personale di Filiale."
        ]
    ],
    "posts": [
        {
            "post": "Have you heard?!?! The new institutional website of BetaGroup is now online! The Beta Group website is online, a virtual space that brings togetherfor the first time information about the totality of our group and its companies, starting from Beta's 100-year history to its latest acquisitions, reviewing values, production, and social responsibility, with a focus on people and a section dedicated to the media.Discover the website: www.gruppo-beta.com",
            "comments": []
        },
        {
            "post": "Oggi a 📍 Roma, nella cornice della Luiss Business School, si è tenuta la XXI Giornata della Formazione Manageriale ASFOR - Associazione Italiana per la Formazione Manageriale: l'evento annuale dedicato ai temi più attuali della cultura d'impresa e della hashtag#managementeducation.In questa occasione il nostro Presidente e CEO Roberto Ciceri è stato premiato da Marco Vergeat con l’ASFOR Award for Excellence 2023 🏆, un importante riconoscimento che celebra l’eccellenza nel campo dell'hashtag#imprenditorialità e del hashtag#management, conferitogli per il talento imprenditoriale e la visione con cui ha condotto il hashtag#GruppoBeta lungo un percorso di hashtag#crescita e consolidamento continui, costruendo una squadra di oltre 1.000 persone e perseguendo significativi risultati di business in un’impresa che sa coniugare bellezza, tecnologia, benessere e produttività.Well Done!hashtag#BetaUtensili hashtag#BetaWellDone hashtag#Beta100",
            "comments": []
        },
        {
            "post": "Un’intervista che non ti aspetti... ai microfoni dell'insolito \"TG Suich\", condotto dall'intraprendente 15enne di Sovico (MB) Andrea Alessandro, il nostro Presidente e CEO Roberto Ciceri 🎤Scopri con noi la prima video pillola ⬇️ https://lnkd.in/dyX8_9JP hashtag#BetaUtensili hashtag#GruppoBeta hashtag#BetaWellDone",
            "comments": []
        },
        {
            "post": "Il giornalista sportivo guido meda è venuto a trovarci nella nostra sede di Sovico.È stato un piacere condividere con lui la visione di hashtag#Beta e la passione per i motori che ci lega e che da sempre ci contraddistingue.In foto, Meda con Roberto Ciceri (Presidente e CEO del hashtag#GruppoBeta) davanti alla storica March 741 n° 9 di Vittorio Brambilla.hashtag#BetaWellDone hashtag#BetaUtensili hashtag#ProudtobeBeta",
            "comments": []
        },
        {
            "post": "Nel 1938 Damiano Ciceri, figlio del fondatore, sposta l’attività nel paese di Sovico (MB), ancora oggi sede aziendale, e apre l’omonima stamperia in ferro e acciaio. Questo trasferimento gli permise di avvicinarsi alla Gilera di Arcore, primo produttore di moto in Italia e suo principale cliente, ma anche di conoscere Egidio Brugola, che aveva introdotto in Italia le viti a testa cava esagonale e che chiese alla futura hashtag#Beta di produrre degli utensili adeguati a manovrare le sue innovative viti.hashtag#PillolediStoria hashtag#BetaWellDone hashtag#BetaUtensili",
            "comments": []
        },
        {
            "post": "Investimenti, ampliamento delle risorse, ingresso di nuove realtà industriali d’eccellenza nel hashtag#GruppoBeta e progetti futuri sono solo alcuni dei temi raccontati dal nostro Presidente e Amministratore Delegato Roberto Ciceri, a Dino Bondavalli per hashtag#Libero. Buona lettura 📰hashtag#BetaWellDone hashtag#GruppoBeta hashtag#BetaUtensili",
            "comments": []
        },
        {
            "post": "Il progetto hashtag#BetaAbrasives nasce con la stessa audacia e passione per la hashtag#qualità, l’hashtag#eccellenzatecnica e l’impegno che contraddistinguono il hashtag#GruppoBeta. Grazie alle competenze produttive e all’affidabilità di ABRA BETA SPA, offriamo una vasta gamma di prodotti e un servizio tecnico puntuale ai professionisti del settore, perché il nostro unico modo di fare le cose è farle bene. Segui la pagina Beta Utensili S.p.A. per scoprire di più.hashtag#AbraBeta hashtag#BetaUtensili hashtag#BetaTools hashtag#BetaWellDone",
            "comments": []
        },
        {
            "post": "Anche questa edizione di Autopromotec è giunta al termine. È stato un piacere incontrare e conoscere partner, clienti, fornitori e tanti partecipanti! Ringraziamo tutti per esserci venuti a trovare allo stand, alla prossima dal hashtag#team Beta!hashtag#AutoPromotec2022 hashtag#BetaUtensili hashtag#BetaTools hashtag#BetaWellDone",
            "comments": []
        },
        {
            "post": "𝐏𝐀𝐑𝐎𝐋𝐄 𝐂𝐎𝐌𝐄 𝐌𝐀𝐂𝐈𝐆𝐍𝐈 “A volte nel nostro Paese ho l’impressione che ci sia un atteggiamento passivo nei confronti del presente.Un atteggiamento che sta sgretolando uno dei pilastri del nostro modo di stare insieme, del nostro modo di guardare al futuro.È come se si pretendesse di avere diritto ad un domani migliore senza essere consapevoli che bisogna saperlo conquistare.Io non sono un professore di storia e sociologia ma mi è capitato ogni tanto di pensare da dove nasca tutto ciò. La risposta che mi sono dato è che in modo paradossale ogni tanto le grandi conquiste portano a risvolti imprevedibile e non voluti.E così è successo nel ‘68, movimento di lotta pienamente condivisibile che ci ha permesso di compiere enormi passi avanti nelle conquiste sociali e civili ma che ha avuto purtroppo un effetto devastante nei confronti dell’atteggiamento verso il dovere.Oggi viviamo nell’epoca dei diritti. Il diritto al posto fisso, al salario garantito, al lavoro sotto casa, il diritto di urlare e sfilare, il diritto a pretendere. Lasciatemi dire che i diritti sono sacrosanti e vanno tutelati.Ma se continuiamo a vivere di soli diritti, di diritti moriremo.Perché questa evoluzione della specie crea una generazione molto più debole di quella precedente, senza il coraggio di lottare ma con la speranza che qualcun altro faccia qualcosa. Una specie di attendismo che è perverso ed è involutivo.Per questo credo che dobbiamo tornare ad un sano senso del dovere.Alla consapevolezza che per avere bisogna anche dare.Bisogna riscoprire il senso e la dignità dell’impegno, il valore del contributo che ognuno può dare al processo di costruzione dell’oggi e soprattutto del domani”.- Sergio Marchionnehashtag#sensodeldovere hashtag#dirittiedoveri hashtag#sergiomarchionne hashtag#ereditàmorale",
            "comments": []
        }
    ]
}