{
    "name": "Giovanna Sereni",
    "subtitle": "HR Director at Trillium Pumps Italy S.r.l. Gabbioneta Pumps",
    "location": "Milan, Lombardy, Italy",
    "about": "Experienced HR Manager with proven expertise in Human Resources Management. Skilled in Recruiting, Recruitment and Selection of Personnel (Retail / Corporate Sales), Performance Evaluation Processes (Human Resources HR) , Training & Development process; Payroll - Compensation structure design/maintenance; Internal Communication activities as Marketing communication plans elaboration; Employee-Industrial Relations strategies design; Labor Law definition / implementation ; Team development programs & personnel management",
    "experiences": [
        [
            "HR Director Trillium Pumps Italy S.r.l.",
            "Trillium Pumps Italy S.r.l. GAbbioneta Pumps",
            "Aug 2019 - Present · 4 yrs 10 mos",
            "Nova Milanese"
        ],
        [
            "HR Director",
            "Weir Gabbioneta srl",
            "Sep 2006 - Present · 17 yrs 9 mos",
            "milano Italy"
        ],
        [
            "HR manager",
            "Tetra Pak Hoyer spa",
            "Jun 2002 - Aug 2006 · 4 yrs 3 mos"
        ],
        [
            "HR Specialist",
            "Tetra pak",
            "Sep 1999 - 2002 · 2 yrs 5 mos",
            "Modena Area, Italy"
        ]
    ],
    "posts": [
        {
            "post": "E siamo arrivati al 5”anno del premio di scultura 👏👏👏 Grazie a tutti i partecipanti ( 55 progetti) !",
            "comments": []
        },
        {
            "post": "Giusto per completare la rassegna stampa...",
            "comments": []
        },
        {
            "post": "Yes !!!",
            "comments": []
        }
    ]
}