{
    "name": "Massimo Montecchi",
    "subtitle": "Marketing Manager at Dow Chemical",
    "location": "Greater Karlsruhe Area",
    "about": "",
    "experiences": [
        [
            "Marketing Manager",
            "Dow Chemical"
        ],
        [
            "Sales & Marketing Manager",
            "Dow Deutschland",
            "2000 - 2010 · 10 yrs"
        ]
    ],
    "posts": [
        {
            "post": "T'en Marco Ten Bruggencate",
            "comments": []
        }
    ]
}