{
    "name": "Stefano Martinalli",
    "subtitle": "Consigliere Delegato, Direttore Generale e CFO di Gruppo Autotorino S.p.A.",
    "location": "Sondrio, Lombardy, Italy",
    "about": "",
    "experiences": [
        [
            "Consigliere Delegato, Direttore Generale e CFO",
            "Autotorino",
            "1999 - Present · 25 yrs 5 mos",
            "Lombardia; Emilia Romagna; Piemonte; Friuli Venezia Giulia; Veneto."
        ],
        [
            "Direttore Commerciale",
            "Moiola Formaggi",
            "Jun 1996 - Oct 1999 · 3 yrs 5 mos",
            "Cosio Valtellino (SO)",
            "Responsabile acquisti e vendite per il mercato Italia, Francia, Svizzera, Germania."
        ],
        [
            "Socio fondatore",
            "Iniziativa Globo",
            "Jun 1989 - Jun 1995 · 6 yrs 1 mo",
            "Morbegno (SO)",
            "Consulente aziendale allo sviluppo e ottimizzazione della gestione."
        ]
    ],
    "posts": [
        {
            "post": "\"Prompt engineering is not about coding, is about creation\" ✨️  Abran Maldonado hashtag#OpenAILa prima giornata dell' hashtag#AIWeek evidenzia come le competenze multidisciplinari diano un vantaggio competitivo incolmabile. 🪢La formazione diventa un tema chiave di questo successo: che sia l' hashtag#IA tradizionale o la hashtag#GenAI, vanno formate tutte le persone, non solo tecniche, su come questa innovazione può (già) impattare la nostra quotidianità. 🤖🦾💪hashtag#AIAutotorino Luca Ceva Matteo Scutifero",
            "comments": []
        },
        {
            "post": "Nei giorni in cui il patrimonio di Ferrero supera quello di Zuckerberg, quando hashtag#Nutella \"vale\" più di hashtag#Facebook, voglio condividere un pensiero sulla hashtag#leadership prendendo spunto da questa notizia 📜 Parto da un documento scritto oltre 40 anni fa da Michele Ferrero per i dirigenti della sua azienda: “massime da seguire nei contatti con il personale“. Le riporto per chi non le ha mai lette 👇 1️⃣  Nei vostri contatti mettete i vostri collaboratori a loro agio:- Dedicate loro il tempo necessario e non le “briciole”- Preoccupatevi di ascoltare ciò che hanno da dirvi- Non date loro l’impressione che siate sulle spine- Non fateli mai sentire “piccoli”- La sedia più comoda del vostro ufficio sia destinata aloro 2️⃣  Prendete decisioni chiare e fatevi aiutare dai vostricollaboratori, essi crederanno nelle scelte a cui hanno concorso 3️⃣  Rendete partecipi i collaboratori dei cambiamenti ediscutetene prima della loro attuazione con gli interessati 4️⃣  Comunicate gli apprezzamenti favorevoli ailavoratori, quelli sfavorevoli comunicateli solo quando necessario, inquest’ultimo caso non limitatevi a una critica, ma indicate ciò che dovràessere fatto nell’avvenire perché serva a imparare 5️⃣  I vostri interventi siano sempre tempestivi: “Troppotardi” è pericoloso quanto “Troppo presto” 6️⃣  Agite sulle cause più che sul comportamento 7️⃣  Considerate i problemi nel loro aspetto generale enon perdetevi nei dettagli, lasciate ai dipendenti un certo margine ditolleranza 8️⃣  Siate sempre umani 9️⃣  Non chiedete cose impossibili 1️⃣ 0️⃣  Ammettete serenamente i vostri errori, vi aiuterà anon ripeterli. 1️⃣ 1️⃣  Preoccupatevi di quello che pensano di voi i vostricollaboratori. 1️⃣ 2️⃣  Non pretendete di essere tutto per i vostricollaboratori, in questo caso finireste per essere niente. 1️⃣ 3️⃣  Diffidate di quelli che vi adulano, a lungo andaresono più controproducenti di quelli che vi contraddicono. 1️⃣ 4️⃣  Date sempre quanto dovete e ricordate che spesso nonè questione di quanto, ma di come e di quando. 1️⃣ 5️⃣  Non prendete mai decisioni sotto l’influssodell’ira, della premura, della delusione, della preoccupazione, ma demandatelea quando il vostro giudizio potrà essere più sereno 1️⃣ 6️⃣  Ricordate che un buon capo può far sentire ungigante un uomo normale, ma un capo cattivo può trasformare un gigante in unnano 1️⃣ 7️⃣  Se non credete in questi principi, rinunciate adessere capi✔ Ok, quello che mi colpisce di queste regole è l'idea di mettere sempre al centro la hashtag#Persona e, a vedere i risultati, sembra che questa sia una scelta vincente, non solo una favoletta per buonisti Inoltre quello che traspare è che la caratteristica che deve contraddistinguere un buon capo/leader, in ogni ambito, è prima di tutto ESSERE UNA BRAVA PERSONA 👈 Avere dei hashtag#leader così, messi nei posti giusti, ci farà affrontare questi tempi difficili con una speranza rinnovata 😇",
            "comments": []
        },
        {
            "post": "hashtag#Autotorino e A2A insieme per la mobilità sostenibile: nasce il nuovo ecosistema integrato per la e-mobility, alimentato con energia da fonti 100% rinnovabili certificate da garanzia di origine.In 12 filiali di Autotorino sono già attivi i primi punti dove informarsi ed entrare in questa nuova dimensione.Scopri di più 🎯 https://bit.ly/AT-A2A",
            "comments": []
        },
        {
            "post": "A tutti voi dedichiamo l’apertura della nuova sezione ‘Vita Aziendale’ di questo nostro canale: confidiamo potrete conoscere meglio e più in profondità la nostra realtà, nonché l’impegno profuso da tutta la nostra Squadra nel condurre un progetto vitale, innovativo, coinvolgente e unico.>>> https://lnkd.in/d6HrFxSJ",
            "comments": []
        },
        {
            "post": "😳Autotorino di Castellanza aderisce all’offerta",
            "comments": []
        }
    ]
}