{
    "name": "Margherita Cappelletti",
    "subtitle": "➡️ HR Manager & 🔎 Recruiter Manager Regione Toscana e Sardegna",
    "location": "Arezzo, Tuscany, Italy",
    "about": "​💡 Toscana, appassionata di sport e viaggi!! Ho 2 genitori, 3 fratelli, 1 sorella ma soprattutto 5 nipotini!! Questo mi ha permesso di comprendere l'arte della 𝗰𝗼𝗹𝗹𝗮𝗯𝗼𝗿𝗮𝘇𝗶𝗼𝗻𝗲!🌿 Laureata in Scienze Biologiche, ho scelto questo corso di laurea perché spinta dalla mia 𝗰𝘂𝗿𝗶𝗼𝘀𝗶𝘁𝗮̀ di capire il perché delle cose!🏀Appassionata di pallacanestro, ho iniziato a giocare a 10 anni e non ho più smesso!! Da questo sport ho imparato il 𝗴𝗶𝗼𝗰𝗼 𝗱𝗶 𝘀𝗾𝘂𝗮𝗱𝗿𝗮 e l'𝗼𝗿𝗶𝗲𝗻𝘁𝗮𝗺𝗲𝗻𝘁𝗼 𝗮𝗶 𝗿𝗶𝘀𝘂𝗹𝘁𝗮𝘁𝗶!🚀Entro casualmente in Decathlon nel 2017, avevo necessità di un lavoro part time che mi permettesse di studiare, con grande stupore scopro un'azienda piena di opportunità!! Da quel giorno sono in continua evoluzione sul mio mestiere, grazie a formazioni e a un forte accompagnamento da parte dei miei leader!! Tutto questo 𝘀𝗲𝗻𝘇𝗮 𝘁𝗿𝗮𝘀𝗰𝘂𝗿𝗮𝗿𝗲 𝗶𝗹 𝗺𝗶𝗼 𝗯𝗲𝗻𝗲𝘀𝘀𝗲𝗿𝗲 𝗽𝘀𝗶𝗰𝗼𝗳𝗶𝘀𝗶𝗰𝗼, l’equilibrio tra vita lavorativa e privata è per me essenziale!➡️ Attualmente mi occupo di Gestione del personale e selezione per il negozio di Decathlon Figline ValdarnoContattami per scambiare insieme. Sarò felice di accoglierti nel mio network.✉️ margherita.cappelletti@decathlon.com✉️margherita.cappelletti@gmail.com",
    "experiences": [
        [
            "Decathlon Italia",
            "7 yrs 1 mo",
            "HR Manager",
            "Full-time",
            "Aug 2021 - Present · 2 yrs 10 mos",
            "Figline e Incisa Valdarno, Toscana, Italia",
            "Collaboro con lo store leader e lo store operation leader per gestire e sviluppare la fiducia del capitale umano del negozio.\nFacilito ogni collaboratore nella scoperta del quadro di gioco e della cultura di impresa Decathlon.\nAccompagno il collaboratore sulle tematiche della diversità (disabili, genere, ageing, ecc.).\n\nCollaboro con lo store leader e lo store operation leader nella costruzione di un conto economico redditizio.\nPredispongo costantemente un pilotaggio affidabile dei costi del personale.\n\nAssicuro a ciascun collaboratore una busta paga puntuale e senza errori.\nI contratti sottoscritti dai nostri collaboratori rispettano la normativa vigente.\nGarantisco il rispetto delle tempistiche e delle scadenze amministrative.\n\n\nPartecipo attivamente nei processi di selezione dei profili, per contribuire alla creazione di una squadra negozio qualitativa.",
            "Responsabile di negozio",
            "Full-time",
            "Nov 2019 - Aug 2021 · 1 yr 10 mos",
            "Colle di Val d'Elsa, Toscana, Italia",
            "Integro e accompagno i collaboratori nel processo di acquisizione delle competenze e di\nsviluppo dell’autonomia decisionale, valorizzando il talento di ogni mio collaboratore\n\nFaccio vivere il management e le strategie dell'azienda, contribuendo a creare un ambiente armonioso collaborativo e stimolante.\n\nSono imprenditore della mia attività di reparto: ho una politica commerciale, una\ntraiettoria a 12 mesi, prendo con la mia squadra le decisioni necessarie a garantire i miei\nobiettivi economici per creare valore\n\nPianifico e organizzo le risorse per soddisfare efficacemente i bisogni e le richieste degli\nutilizzatori sportivi ( organizzazione, sicurezza, amministrazione del personale )",
            "Venditore",
            "May 2017 - Nov 2019 · 2 yrs 7 mos",
            "Arezzo, Toscana, Italia",
            "Garantisco a tutti gli utilizzatori sportivi un'esperienza d'acquisto omni canale differenziante proponendo tutti i prodotti e servizi Decathlon;\n\nPartecipo attivamente insieme ad il mio team alla concretizzazione del Progetto Commerciale del mio Negozio;\n\nGarantisco una gestione del servizio clienti, avendo piena consapevolezza delle pratiche e delle procedure dei vari servizi e fiscali;\n\nGarantisco una gestione della logistica delle merci e partecipo attivamente all'approvvigionamento delle merci e alla disposizione di queste nei vari reparti;\n\nResponsabile delle relazioni con le società sportive locali al fine di stabilire partnership e relazioni economiche durature  \n\nPartecipo attivamente alla comunicazione negozio attraverso social ( Facebook, app, Instagram )"
        ],
        [
            "Studente in Biotecnologie Molecolari",
            "Università degli Studi di Firenze",
            "Sep 2015 - Present · 8 yrs 9 mos",
            "Firenze, Italia",
            "Studente in Biotecnologie molecolari ( laurea magistrale ). \nIl Corso di Laurea in Biotecnologie Molecolari propone un percorso che spazia tra le discipline chimiche e quelle biologiche con l’aggiunta di discipline dedicate alle competenze professionali industriali. Gli obiettivi sono quelli di fornire una formazione culturale scientifica e tecnologica che garantisca al laureato magistrale di possedere conoscenze approfondite dei seguenti aspetti: struttura, funzione ed analisi delle macromolecole biologiche e dei processi cellulari, genetica cellulare, metodologie bioinformatiche ed organismi modello, progettazione di prodotti biotecnologici e biomolecole, biologia strutturale, espressione high-throughput di proteine, analisi delle interazioni biomolecolari.\n  I laureati in Biotecnologie Molecolari grazie all’ottimo livello di competenza che raggiungeranno, potranno operare in vari ambienti: in particolare, potranno\n\n1) svolgere ruoli di ricerca e gestione nelle produzioni bioindustriali e dei vari processi di trasformazione ad esse connessi, 2) svolgere attività di promozione e sviluppo della ricerca innovativa scientifica e tecnologica nell’industria biotecnologica diagnostica, chimica, ambientale, agro-alimentare, 3) intraprendere attività professionale privata in studi di consulenza e controllo nei vari settori da quelli più propriamente industriali a quelli forensi ed ambientali; 4) svolgere attività di elevata responsabilità nel campo della ricerca scientifica applicata alle biotecnologie."
        ],
        [
            "Operatore Fiscale e Tributario presso Acli Firenze",
            "Acli - Associazioni cristiane lavoratori italiani",
            "Mar 2015 - Jul 2015 · 5 mos",
            "Firenze, Italia",
            "Assistenza fiscale e previdenziale a favore di lavoratori dipendenti, autonomi, pensionati. \nIn particolare:\n- compilazione del modello 730 e redditi persone fisiche\n- compilazione del modello Unico ditte individuali\n- compilazione ISEE (Indicatore della Situazione Economica Equivalente )\n- calcolo e generazione di F24 di IMU e TASI"
        ]
    ],
    "posts": [
        {
            "post": "📣𝐇𝐄𝐑𝐄 𝐖𝐄 𝐆𝐎📣Come direbbe Fabrizio Romano, \"Ci siamo\"!Decathlon Italia ricerca per il punto vendita di 𝗣𝗿𝗮𝘁𝗼 un/una 𝗗𝗲𝗽𝗮𝗿𝘁𝗺𝗲𝗻𝘁 𝗠𝗮𝗻𝗮𝗴𝗲𝗿.📌\"Respiri” lo 𝘀𝗽𝗼𝗿𝘁 e ne condividi i valori📌Sei 𝗰𝘂𝗿𝗶𝗼𝘀𝗼/𝗮 e 𝗽𝗿𝗼𝗽𝗼𝘀𝗶𝘁𝗶𝘃𝗼/𝗮📌Sei sempre alla ricerca di nuove sfide e metti il 𝗰𝗹𝗶𝗲𝗻𝘁𝗲 𝗮𝗹 𝗰𝗲𝗻𝘁𝗿𝗼 di tutto ciò che fai📌Ti distingui per 𝗲𝘀𝗶𝗴𝗲𝗻𝘇𝗮 e 𝘀𝗲𝗻𝘀𝗼 𝗱𝗲𝗹 𝘀𝗲𝗿𝘃𝗶𝘇𝗶𝗼📌La tua 𝗹𝗲𝗮𝗱𝗲𝗿𝘀𝗵𝗶𝗽 sarà fondamentale per guidare il tuo team e far crescere l'attività commerciale come un vero campioneCCNL Terziario Distribuzione e Servizi🏀Contratto a tempo Determinato (12 mesi) con possibilità di conferma a Tempo Indeterminato𝗙𝘂𝗹𝗹 𝘁𝗶𝗺𝗲: 40 ore su 5 giorni settimanali𝗥𝗔𝗟 𝗶𝗻𝗶𝘇𝗶𝗮𝗹𝗲: 26.600€𝗩𝘂𝗼𝗶 𝗰𝗮𝗻𝗱𝗶𝗱𝗮𝗿𝘁𝗶 𝗼 𝗰𝗼𝗻𝗼𝘀𝗰𝗶 𝗾𝘂𝗮𝗹𝗰𝘂𝗻𝗼 𝗽𝗼𝘁𝗲𝗻𝘇𝗶𝗮𝗹𝗺𝗲𝗻𝘁𝗲 𝗶𝗻𝘁𝗲𝗿𝗲𝘀𝘀𝗮𝘁𝗼/𝗮?🔗Ecco il link: https: //https://lnkd.in/dY6pTzur📷 Perchè questa foto?Potrebbero essere i/le tuoi/e nuovi/e compagni/e di viaggio!😁 Questa è l'equipe di Prato capitanata magistralmente da Federico DelfiniSe hai bisogno di informazioni aggiuntive e/o curiosità non esitare a contattarmihashtag#sportèdovestiamobenehashtag#hiring hashtag#leader hashtag#ricerca hashtag#job_opportunities hashtag#career",
            "comments": []
        },
        {
            "post": "👇👇👇👇",
            "comments": []
        },
        {
            "post": "👇👇👇👇👇👏👏👏",
            "comments": []
        },
        {
            "post": "👏👏👏👏😊",
            "comments": []
        },
        {
            "post": "🔴 \"Voglio fare un appello a tutti i ragazzini che soffrono quando hanno qualcosa di strano e non si vedono belli allo specchio.La vita è bella e bisogna affrontarla senza nascondersi.I miei ragazzi hanno sofferto in questi giorni nel vedermi così.Ho sentito in giro dire che sono morto, che ho un mese di vita...State tranquilli che non muoio, sono vivo.Ho una malattia immune, si chiama miastenia, ringrazio i medici che mi curano. Sono dieci anni che ci soffro, è la terza volta che mi succede, questa volta mi ha preso forte.Passerà, l'occhio tornerà a posto.Non sono bello da vedere ma tranquilli passerà anche questo.Ho sofferto, vedo doppio da un occhio, è difficile anche stare in piedi. Solo un matto come me può stare in piedi con questo problema.Non mi piace avere momenti così, io voglio essere sempre cazzuto, sempre sul pezzo.Devo accettarlo perché c'è di peggio nella vita.Faccio quello che mi piace, che è la mia vita.E se un giorno devo decidere come andarmene, voglio farlo dove ho trascorso una vita.In mezzo al campo.\"Rino Gattuso, dopo il match tra Napoli e Torino.❤️⚽️",
            "comments": []
        },
        {
            "post": "Il nostro progetto di inclusione si basa su 4 pilastri importanti: inserimento e formazione, assunzione, conservazione del posto di lavoro, ambiente protetto e adatto alla persona disabile. Lo facciamo da 20 anni, senza stancarci mai.",
            "comments": []
        },
        {
            "post": "SPORT FOR THE MANY 🏀🏈⚾🥎🏐",
            "comments": []
        },
        {
            "post": "Torneremo a fare sport... ancora più di prima! Non vedo l'ora che i Club e le Associazioni Sportive possano aprire di nuovo le loro porte a tutti!Sono convinto che questo periodo possa servire da spinta (anzichè da freno) e renderci ancora più consapevoli di quanto lo Sport sia un bene prezioso, che DEVE e DOVRA' SEMPRE essere accessibile a tutti.Questo è anche in parte il motivo per cui sto cercando nuovi Club che siano interessati ad una partnership con Decathlon Italia. Insieme per tempi migliori. hashtag#DECAclubConosci un Club adatto? Vuoi maggiori informazioni sui termini e le condizioni? Sentiti libero/a di lasciare un commento o inviarmi un messaggio in privato. Grazie!",
            "comments": []
        },
        {
            "post": "Per la nuova sede di Avellino siamo alla ricerca di qualcuno che giochi in squadra con noi! Scopri subito le posizioni aperte: https://bit.ly/36IfG55",
            "comments": []
        },
        {
            "post": "Sabato 24 Ottobre Everesting per raccolta fondi per i malati oncologici e i loro familiari.Dona anche tu:https://lnkd.in/dDp98UZ",
            "comments": []
        },
        {
            "post": "Se i traguardi da raggiungere non ti spaventano e sei più rapido di un fulmine, qui abbiamo la posizione giusta per te: https://lnkd.in/dBAsKyG",
            "comments": []
        },
        {
            "post": "Crediamo in uno sport accessibile a tutti, per questo il nostro team italiano ha ideato 3 nuovi prodotti che si aggiungono alla collezione sport per disabili.",
            "comments": []
        },
        {
            "post": "La nostra Squadra del cuore? LA TUA!Supportare e sostenere le Società Sportive del territorio è una mission ancora più importante oggi, in attesa dell’auspicabile ripresa delle attività collettive!!Non solo l’offerta di Decathlon Italia si amplia, ma i vantaggi per le realtà che sottoscrivono GRATUITAMENTE la Carta Club aumentano e danno la concreta possibilità di rinnovare stagione per stagione l’attrezzatura sportiva! QUESTO è lo SPORT ACCESSIBILE A TUTTI! hashtag#avantitutta hashtag#collettività",
            "comments": []
        },
        {
            "post": "👇👇👇👇👇👇",
            "comments": []
        },
        {
            "post": "Siamo convinti che lo sport faccia bene e siccome non siamo i soli a pensarlo, apriamo oltre 40 negozi per le categorie merceologiche permesse. hashtag#sportacasa",
            "comments": []
        },
        {
            "post": "Insieme per aiutarci!!! Popoliamo tutti la stessa Terra e adesso più che mai stiamo capendo quanto è importante la collaborazione!!",
            "comments": []
        },
        {
            "post": "Perchè la Fondazione Decathlon è così speciale?Perchè da 15 anni offriamo non solo sostegno finanziario alle associazioni del territorio, con l'obiettivo di \"rendere accessibile lo sport al maggior numero di persone in difficoltà\", ma anche sostegno umano. Ogni progetto viene sempre presentato alla nostra Fondazione da un'associazione e da almeno un nostro collaboratore, insieme. I nostri collaboratori si impegnano, extra lavoro, a offrire il loro tempo, la loro competenza sportiva e la loro energia come volontari presso l'associazione, per aiutarla a raggiungere i propri obiettivi. Spesso nasce un rapporto che va al di là del progetto e che dura negli anni: il caso di Sportfund e Decathlon Bologna è solo l'ultimo di una lunga serie. Fiera di avere come colleghi persone come Marco Bonazzi, fiera di avere aiutato con la nostra Fondazione nove associazioni del territorio bolognese capitanate da Sportfund.hashtag#decathlonfoundation hashtag#sportpertutti",
            "comments": []
        },
        {
            "post": "In una situazione di emergenza sanitaria come quella attuale e in estrema carenza di presidi respiratori ordinari, nell’attesa dei test e delle sperimentazioni in corso presso il Politecnico di Milano e sulla base delle risultanze del brevetto della Società Isinnova abbiamo deciso di donare 10.000 unità delle nostre maschere da snorkeling Easybreath alle regioni italiane, responsabili della sanità pubblica. La chiave di distribuzione utilizzata sarà la quota di accesso abitualmente adottata per la ripartizione dei fondi statali. https://bit.ly/39fMdgh",
            "comments": []
        },
        {
            "post": "Non si può uscire? Approfittiamone per fare un po’ di hashtag#sportacasa 💪🏻Attenzione però... alzarsi dal divano e aprire il frigorifero non valgono come attività sportive 😉hashtag#decathlonitalia hashtag#sport",
            "comments": []
        },
        {
            "post": "👇👇",
            "comments": []
        },
        {
            "post": "We did it ... Thanks to a great team we have launched an amazing store where we have needed us...let’s start a new adventure for Decathlon in Sweden. hashtag#decathlon",
            "comments": []
        },
        {
            "post": "🏀❤..",
            "comments": []
        },
        {
            "post": "In ufficio abbiamo la doccia, ad 1km la ciclabile: due buone ragioni per fare sport a pranzo. Esco dalla porta che conduce al negozio in tenuta da runner. Non ho un gilet, non ho il badge, ma la signora che incrocia il mio sguardo non ha esitazioni: \"senta, i guanti da calcio?\". Mi piace pensare che abbia fatto una semplice associazione: sportiva=decathloniana. Nel 2019 abbiamo aperto nuovi negozi, con nuove opportunità di vivere la passione a lavoro:",
            "comments": []
        },
        {
            "post": "hashtag#Sosteniamoci",
            "comments": []
        },
        {
            "post": "Lo sport è parte di chi siamo e per renderlo accessibile al maggior numero di persone Decathlon Arezzo cerca praticanti regolari di una disciplina sportiva, riconosciuti per la loro passione.Se sei un sportivo e ti riconosci nei nostri valori, inoltra la tua candidatura cliccando sul link in basso!",
            "comments": []
        },
        {
            "post": "#RicercaUNIFI| Scoperto dai ricercatori dell'Ateneo in una meteorite uno dei minerali più abbondanti all’interno della Terra. Lo studio è stato pubblicato su Nature. goo.gl/tGc3qx",
            "comments": []
        }
    ]
}