{
    "name": "CUOCCIO MICHELE",
    "subtitle": "CFO at Bricoman italia",
    "location": "Milan, Lombardy, Italy",
    "about": "",
    "experiences": [
        [
            "CFO",
            "BRICOMAN",
            "Oct 2011 - Present · 12 yrs 8 mos",
            "Milano"
        ],
        [
            "CFO",
            "Bricocenter Italia",
            "Jan 2001 - Sep 2011 · 10 yrs 9 mos"
        ],
        [
            "Controller",
            "UNES SUPERMERCATI",
            "1999 - 2001 · 2 yrs"
        ],
        [
            "Senior audit",
            "PwC",
            "1996 - 1999 · 3 yrs"
        ]
    ],
    "posts": []
}