{
    "name": "Giulietta Lemmi",
    "subtitle": "SVP - CEO Wolters Kluwer Italia &  Legal Software LR Wolters Kluwer",
    "location": "Italy",
    "about": "Business leader with outstanding strategic skills and deep experience in professional publishing and software businesses. Passionate about developing customer-oriented business strategies, digital transformation, and portfolio evolution with a deep knowledge of technology & digital trends and a strong focus on innovation. I firmly believe in the importance of collaboration and teamwork to create a rewarding work environment. I believe that changes must always be seen as a challenge and an opportunity for personal and professional improvement. My career at Wolters Kluwer began in 1990 as Business Development Manager of the IPSOA legal area. Over the years, I covered a number of strategic roles within Wolters Kluwer including that of Head of Digital Strategy Group for the Legal & Regulatory Division at a global level, with the aim of guiding the digital transformation process through the development of new advanced capabilities scalable across the different countries.In 2010, I was appointed CEO of Wolters Kluwer Italia and from 2019 I am also CEO of the Legal Software Business Unit of Wolters Kluwer Legal & Regulatory globally.",
    "experiences": [
        [
            "SVP, CEO Wolters Kluwer Italia & CEO Business Unit Legal Software Wolters Kluwer Legal & Regulatory",
            "Wolters Kluwer"
        ],
        [
            "Chief Executive Officer Legal Software Business Unit",
            "Wolters Kluwer",
            "Jan 2019 - Present · 5 yrs 5 mos"
        ],
        [
            "Wolters Kluwer Italia",
            "16 yrs 5 mos",
            "Chief Executive Officer",
            "Jan 2010 - Present · 14 yrs 5 mos",
            "Publishing Managing Director",
            "Jan 2008 - Dec 2009 · 2 yrs"
        ],
        [
            "Amministratore delegato",
            "De Agostini Professionale – UTET Giuridica",
            "Jan 2005 - Dec 2006 · 2 yrs"
        ],
        [
            "Wolters Kluwer Italia",
            "14 yrs",
            "Chief Publishing Officer at IPSOA",
            "Jan 2003 - Dec 2003 · 1 yr",
            "Publishing Director at IPSOA",
            "Jan 2000 - Dec 2002 · 3 yrs",
            "General Manager Business Tax and Legal area at IPSOA",
            "Jan 1995 - Dec 1999 · 5 yrs"
        ]
    ],
    "posts": [
        {
            "post": "hashtag#press 〰️ 𝐋𝐨 𝐬𝐭𝐚𝐥𝐥𝐨 𝐝𝐞𝐜𝐢𝐬𝐢𝐨𝐧𝐚𝐥𝐞 (𝐝𝐞𝐚𝐝𝐥𝐨𝐜𝐤) 𝐧𝐞𝐥𝐥𝐞 𝐬𝐨𝐜𝐢𝐞𝐭𝐚̀𝑎𝑟𝑡𝑖𝑐𝑜𝑙𝑜 𝑑𝑖 Giovannella Condò, Laura Castorina 𝑒 Giuliana Tonini 𝑝𝑒𝑟 𝑖𝑙 𝑸𝒖𝒐𝒕𝒊𝒅𝒊𝒂𝒏𝒐 𝑮𝒊𝒖𝒓𝒊𝒅𝒊𝒄𝒐 𝑑𝑖 Altalex ConsultingI conflitti tra soci non sono eventi eccezionali, ma fanno parte della realtà hashtag#societaria. Lo stallo decisionale (hashtag#deadlock) si verifica quando non si raggiungono le maggioranze necessarie per prendere decisioni cruciali a causa del dissenso o del disinteresse dei soci/amministratori.L’articolo esplora diverse tecniche anti-stallo, tra cui clausole anti-stallo, casting vote, coinvolgimento di terzi indipendenti, opzioni put/call e la “clausola della roulette russa”. ... 𝐶𝑜𝑛𝑡𝑖𝑛𝑢𝑎 𝑎 𝑙𝑒𝑔𝑔𝑒𝑟𝑒 𝑎𝑟𝑡𝑖𝑐𝑜𝑙𝑜 👇hashtag#MNpress hashtag#MilanoNotai hashtag#dirittosocietario hashtag#ilQG hashtag#wolterskluweritalia hashtag#società",
            "comments": []
        },
        {
            "post": "Sono felice di annunciare che Wolters Kluwer Legal & Regulatory ha rilasciato oggi, per il quinto anno consecutivo, il Report ‘Wolters Kluwer Future Ready Lawyer 2023’. La survey fotografa un settore legale che si adatta al cambiamento, abbracciando innovazioni epocali quali ad esempio l'Intelligenza Artificiale Generativa. La tecnologia riveste un ruolo chiave in questo cambiamento e Wolters Kluwer è pronta a guidare questa trasformazione attraverso le proprie soluzioni che integrano tecnologie innovative, contenuti autorevoli e formazione per tutti i professionisti del settore legale. Wolters Kluwer Italia Wolters Kluwer Legal Software I am happy to announce that Wolters Kluwer Legal & Regulatory has released today the 'Wolters Kluwer Future Ready Lawyer 2023' Report for the fifth year in a row. The survey outlines a legal sector that keeps pace with change, embracing epochal innovations such as Generative Artificial Intelligence. Technology plays a key role in this change and Wolters Kluwer is ready to lead this transformation through its solutions that integrate innovative technologies, authoritative content and training for all professionals in the legal sector. Wolters Kluwer Italia Wolters Kluwer Legal Software",
            "comments": []
        },
        {
            "post": "\"By the time AI became more prevalent in the late 2010s, Wolters Kluwer was well into the business of providing 'expert solutions' to its customers. At this point there were hundreds of experts in various fields providing expertise to customers, and fortunately Wolters Kluwer captured the data on the advice it provided and the outcomes for the customer.\" Read the recent Forbes profile hashtag#ai hashtag#innovation hashtag#machinelearning hashtag#taxhttp://ow.ly/7Qlq50OEzMq",
            "comments": []
        },
        {
            "post": "Wolters Kluwer Italia è vicina a tutte le persone, colleghi, clienti colpiti dall’alluvione in Emilia-Romagna e partecipa alla raccolta fondi della Croce Rossa Italiana, impegnata da giorni nelle operazioni di soccorso ed evacuazione della popolazione. Partecipa anche tu alla raccolti fondi 👉🏻 https://lnkd.in/dZSTDRTkUn piccolo gesto può fare una grande differenza.",
            "comments": []
        },
        {
            "post": "Con grande soddisfazione inauguriamo oggi l'VIII Edizione del Master di specializzazione in Pianificazione patrimoniale & wealth management,  con la Direzione scientifica del Prof. Stefano Loconte, un'iniziativa di grande successo per la Scuola di Formazione IPSOA Wolters Kluwer! Tanti partecipanti, Relatori di grande prestigio e un bellissimo sole a salutare l'inizio di questo percorso😊 hashtag#formazione hashtag#wealthmanagementhashtag#Wolterskluwerhashtag#scuoladiformazioneipsoa",
            "comments": []
        },
        {
            "post": "In occasione della Giornata internazionale delle donne e delle ragazze nelle professioni hashtag#STEM, celebriamo le nostre hashtag#DataScientists e professioniste IT che fanno la differenza ogni giorno. hashtag#StayTuned e segui i nostri prossimi video sui canali social hashtag#WoltersKluwerItaliahashtag#womeninstem hashtag#stem hashtag#womeninscience hashtag#internationaldayofwomeninscience",
            "comments": []
        },
        {
            "post": "L’innovazione ci appassiona! Il 31 gennaio si concluso l'Outsiders’ Inn n° 09 Legaltech: 𝗦𝘁𝗮𝗿𝘁𝘂𝗽 𝗳𝗼𝗿 𝗦𝗺𝗮𝗿𝘁 𝗔𝘂𝘁𝗼𝗺𝗮𝘁𝗶𝗼𝗻, un’iniziativa organizzata da La Carica delle 101 alla quale abbiamo avuto il piacere di prendere parte in qualità di Main Sponsor. E’ stato un bellissimo momento di incontro e condivisione nel quale abbiamo approfondito un tema che ci sta davvero a cuore: l’innovazione in ambito hashtag#legale. La nostra AD Giulietta Lemmi, insieme alle colleghe di hashtag#WoltersKluwerItalia Marinella Agostini Francesca Delogu Nadia D'Antoni tiziana castiglione Serena Pensa Laura Riboldi Antonella Diocesano Giulietta Banzi Leonarda Nadia Cornacchia Isabella Viscardi Katia Avonto Monica Grugni Domenica Capozzi Emanuela Delogu Laura Guido Samira Bellanova Cristina Saporiti Angela De Tommaso, ha incontrato 8 hashtag#startup e tante donne della community de La Carica delle 101 confrontandosi su tematiche quali hashtag#IntelligenzaArtificiale, hashtag#Blockchain e innovazione digitale. Grazie a tutti gli organizzatori, a Giovannella Condò, Fiammetta Mataloni, Chiara Rota, Odile Robotti e a tutte le persone incontrate durante questo bellissimo percorso.",
            "comments": []
        },
        {
            "post": "Celebriamo oggi la Giornata Internazionale per lottare contro ogni forma di discriminazione e violenza contro le donne.  Come ogni anno ricordiamo tutte le donne vittime di violenza, perché nessuno se ne dimentichi. La giornata contro la violenza sulle donne ricorda al mondo che gli abusi, di ogni tipo, rappresentano una violazione dei diritti umani, un ostacolo all’uguaglianza e, soprattutto, alla formazione di una coscienza sociale basata su rispetto e parità.hashtag#giornatacontrolaviolenzasulledonne",
            "comments": []
        },
        {
            "post": "Ecco le 8 startup selezionate per il progetto Legaltech: startup for smart automation. Grazie a tutti quelli che hanno partecipato alla call e grazie a La Carica delle 101 hashtag#legaltech hashtag#automation hashtag#wolterskluweritalia",
            "comments": []
        },
        {
            "post": "Oggi celebriamo il hashtag#WorldValuesDay, la giornata dedicata ai nostri valori aziendali.Il tema di quest’anno è Values for hashtag#Community: in hashtag#WoltersKluwerItalia siamo una squadra, i nostri valori ci guidano ogni giorno nel creare tutti insieme un ambiente di lavoro equo ed inclusivo e nel fornire un impatto profondo nei momenti importanti, sia nel nostro lavoro che come cittadini.Wolters Kluwer Italia celebra la Giornata mondiale dei Valori sostenendo Fondazione Banco Alimentare Onlus e lanciando una raccolta fondi all’interno dell’azienda. Per ogni donazione fatta dalle nostre persone, hashtag#WoltersKluwerItalia verserà un importo pari in modo da raddoppiare il valore della solidarietà. https://lnkd.in/dsvhKGwhashtag#WorldValuesDay2022 hashtag#WoltersKluwerValueshashtag#Winasateamhashtag#Makeitbetterhashtag#Focusoncustomersuccesshashtag#Aimhighanddeliver",
            "comments": []
        }
    ]
}