{
    "name": "Davide Sala",
    "subtitle": "Chief HR Officer presso Pirelli",
    "location": "Italy",
    "about": "Experienced Human Resources Director with a demonstrated history of working in the automotive industry. Skilled in Negotiation, Talent Management, Business Planning, HR Consulting, and Deferred Compensation.",
    "experiences": [
        [
            "Pirelli",
            "20 yrs",
            "Chief HR Officer",
            "May 2018 - Present · 6 yrs 1 mo",
            "Head of Human Resources & Organization",
            "Sep 2017 - Apr 2018 · 8 mos",
            "Milano, Italia",
            "HR Director Europe",
            "Aug 2014 - Aug 2017 · 3 yrs 1 mo",
            "Milan Area, Italy"
        ],
        [
            "Solvay",
            "3 yrs 3 mos",
            "Milano, Italia",
            "HR Plant Manager",
            "May 2003 - May 2004 · 1 yr 1 mo",
            "Industrial Relations Specialist",
            "Mar 2001 - Apr 2003 · 2 yrs 2 mos"
        ]
    ],
    "posts": []
}