{
    "name": "Federica Mastroianni",
    "subtitle": "Marketing Events and Sponsorship manager",
    "location": "Rome, Latium, Italy",
    "about": "Manager con 10 anni di esperienza nel mondo del Luxury Retail internazionale Leader affidabile e determinata abile nel guidare e orientare il lavoro di team e nel collaborare a tutti i livelli con l’obiettivo di raggiungere obiettivi di Awareness e Business L'unione di un profilo per natura risolutore e fattivo che convive con soft skill spiccatamente relazionali ha permesso di ottenere brillanti risultati in termini di partnership concluse – eventi realizzati - contatti strategici ottenuti ricoprendo attualmente  la posizione di Marketing Events and Sponsorship manager",
    "experiences": [
        [
            "Rinascente",
            "11 yrs 4 mos",
            "Marketing Manager",
            "Full-time",
            "Feb 2018 - Present · 6 yrs 4 mos",
            "Roma, Italia",
            "Responsabile della crezione di Partnership strategiche sul territorio volte:\nal miglioramento della Brand Awareness\nallo sviluppo del business\n\nResponsabile della creazione e del coordinamento di Eventi e attivita’ esperienziali di taglio Consumer o Business\n\nCreazione e promozione di un commercial & communication plan locale in sinergia con i diversi team Marketing \n\nResponsabile Customer Service",
            "Guest Relations Manager",
            "Sep 2016 - Feb 2018 · 1 yr 6 mos",
            "Milano, Italia",
            "Floor Manager Woman Division",
            "Apr 2015 - Sep 2016 · 1 yr 6 mos",
            "Milano, Italia",
            "Ruolo dinamico e multifunzionale\n responsabilità e gestione dell'intero reparto dedicato alle collezioni Donna Fashion\n- gestione e controllo\n - valutazione, motivazione e formazione continua del team \n- confronto e collaborazione  con il buying office e con il dipartimento logistico \n- monitoraggio continuo dell' andamento commerciale dei diversi Brand volto al raggiungimento degli obiettivi \n- collaborazione con i diversi visual merchandiser per la cura del layout e per la rotazione dei fast/ slow items \n- attenzione estrema verso il cliente, la sua esperienza d'acquisto e la risoluzione di eventuali criticità \n\n- problem solving, resistenza allo stress, forte orientamento al raggiungimento degli obiettivi aziendali"
        ],
        [
            "Team Supervisor",
            "CALZEDONIA UK",
            "Dec 2011 - Jun 2012 · 7 mos",
            "Londra"
        ],
        [
            "sales assistant boutique abbigliamento",
            "Noa Noa",
            "Jul 2009 - Oct 2011 · 2 yrs 4 mos"
        ]
    ],
    "posts": []
}