{
    "name": "Michele Panerio",
    "subtitle": "CFO at Kuehne + Nagel Italy",
    "location": "Milan, Lombardy, Italy",
    "about": "",
    "experiences": [
        [
            "Kuehne + Nagel",
            "19 yrs 1 mo",
            "Milano, Italia",
            "Direttore finanza e amministrazione",
            "Jul 2008 - Present · 15 yrs 11 mos",
            "Controllore senior",
            "May 2005 - Jun 2008 · 3 yrs 2 mos"
        ],
        [
            "Business controller",
            "Bitron Industrie",
            "Jul 2004 - Apr 2005 · 10 mos",
            "Grugliasco - TO"
        ],
        [
            "Financial Controller",
            "Alenia Aeronautica Spa",
            "Aug 2000 - Jun 2004 · 3 yrs 11 mos",
            "Torino, Italia"
        ]
    ],
    "posts": [
        {
            "post": "Bellissima giornata insieme alle nostre colleghe ed ai nostri colleghi del plant logistico Kuehne+Nagel di Termoli per festeggiare gli 8 anni di attività e ringraziarli del loro contributo quotidiano per far vivere  alle nostre persone ed al nostro cliente una straordinaria hashtag#KNExperience. Un vero Great Place to Work ! 💪💙",
            "comments": []
        },
        {
            "post": "We're happy to announce that we've maintained our position as a Leader in Gartner’s hashtag#MagicQuadrant for Third-Party Logistics, reflecting our commitment to excellence and hashtag#innovation in the industry. Our strengths lie in our diverse range of specialised offerings, serving various industries, and our expanded global presence with new hubs in Paris, 23 new Customer Care Locations in Sea Logistics, strategic partnerships in Saudi Arabia, enhanced healthcare solutions in North America, and optimised transportation centres in India. Gartner's feedback encourages us to stay agile, customer-focused, and dedicated to maintaining our high service standards while incorporating innovative technologies like AI to improve the customer experience. We'll continue to focus on delivering excellent service and fostering innovation in the logistics sector. Thank you to our customers for their ongoing support! Click here for more insights: https://bit.ly/4a4I7qR hashtag#MarketInsights",
            "comments": []
        },
        {
            "post": "Vieni a conoscere 𝙑𝙞𝙣𝙇𝙤𝙜 – 𝙥𝙤𝙬𝙚𝙧𝙚𝙙 𝙗𝙮 𝙆𝙪𝙚𝙝𝙣𝙚+𝙉𝙖𝙜𝙚𝙡 a Vinitaly Official 2024, Padiglione F Enolitech, Stand C4. La qualità dei tuoi prodotti è strettamente collegata al loro hashtag#trasporto e alla loro hashtag#conservazione, nonché all’importanza di avere una hashtag#supplychain affidabile. I nostri esperti saranno a tua disposizione per illustrarti le migliori soluzioni logistiche per l’industria del vino in base alle tue esigenze. Desideri conoscere meglio i nostri servizi end-to-end o pianificare un meeting con noi in fiera? Clicca qui: info.vinlogitaly@kuehne-nagel.comTi aspettiamo in fiera!  hashtag#vinlog hashtag#vinitaly2024 hashtag#winelogistics hashtag#beverage",
            "comments": []
        },
        {
            "post": "Introducing our latest groupage service directly connecting Istanbul, Türkiye, and Milan, Italy through a non-stop full road journey. Curious to know more? Contact me!",
            "comments": []
        },
        {
            "post": "Inaugurati i nostri nuovi uffici nel centro di Prato. Spazi ampi e luminosi, in un ambiente dinamico e stimolante, per il benessere e l’efficienza delle nostre persone. Nell’ambito di una strategia omnicanale, continuiamo ad impegnarci per offrire ai nostri clienti un’esperienza straordinaria attraverso touchpoint fisici e digitali, investendo sul territorio e promuovendo sviluppo e crescita delle nostre business unit Air Logistics e Sea Logistics ed in particolare della divisone hashtag#VinLog dedicata al mondo del hashtag#Beverage.  hashtag#Kuehne+NagelExperience hashtag#freightforwarding hashtag#logistics hashtag#shipping hashtag#airfreight hashtag#newopening",
            "comments": []
        },
        {
            "post": "Oggi è venuto il nostro amministratore delegato Ruggero Poli a conoscere la squadra nascente del team di Mantova.Sarà un percorso sfidante, ma l’entusiasmo e l’energia non ci manca! Grazie ancora a tutta la squadra che sta lavorando con passione per la fase delicata di testing e per l’avviamento del nostro nuovo hub logistico. hashtag#kuehnenagel hashtag#yourplusshapesourfutureRuggero Poli Alberto Scano mirko carraro Sandro Spazzapan Camilla Carraro Daniele Di Conza Mirko Troia Diego Spoladori Alfredo Renna Giovanni Forchione Ugo Tutolo Federico Magagnotto Daniel P. Vincenzo Viscuso Martino Sattin Martina Zanone Errico Varricchio Danilo Catapano Veronica Li Vecchi Luca Pellichero Marcella Moneque Zakaria El Mrabti Roberta Genuardi Sesto Crugliano Francesca Magnani, Adil El Marrhoub Filippo Madon Fabio Buzzi Alessandro Savoia Marco Guglielmi Matteo Sorgiacomo",
            "comments": []
        },
        {
            "post": "We are hashtag#hiring! If your ambition is to work in place where hashtag#innovation and hashtag#technology are your daily business, where you can contribute to make real a prestigious Contract Logistics project, Kuehne+Nagel has the opportunity for you.",
            "comments": []
        },
        {
            "post": "Con grande piacere ho incontrato nei giorni scorsi a Milano tutto il leadership team di Kuehne+Nagel Italia, per condividere gli aggiornamenti sulla nostra strategia hashtag#Roadmap2026. Abbiamo presentato e discusso con le nostre Business e Functional Units le innumerevoli iniziative, progetti ed attività che stiamo implementando nel gruppo ed in particolare qui in Italia per ognuno dei 4 pilastri della nostra hashtag#Roadmap2026: hashtag#KNExperience, hashtag#DigitalEcosystem, hashtag#LivingESG e hashtag#MarketPotential.Le condizioni di mercato, come abbiamo modo di sperimentare in questo periodo, cambiano rapidamente e dobbiamo adattare di volta in volta le nostre priorità e le nostre attenzioni alle nuove sfide che ci si presentano. Ma un elemento rimane sempre invariato, qualsiasi siano le condizioni al contorno: mettere sempre i nostri clienti e le nostre persone al centro di quello che facciamo, per poter far vivere ad entrambi una hashtag#ExtraordinaryExperience nel lavorare con e per Kuehne+Nagel ! 💙",
            "comments": []
        },
        {
            "post": "Did you know that Italy ranks 9th among the world's largest economies? Moreover, there are just five countries with an export trade surplus of manufactured products, and Italy is one of them! That's part of the reason why Kuehne+Nagel opened a new strategic depot in hashtag#Turin (IT), in the country's industrial north, to strengthen its European groupage network. With this expansion, Kuehne+Nagel can support businesses in that area and the rest of Europe even better.  Another milestone in our hashtag#Roadmap2026! hashtag#logisticshttps://bit.ly/46RhUez",
            "comments": []
        }
    ]
}