{
    "name": "Crescenzi Angelo",
    "subtitle": "HR Business Partner Gruppo Versalis",
    "location": "Rome, Latium, Italy",
    "about": "32 anni  nella funzione HR e Relazioni Sindacali",
    "experiences": [
        [
            "HR Business Partner Gruppo Versalis",
            "Versalis · Full-time",
            "Mar 2024 - Present · 3 mos",
            "On-site"
        ],
        [
            "HR Business Partner presso Eni Rewind",
            "Eni Rewind · Full-time",
            "Oct 2022 - Mar 2024 · 1 yr 6 mos",
            "San Donato Milanese, Lombardia, Italia · On-site"
        ],
        [
            "Responsabile Gestione e Sviluppo Risorse Umane GTR&M",
            "Eni · Full-time",
            "Sep 2021 - Oct 2022 · 1 yr 2 mos",
            "Roma, Lazio, Italia"
        ],
        [
            "Responsabile Risorse Umane Eni R&M e Societa’controllate Italia e Societa’ ETS",
            "Eni e Eni Trading and Shipping",
            "Sep 2020 - Sep 2021 · 1 yr 1 mo",
            "Roma e Londra Singapore e Houston"
        ],
        [
            "Responsabile Risorse Umane",
            "ENI TRADING & SHIPPING S.P.A. · Full-time",
            "Dec 2019 - Sep 2021 · 1 yr 10 mos",
            "Londra, Regno Unito"
        ]
    ],
    "posts": [
        {
            "post": "Ricopro una nuova posizione lavorativa: HR Business Partner Gruppo Versalis presso Versalis!",
            "comments": []
        },
        {
            "post": "Ricopro una nuova posizione lavorativa: HR Business Partner presso Eni Rewind presso Eni Rewind!",
            "comments": []
        }
    ]
}