{
    "name": "Stefano Rebattoni",
    "subtitle": "IBM Italy CEO and Chairman 🇮🇹",
    "location": "Milan, Lombardy, Italy",
    "about": "",
    "experiences": [
        [
            "Board Member",
            "POLIMI Graduate School of Management",
            "May 2024 - Present · 1 mo",
            "Milan, Lombardy, Italy · Hybrid"
        ],
        [
            "IBM",
            "15 yrs",
            "IBM Italy CEO and Chairman",
            "Full-time",
            "Jul 2023 - Present · 11 mos",
            "Milan, Lombardy, Italy · Hybrid",
            "IBM Italy CEO",
            "Full-time",
            "Jan 2021 - Present · 3 yrs 5 mos",
            "Milan, Lombardy, Italy",
            "Vice President Enterprise Sales - IBM Italy",
            "Full-time",
            "Jul 2019 - Dec 2020 · 1 yr 6 mos",
            "Milan, Lombardy, Italy",
            "Overall Sales responsibility across all segments of the domestic Market on the full IBM portfolio (HW, Cloud&Cognitive, Infrastructural and Technology Services, Application Services).\nLeading an industry-aligned organization (Banking, Insurance, Public, Telco, Retail, Distribution, E&U and Industrial) while integrating the extended IBM Sales Team (Account Team + Offering Team + Tech Team) around clients' business agenda through a joint Value proposition. \nAccountable for FY Revenue, Profit and Signing Target on the assigned customer set as well as on the overall client satisfaction rate."
        ],
        [
            "Membro del Consiglio Generale",
            "Confindustria",
            "Jul 2023 - Present · 11 mos",
            "Italy, Rome · On-site"
        ],
        [
            "Assolombarda",
            "8 yrs",
            "Vicepresidente alla transizione digitale ed innovazione tecnologica - Membro Consiglio di Presidenza",
            "Jun 2023 - Present · 1 yr",
            "Milano, Lombardia, Italia",
            "Membro del Consiglio Generale",
            "Jun 2016 - Present · 8 yrs",
            "Milan Area, Italy"
        ],
        [
            "Consigliere, American Chamber of Commerce in Italy",
            "American Chamber of Commerce in Italy",
            "Jan 2021 - Present · 3 yrs 5 mos",
            "Milan, Lombardy, Italy"
        ]
    ],
    "posts": [
        {
            "post": "IBM ha annunciato la disponibilità in 92 paesi, tra cui l’Italia 🇮🇹 , del suo portafoglio software su Amazon Web Services (AWS) Marketplace, segnando un altro passo avanti nel rafforzamento della nostra partnership con hashtag#AWS per creare una combinazione unica di hashtag#AI, hashtag#cloud e hashtag#infrastrutture leader di mercato. Si tratta di un’ulteriore conferma della volontà di hashtag#IBM di offrire a imprese e organizzazioni il più ampio accesso possibile alle tecnologie e competenze di intelligenza artificiale e dati. Tra queste sono incluse:➡ le componenti della piattaforma IBM watsonx hashtag#AI e hashtag#Data, che permettono alle aziende di creare, distribuire su vasta scala e gestire i carichi di lavoro dell’ AI, oltre che realizzare e personalizzare modelli sia di hashtag#AI generativa che tradizionale; ➡ le soluzioni IBM hashtag#Security e di automazione come Apptio, an IBM Company e IBM Instana  ➡ e i servizi di consulenza di hashtag#IBM hashtag#Consulting Link al comunicato 👉 https://lnkd.in/dMu8cw_3Link alla pagina IBM della partnership 👉 https://lnkd.in/dkA4NYcf  hashtag#AWS hashtag#IBMPartners hashtag#IBM hashtag#AWSPartnersMariangela Marseglia Alessandra Antonelli Fabrizio Saltalippi Stefania Asti Tiziana Tornaghi Raffaele Palombi Antonella Tartaglia Sergio Palazzina Alessandro Fronte Maurizio Decollanz Claudia Ruffini Morgana Stell Paola Piacentini Marco Ballan Francesco Casa Rodolfo Falcone Gianni Anguilletti Maila Cappelloni Stefania Di Cristofaro",
            "comments": []
        },
        {
            "post": "Quali sono le potenzialità dell’intelligenza artificiale nell’ambito hashtag#HR? Come può l’AI aiutare i professionisti del settore delle hashtag#RisorseUmane?Il 30 maggio alle ore 17:00, presso gli IBM Studios in Piazza Gae Aulenti a Milano, si terrà un evento gratuito in cui esploreremo da vicino come l'Intelligenza Artificiale stia trasformando le pratiche delle risorse umane. Lo faremo attraverso esercizi interattivi insieme a designer, esperti hashtag#AI, esperti HR.L’evento offrirà una panoramica approfondita sulle nuove frontiere dell'AI nel settore HR, con una combinazione di sessioni informative, esercizi interattivi e si concluderà con un aperitivo di networking con altri professionisti del settore.Per partecipare basta iscriversi a questo link: https://lnkd.in/dpZk5i93Patrizia Guaitani Stefania Asti Nico Losito",
            "comments": []
        },
        {
            "post": "🌎 Proprio in questi giorni si è concluso a Torino la Ministeriale G7 hashtag#Clima, hashtag#Energia e hashtag#Ambiente, l’incontro in cui i ministri dell’ Ambiente dei Paesi del hashtag#G7 si sono confrontati per individuare le tecnologie adatte a fornire un’adeguata disponibilità di energia e a garantire energia pulita e sostenibile per i Paesi in via di sviluppo. E hanno trovato l’accordo sull’addio al carbone entro la prima metà del 2030 e sull’impegno, nel frattempo, a ridurre al massimo il suo utilizzo. Altri temi all’attenzione sono stati lo stoccaggio dell’energia elettrica, l’inquinamento da plastica e la gestione dell’acqua. ✍ In questo contesto IBM conferma il proprio impegno nell’aiutare imprese e organizzazioni a orientarsi verso pratiche sostenibili attraverso l’utilizzo di tecnologie data-driven e di intelligenza artificiale. ➡ La definizione di una strategia di hashtag#sostenibilità per rispettare le hashtag#normative ambientali è fondamentale oggi per qualunque organizzazione che debba quantificare il proprio impatto ambientale attraverso l’analisi dei dati hashtag#ESG. La soluzione hashtag#IBM Envizi™ con le sue nuove funzionalità è uno strumento di importante aiuto per le organizzazioni che devono rispondere ai requisiti di reporting richiesti dalla direttiva europea hashtag#Corporate hashtag#Sustainability hashtag#Reporting hashtag#Directive (CSRD).  ➡ Un’altra area di attenzione per le imprese è quella della transizione energetica e resilienza climatica:  IBM® Environmental Intelligence Suite è una piattaforma hashtag#SaaS che permette di monitorare, prevedere e rispondere all'impatto delle condizioni meteo, salvaguardando la continuità operativa di fronte all'incertezza climatica. ➡ Infine, la gestione intelligente di hashtag#asset e hashtag#infrastrutture è cruciale per i responsabili della manutenzione degli impianti e per gli asset manager che devono avere a disposizione dati in tempo reale sul ciclo di vita delle risorse: con hashtag#IBM Maximo® Application Suite possono prendere decisioni più sicure e informate che aumentano l'affidabilità dei loro asset. 👉  Per maggiori informazioni https://lnkd.in/dBrYyG52 hashtag#IBM hashtag#sustainabilityAntonella Tartaglia Emiliano Pacelli Monica Cernuda Rego Claudia Ruffini Maurizio Decollanz Paola Piacentini Morgana Stell Petra Snellman Luca Altieri Fabrizio Saltalippi Patrizia Guaitani Maila Cappelloni",
            "comments": []
        },
        {
            "post": "E’ di questa settimana il mio intervento su Il Sole 24 Ore sull’importanza dell’utilizzo della leva digitale come strumento abilitante  allo sviluppo sostenibile di aziende e hashtag#PMI.Due transizioni, hashtag#digitale 💻 e hashtag#sostenibilita’ ♻️, ormai legate a doppio filo tra loro da uno stretto nesso “causa-effetto”.L’impegno e il contributo di Assolombarda su questo importante tema all’interno dell’Osservatorio Digital&Sustainable lanciato con il Politecnico di Milano di Milano.(More to come…stay tuned!)hashtag#Digital hashtag#Sustainability hashtag#AI hashtag#Cloud hashtag#Automazione hashtag#Cybersecurity hashtag#ESG hashtag#Assolombarda Donatella Sciuto Alessandro Spada Mirja Cartia d'Asero Alessandro Perego Massimo Dal Checco Paolo Guazzotti Alessandro Papini Maurizio Decollanz Claudia Ruffini Alessandro Scarabelli Luca Altieri Paola Piacentini Morgana Stell",
            "comments": []
        },
        {
            "post": "“Agilità e adattabilità sono hashtag#priorità assolute per affrontare le sfide complesse del presente, ma per restare competitivi serve anche essere attenti alle contaminazioni: l’alleanza tra hashtag#digitale e hashtag#sostenibilità ne è la dimostrazione. La sostenibilità, che per le hashtag#mprese rappresenta oggi un’hashtag#opportunità, attraverso la digitalizzazione, può supportare l’azienda nel ridefinire i propri processi, riducendone l’impatto ed efficientando l’utilizzo di risorse. Con questo spirito Assolombarda, insieme al Politecnico di Milano, ha dato vita all’Osservatorio Digital & Sustainable. Un nuovo presidio, frutto di un asse pubblico-privato, che mira a facilitare l’adozione di nuovi approcci abilitati dalle tecnologie digitali\" L’editoriale del Vicepresidente di hashtag#Assolombarda, con delega a hashtag#TransizioneDigitale e hashtag#Innovazione tecnologica, Stefano Rebattoni oggi sulle pagine de Il Sole 24 Ore.",
            "comments": []
        },
        {
            "post": "L’entusiasmo nell’adozione dell’ hashtag#AI generativa sta portando CIOs e sviluppatori ad affrontare un’espansione senza precedenti di infrastrutture e applicazioni su hashtag#cloud pubblici e privati, oltre che su ambienti on premise. Per questo motivo IBM ha recentemente annunciato l’acquisizione di HashiCorp Inc., creando una piattaforma cloud ibrida completa capace di gestire la complessità delle infrastrutture e delle applicazioni nell’era dell’ intelligenza artificiale. L'acquisizione da 6,4 miliardi di dollari rafforza la strategia e gli investimenti di hashtag#IBM nel hashtag#cloud hashtag#ibrido e nell' hashtag#AI, due tecnologie cruciali per le imprese che vogliono trasformarsi e avviare processi di innovazione. Inoltre favorisce sinergie significative in diverse aree strategiche di crescita per IBM, tra cui Red Hat, IBM watsonx, hashtag#sicurezza dei hashtag#dati, hashtag#automazione IT e servizi di hashtag#consulenza. IBM continua il suo percorso di ampliamento del portafoglio di prodotti e delle competenze per aiutare le imprese e le organizzazioni ad affrontare le sfide di oggi e ad essere sempre più competitive. Per maggiori dettagli ➡ https://lnkd.in/erSpDuT6 hashtag#IBM hashtag#AI hashtag#genAI hashtag#HybridCloud hashtag#watsonxMaurizio Decollanz Raffaele Gallotta Stefania Asti Marco Ballan Oreste Ciani Sergio Palazzina Tiziana Tornaghi Nico Losito Raffaele Palombi Claudia Ruffini Mila Fiordalisi Federica Meta Morgana Stell Paola Piacentini",
            "comments": []
        },
        {
            "post": "CEO Arvind Krishna on $IBM's 1Q 2024 earnings results. Read more: https://ibm.co/4baXO0I",
            "comments": []
        },
        {
            "post": "Il 2024 sarà l’anno in cui le imprese, di ogni settore e dimensione, adotteranno l’intelligenza artificiale 🧠 💡 nei suoi numerosi casi d’uso. Per chi intende guidare questa rivoluzione, è fondamentale agire, con rapidità ma guardando agli effetti sul lungo periodo. L’Europa 🇪🇺 ha assunto attraverso l’ hashtag#AI hashtag#Act, un accordo che propone la regolamentazione delle applicazioni sulla base del loro grado di rischio, promuovendone al contempo hashtag#trasparenza, hashtag#spiegabilità e hashtag#sicurezza degli hashtag#algoritmi utilizzati.È questa la direzione in cui si è mosso il codice di condotta per le organizzazioni che sviluppano sistemi avanzati di hashtag#AI, elaborato nel 2023 durante la presidenza giapponese del precedente hashtag#G7 e che auspichiamo possa rappresentare la traccia su cui proseguire il lavoro del G7 2024 a guida italiana 🇮🇹. Accanto all’impegno dei regolatori, deve esserci però anche la responsabilità delle aziende che operano nel campo dell’AI realizzando una hashtag#governance responsabile, posta al centro e fondamentale per prevenire alcuni rischi insiti nell’utilizzo di questa tecnologia – come preconcetti e allucinazioni – potenzialmente impattanti al punto da poter affossare i suoi straordinari benefici. Tutto l’articolo è pubblicato da Formiche a questo link:📌 https://lnkd.in/dBWbbybWIBM hashtag#IBMItalia hashtag#GenAI hashtag#watsonxAlessio Butti Flavia Giacobbe Roberto Arditti Alessandra Santacroce Maurizio Decollanz Claudia Ruffini Stefania Asti Francesco Stronati Patrizia Guaitani Tiziana Tornaghi Maila Cappelloni Luca Altieri Paola Piacentini",
            "comments": []
        },
        {
            "post": "È stato appena pubblicato l’hashtag#IBMImpactReport2023 che mette in evidenza l’utilizzo di IBM di tecnologia e capitale umano per fare la differenza per le imprese e per la società. Viviamo un’era in cui le tecnologie più innovative , come hashtag#AI e hashtag#hybridcloud, possono portare capacità di trasformazione per tutte le imprese ad una velocità prima inimmaginabile, con importanti ricadute su efficienza, produttività e competitività di imprese e Paesi. E se correttamente applicate, potranno amplificare le capacità dell’uomo in tutti i settori portando vantaggi per tutta la collettività. In IBM lavoriamo con queste tecnologie supportati dalle competenze delle nostre persone e dell’ecosistema per creare nuovi modi con cui affrontare le crescenti sfide etiche, sostenere lo sviluppo di nuove competenze e offrire ai nostri clienti soluzioni sempre più sostenibili e che proteggano l’ambiente. Per scoprire tutti gli insight è possibile scaricare il Report completo a questo link ➡ https://lnkd.in/d8xicCtT hashtag#IBMImpact hashtag#AI hashtag#HybridCloud hashtag#ESGFilomena Floriana Ferrara Antonella Tartaglia Stefania Asti Nico Losito Ana Paula De Jesus Assis Justina Nixon-Saintil Carmen San Segundo Claudia Cortes Romanelli Vince Smith Alessandra Bini Alessandra Santacroce Manuela Miragoli Maurizio Decollanz Paola Piacentini Patrizia Guaitani Emiliano Pacelli Marco Utili Luca Da Gama Malcher Raffaele Gallotta Marco Mazza Barbara Langella Claudia Ruffini",
            "comments": []
        },
        {
            "post": "Oggi, 15 aprile 2024 e ricorrenza della nascita di Leonardo Da Vinci, diventa su iniziativa del hashtag#MIMIT la Giornata Nazionale del hashtag#MadeinItaly, per celebrare la creatività e l’eccellenza delle opere, dell’ingegno e dei prodotti italiani. 🇮🇹IBM è presente con orgoglio in Italia da quasi 100 anni, lavorando accanto alle hashtag#imprese di ogni settore, dimensione e regione di appartenenza per sostenerle nell’innovazione a supporto della loro competitività e della valorizzazione del Made in Italy.La presenza nel territorio è per noi fondamentale perchè crediamo nel valore esponenziale che si crea dalla sinergia tra globale e locale a supporto della  crescita delle realtà che rappresentano la qualità e le eccellenze del territorio. Ed è per questo che stiamo svolgendo un ciclo di incontri “hashtag#IBM hashtag#AI experience – hashtag#watsonx on Tour”, per avere dei momenti di approfondimento con aziende istituzioni, associazioni ed ecosistema locali su come le tecnologie più di frontiera, come intelligenza artificiale generativa, possono contribuire ad aumentare l’efficienza, la produttività, le competenze e l’innovazione stessa. Una innovazione che guardi al futuro mantenendo salde le radici territoriali: questo è quello che auspichiamo.Per leggere tutto quello che realizziamo assieme alle imprese italiane in progetti hashtag#TechForReal, vi invito a leggere:➡️ https://lnkd.in/dfr_jsexhashtag#IBM hashtag#DigitalTransformation hashtag#AI hashtag#watsonxAdolfo Urso Alessio Butti Alessandro Spada Assolombarda Alessandra Santacroce Sara Marini Maurizio Decollanz Federica Aghemo Fabrizio Saltalippi Tiziana Tornaghi Nico Losito Marco Utili Francesco Stronati Michele Saibene Claudia Ruffini Paola Piacentini Alessandro Papini Maila Cappelloni",
            "comments": []
        }
    ]
}