{
    "name": "Fabio Pampani",
    "subtitle": "CEO Southern Europe presso DOUGLAS. Manage three Countries: Italy, Spain and Portugal",
    "location": "Milan, Lombardy, Italy",
    "about": "",
    "experiences": [
        [
            "CEO South Europe (Italia, Spagna, Portogallo, Croazia e Slovenia)",
            "Douglas",
            "Jul 2023 - Present · 11 mos"
        ],
        [
            "DOUGLAS ITALIA",
            "Full-time · 6 yrs 7 mos",
            "Milano",
            "CEO Southern Europe",
            "Feb 2021 - Present · 3 yrs 4 mos",
            "Amministratore delegato Italia",
            "Nov 2017 - Jan 2021 · 3 yrs 3 mos"
        ],
        [
            "Amministratore delegato",
            "LLG Leading Luxury Group · Full-time",
            "Jan 2014 - Oct 2017 · 3 yrs 10 mos",
            "Milano"
        ],
        [
            "Amministratore delegato",
            "La Gardenia Beauty Spa · Full-time",
            "Dec 2011 - Dec 2013 · 2 yrs 1 mo",
            "Grosseto, Toscana, Italia"
        ],
        [
            "Direttore generale",
            "OVS S.p.A. · Full-time",
            "Aug 2007 - Nov 2011 · 4 yrs 4 mos",
            "Venezia Mestre, Veneto, Italia"
        ]
    ],
    "posts": [
        {
            "post": "ESG Report: Douglas updates sustainability strategy with ambitious goals Today, we have released our updated DOUGLAS Group sustainability strategy and report: As Europe’s number one omnichannel premium beauty destination, we also want to be a leading beauty retailer in sustainability – in our three focus areas People, Planet and Products. We have signed the UN Global Compact, a United Nations pact to get businesses worldwide to adopt sustainable and socially responsible policies. We are also driving sustainability with collaboration in our industry: DOUGLAS has achieved a central milestone by joining the EcoBeautyScore Consortium, an initiative of the cosmetics industry consisting of manufacturers, retailers, and associations, to enable consumers to make more informed and sustainable choices. What have we achieved so far? + DOUGLAS aims to create a workplace that champions diversity, equity, and inclusion, and actively drives these by setting clear priorities to increase representation. 89% of management positions in the DOUGLAS Group are held by women, with 97% in stores and 60% in offices (as of September 30, 2023). At the same time, people from 104 nations work for DOUGLAS. In addition, further initiatives have been taken to attract, develop, and retain talent, including leadership programs, a new e-learning platform, and a mentoring program.+ DOUGLAS is committed to reducing its environmental footprint. From minimizing energy consumption in the stores and offices to cutting waste and carbon emissions across the supply chain. The combined Scope 1 and 2 emissions were already reduced in the financial year 2022/23 by 32%, versus the baseline financial year 2018/19. DOUGLAS intends to assess its climate ambitions in accordance with Science-Based Targets (SBTs), then also including a Scope 3 reduction target. + DOUGLAS is committed for 80% of its Corporate Brands to be vegan by 2030 and for 100% of their packaging to be recyclable, recycled, or reusable. 94% of all new Corporate Brand launches in the financial year 2022/23 were vegan, nearly 30% of DOUGLAS’s new Corporate Brand launches in the financial year 2022/23 contained at least 90% ingredients from a natural origin (as of September 30, 2023). Sustainability at DOUGLAS remains a journey. A journey that requires constant transformation. With a long-term perspective, we have set ourselves ambitious goals to reduce our carbon footprint and promote sustainable practices even more. I am excited about the progress that our hashtag#TeamDOUGLAS has achieved so far. With a clear direction in place, we’re looking forward to updating you on our further progress. Click here for the full report: https://lnkd.in/e9_pYgJa hashtag#LetItBloom hashtag#ESG hashtag#TeamDOUGLAS",
            "comments": []
        },
        {
            "post": "DOUGLAS ITALIA hashtag#letitbloomhashtag#feelthemagic",
            "comments": []
        },
        {
            "post": "Douglas, la catena di profumerie con 1800 store nel mondo, è stata premiata come Miglior Retail Omnichannel nella 4° edizione di hashtag#MigliorInsegna, l'indagine promossa da Largo Consumo e realizzata da Ipsos. A ritirare il premio speciale durante la cerimonia di gala, che si è tenuta a Milano lo scorso 16 novembre, c'era Paolo Di Folca, Direttore Vendite DOUGLAS ITALIA.hashtag#Douglas hashtag#award hashtag#omnichannel hashtag#profumeria hashtag#retail hashtag#shoppingexperience",
            "comments": []
        },
        {
            "post": "🥇𝗠𝗶𝗴𝗹𝗶𝗼𝗿𝗲 𝗥𝗲𝘁𝗮𝗶𝗹𝗲𝗿 𝗢𝗺𝗻𝗶𝗰𝗵𝗮𝗻𝗻𝗲𝗹 𝟮𝟬𝟮𝟰🥇Siamo orgogliosi di annunciare che Douglas ha ricevuto il riconoscimento speciale di Migliore Retailer Omnichannel 2024!La ricerca Migliore Retailer Omnichannel 2024 rappresenta un punto di riferimento per comprendere la percezione del settore retail italiano. Questa è la quarta edizione dell'indagine, promossa da Largo Consumo e realizzata da Ipsos, che ha selezionato 124 insegne tra le più rilevanti a livello nazionale. Sono state condotte 6.000 interviste attraverso il metodo CAWI (Computer assisted web interviewing), fornendo un'analisi approfondita sugli aspetti della customer experience e coinvolgendo oltre 90 parametri di interesse raccolti in cinque macrocategorie: Offerta, Punto vendita, Servizio, Personale di vendita e Customer Experience.Questo riconoscimento conferma il nostro costante impegno nel mettere i nostri clienti al centro, offrendo loro un'esperienza unica, flessibile, affidabile, coerente e attenta, in un ambiente di vendita sempre più diversificato e interconnesso.Complimenti a tutto il Team Douglas per il raggiungimento di questo importante traguardo! ___________________________ We are proud to announce that Douglas has received the special award of Best Omnichannel Retailer 2024!The Best Omnichannel Retailer 2024 research represents a benchmark for understanding the sentiment of the Italian retail sector. This is the fourth edition of the survey, promoted by Largo Consumo and carried out by Ipsos, which selected 124 signs, among the most relevant at national level. 6,000 interviews were conducted through the CAWI (Computer assisted web interviewing) method, providing an in-depth analysis on aspects of the customer experience, involving over 90 parameters of interest collected in five macro-categories: Offer, Store, Service, Staff and Customer Experience.This award confirms our ongoing commitment to prioritize our customers, offering them a unique, flexible, reliable, and attentive experience in an increasingly diversified and interconnected retail environment.Congratulations to the entire Douglas Team on reaching this important milestone!hashtag#teamdouglas hashtag#retail hashtag#omnichannel hashtag#douglas hashtag#innovation hashtag#people",
            "comments": []
        },
        {
            "post": "✨𝗗𝗼𝘂𝗴𝗹𝗮𝘀 𝗔𝗻𝗻𝘂𝗮𝗹 𝗠𝗲𝗲𝘁𝗶𝗻𝗴 𝟮𝟬𝟮𝟯✨Il hashtag#DouglasAnnualMeeting è stato, ancora una volta, un momento dell’anno fondamentale dedicato totalmente al hashtag#TeamDouglas. Anche quest’anno abbiamo vissuto un’esperienza unica, che ha riunito centinaia di colleghi dei negozi e della Sede Centrale, nella bellissima cornice dell’hotel Hilton di Sorrento.Il \"Douglas in Wonderland\" ci ha regalato un vero e proprio viaggio, non solo all'insegna della fantasia e della magia facendoci vivere due giorni nel mondo delle fiabe, ma anche un viaggio che ci ha ricordato chi siamo e soprattutto perché lo facciamo.Durante l'evento, il Presidente & CEO Douglas Southern Europe, Fabio Pampani, insieme al Comitato Direttivo, ha condiviso la visione strategica e gli obiettivi per il 2024, ma non solo. È stato un momento di celebrazione per i successi raggiunti e un'occasione per rinnovare il nostro impegno, riflettendo sull'importanza del nostro lavoro, della continua ricerca della soddisfazione del Cliente e delle persone del Team Douglas.Un ringraziamento speciale a tutti coloro che hanno reso possibile questa magica convention e al Gruppo LVMH Beauty che, in qualità di sponsor, ha animato la serata conviviale!  __________________________ The hashtag#DouglasAnnualMeeting has been, once again, a crucial time of the year dedicated entirely to hashtag#TeamDouglas. Also this year this year we had a unique experience, bringing together hundreds of colleagues from Retail and Head Office, in the beautiful surroundings of the Hilton hotel in Sorrento.The \"Douglas in Wonderland\" gave us a real journey, not only in the name of fantasy and magic, letting us live two days in the world of fairy tales, but also a journey that reminded us of who we are and above all why we do it.During the event, Douglas Southern Europe President & CEO Fabio Pampani, together with the Board of Directors, shared the strategic vision and goals for 2024, but not only. It was a moment of celebration for our achievements and an opportunity to renew our commitment, reflecting on the importance of our work, the constant pursuit of customer satisfaction and the people of Team Douglas.Special thanks to everyone who made this magical convention possible and to the LVMH Beauty Group who, as a sponsor, livened up the convivial evening! hashtag#Douglasannualmeeting hashtag#TeamDouglas hashtag#DouglasInWonderland hashtag#convention hashtag#people",
            "comments": []
        },
        {
            "post": "❤️ 𝘿𝙊𝙐𝙂𝙇𝘼𝙎 𝙓 𝘼𝙂𝙀𝙊𝙋 𝙍𝙄𝘾𝙀𝙍𝘾𝘼❤️ Condividiamo con orgoglio quanto successo ieri 17 ottobre, presso la sede di Ageop a Bologna, in occasione della hashtag#makeupschool con LaCindina per il brand MULAC .  Ageop Ricerca è un’associazione benefica che si occupa di assistere giovani malati oncologici e le loro famiglie; abbiamo dato vita al progetto hashtag#makeupschool dedicato alle ragazze assistite del centro, con lo scopo di condividere con loro quattro giornate dedicate al make-up e alla bellezza. Grazie al supporto delle nostre Make-up Artist e della fondatrice di Mulac Cometics, LaCindina, le partecipanti hanno potuto immergersi totalmente nel mondo della cosmetica, realizzando un make-up su loro stesse seguendo i preziosi consigli delle nostre esperte. È stata una bellissima occasione per dimostrare che il mondo del make-up va oltre l’apparenza, ma anzi può essere uno strumento per esplorare la propria individualità, acquisire fiducia in sé stessi e abbracciare la propria unicità.  Ringraziamo Ageop Ricerca, MULAC , le nostre make-up artist e tutte le partecipanti per aver contribuito a rendere possibile quest’iniziativa permettendo l’incontro tra bellezza, creatività e la forza di giovani donne che affrontano sfide difficili.___________We proudly share what happened yesterday, 17 October, at Ageop's headquarters in Bologna, on the occasion of the hashtag#makeupschool with LaCindina for the MULAC brand.  Ageop Ricerca is a charity that assists young oncological patients and their families; we gave life to the hashtag#makeupschool project dedicated to the girls assisted at the centre, with the aim of sharing with them four days dedicated to make-up and beauty. Thanks to the support of our Make-up Artists and the founder of Mulac Cometics, La Cindina, the participants were able to totally immerse themselves in the world of cosmetics, creating make-up on themselves following the precious advice of our experts. It was a wonderful opportunity to show that the world of make-up goes beyond appearance, but rather can be a tool for exploring one's individuality, gaining self-confidence and embracing one's uniqueness.  We would like to thank Ageop Ricerca, MULAC , our make-up artists and all the participants for helping to make this initiative possible by bringing together beauty, creativity and the strength of young women facing difficult challenges.  hashtag#douglasteam hashtag#charity hashtag#people",
            "comments": []
        },
        {
            "post": "Ha aperto al pubblico oggi, 14 settembre, il flagship store di Douglas in via Torino 36. 371esimo negozio di DOUGLAS ITALIA, il punto vendita si sviluppa su due livelli, di cui il primo piano interamente dedicato ai servizi",
            "comments": []
        },
        {
            "post": "𝗦𝘁𝗿𝗼𝗻𝗴 𝗤𝟯 𝗣𝗲𝗿𝗳𝗼𝗿𝗺𝗮𝗻𝗰𝗲: 𝗗𝗢𝗨𝗚𝗟𝗔𝗦 𝗴𝗿𝗼𝘄𝘀 𝗦𝗮𝗹𝗲𝘀 𝗮𝗻𝗱 𝗣𝗿𝗼𝗳𝗶𝘁𝘀We are happy to share that DOUGLAS continued its growth path with increased sales and profits in the third quarter (April to June) of the fiscal year 2022/23. We grew total Group adjusted sales (net) by 9.7% to 910.4 million euros as our omnichannel model proved to be a success factor once again. Our store adj. sales (net) were up 12.1% and E-Commerce grew 5.2% year-on-year, with both channels attracting customers with excellent services and a strong assortment of products and brands.In addition, DOUGLAS has further strengthened its profitability in the third quarter: Group adj. EBITDA improved by 11.9% to 154.3 million euros. Our very good development culminates in a positive net income of 44.9 million euros in the first nine months of the fiscal year, a positive swing of more than 120 million euros compared to FY 2021/22.On top of these financial results, we are also making good progress in implementing our “Let it Bloom” strategy introduced earlier this year, with three groundbreaking recent decisions:🏪 𝗪𝗲 𝗮𝗿𝗲 𝗶𝗻𝘁𝗿𝗼𝗱𝘂𝗰𝗶𝗻𝗴 𝗮 𝗿𝗲𝗳𝗶𝗻𝗲𝗱 𝗺𝘂𝗹𝘁𝗶-𝗳𝗼𝗿𝗺𝗮𝘁 𝗽𝗼𝗿𝘁𝗳𝗼𝗹𝗶𝗼 𝘀𝘁𝗿𝗮𝘁𝗲𝗴𝘆We will focus on three formats going forward: “Premium” and “Luxury” stores as well as our online shop. With this step, we are optimizing our customer approach and leverage further omnichannel synergies.⚙ 𝗪𝗲 𝗮𝗿𝗲 𝗲𝘀𝘁𝗮𝗯𝗹𝗶𝘀𝗵𝗶𝗻𝗴 𝗼𝗻𝗲 𝗴𝗿𝗼𝘂𝗽 𝘄𝗶𝗱𝗲 𝗘-𝗖𝗼𝗺 𝗽𝗹𝗮𝘁𝗳𝗼𝗿𝗺To achieve a greater range of functions, an increase in the quality level and cost efficiency, we will be switching to a common E-Commerce platform across Europe in the next years.🚚 𝗪𝗲 𝗮𝗿𝗲 𝗱𝗲𝘃𝗲𝗹𝗼𝗽𝗶𝗻𝗴 𝗮 𝗴𝗿𝗼𝘂𝗽 𝘄𝗶𝗱𝗲 𝘀𝘂𝗽𝗽𝗹𝘆 𝗰𝗵𝗮𝗶𝗻 𝗳𝘂𝗻𝗰𝘁𝗶𝗼𝗻A strong logistics set-up is vital to us as an omnichannel retailer. That is why we are developing a group wide supply chain approach based on standardization, simplicity and scalability.None of this would be possible without the dedication of our incredible hashtag#TeamDOUGLAS. Your unwavering dedication, creativity and effort are truly reflected in these outstanding results! hashtag#LetItBloom hashtag#Omnichannel hashtag#WeDoBeautiful hashtag#Q3results",
            "comments": []
        },
        {
            "post": "La catena tedesca di profumerie Douglas ha archiviato l’esercizio fiscale 2021/2022 con hashtag#vendite in hashtag#crescita del 17% a 3,6 miliardi di euro.Nel periodo chiuso il 30 settembre 2022, l’ebitda è salito del 49,4% a 325,5 milioni di euro ed è quasi tornato ai livelli pre-pandemia.hashtag#Douglas, che attualmente conta oltre 1.800 hashtag#puntivendita in...",
            "comments": []
        },
        {
            "post": "A X-Style, nella sezione Extraordinary People dedicata ad imprenditori e manager del mondo hashtag#luxury, è stato di recente intervistato il nostro President & CEO Southern Europe, Dott. Pampani.Con la sua lunghissima esperienza in ambito hashtag#retail, il nostro CEO ha portato la multinazionale tedesca a diventare hashtag#leader nel settore hashtag#beauty in Italia, sapendo coniugare innovazione e tradizione.Molti gli spunti emersi da questa intervista, che ci hanno permesso di scoprire qualcosa in più sulla sua storia professionale e personale.Guarda l’intervista completa al link sotto riportato: _________At X-Style, in the Extraordinary People section dedicated to entrepreneurs and managers in the hashtag#luxury world, our President & CEO Southern Europe, Dr. Pampani, was recently interviewed.With his incredibly long experience in hashtag#retail, our CEO has led the German multinational company to become hashtag#leader in the hashtag#beauty industry in Italy, combining succesfully innovation and tradition.Many insights emerged from this interview, allowing us to discover more about his professional and personal story.Watch the full interview at the following link:",
            "comments": []
        },
        {
            "post": "Siamo orgogliosi di annunciare che oggi, 8 settembre, è stato inaugurato il nostro nuovissimo negozio, il 370° in Italia, nuovissimo hashtag#flagship hashtag#Douglas situato all’interno della Stazione di Roma Termini.  Situato in una posizione strategica, diventerà la hashtag#beautydestination indispensabile per chi viaggia e non solo, grazie ad un’ampia offerta di prodotti di numerosi brand internazionali e di servizi espressamente concepiti per le esigenze dei hashtag#frequenttraveller. Lo hashtag#store si sviluppa in un ambiente moderno, raffinato e minimalista, suddiviso in due vasti piani e progettato per valorizzare al massimo la hashtag#customerexperience. È inoltre presente una Douglas hashtag#BeautyLounge: amatissimo ed esclusivo spazio dove regalarsi trattamenti estetici e consulenze per viso e corpo scegliendo da un ampio e prestigioso catalogo. Le proposte sono pensate anche per chi viaggia e vuole usufruire di un servizio hashtag#beautyexpress: un “concentrato” di bellezza per chi è sempre di corsa ma non rinuncia a concedersi un momento di hashtag#relax. “L’apertura del flagship store di Roma è un’ulteriore conferma della volontà di Douglas di sviluppare ed ampliare costantemente il proprio network di negozi. Stiamo notando come i nostri clienti, dopo le restrizioni dovute alla pandemia, abbiano il desiderio di riprendere le loro routine di bellezza: i nostri servizi e le nostre beauty lounge rispondono ampiamente a questa esigenza, vantando una grande qualità di offerta. Tutto questo conferma senza esitazioni il posizionamento prestige dell’insegna e il suo continuo successo” dichiara Fabio Pampani, CEO Douglas Southern Europe. Congratulazioni a tutto il team hashtag#DouglasItalia per la realizzazione di questo importante e meraviglioso progetto. hashtag#Douglas hashtag#Beauty hashtag#Flagship hashtag#RomaTermini hashtag#Innovation hashtag#Business hashtag#Retail hashtag#beautyindustry hashtag#teamdouglas hashtag#passion",
            "comments": []
        },
        {
            "post": "Secondo drop per il make-up di Chiara FerragniLa collezione beauty dell'imprenditrice digitale si arricchisce con 10 nuovi prodotti, tra cui lip balm, lip gloss, highlighter e tre palette di ombretti ispirati alle sue città più care, Milano, Parigi e Los Angeles. I prodotti saranno disponibili in esclusiva nelle profumerie Douglas.di Rita Miele Chiara Ferragni Brand hashtag#chiaraferragni hashtag#makeup hashtag#beauty hashtag#douglas hashtag#douglasitalia hashtag#drop",
            "comments": []
        },
        {
            "post": "Sventurato il mondo che travisa il concetto di eroe. A sinistra Anna Muzychuk, che rifiutò di giocare i mondiali di scacchi in Arabia Saudita e quindi di difendere il suo titolo. Non volle adeguarsi alle regole saudite, come quella di doversi vestire in un certo modo durante le partite, o quella di dovere sempre essere accompagnata da almeno un uomo durante gli spostamenti. Ritenne che la sua dignità contasse più di un trofeo, infatti, NON ANDÒ e così perse il titolo di campionessa del mondo. A destra Novak Dijokovic, un tennista ai vertici mondiali in disaccordo con le regole anticovid decise in Australia. Ma lui ci vuole andare lo stesso a disputare un torneo, perciò prova un inciucio, ma non gli riesce. Risultato finale: per lei nessuna o quasi solidarietà e a parte pochi appassionati di scacchi, nessuno se la fila, lui invece, da molti osannato come un eroe che lotta per la libertà.",
            "comments": []
        },
        {
            "post": "Condividiamo con orgoglio altri scatti dall'evento che si è tenuto presso il punto vendita hashtag#Douglas in via Sparano a hashtag#Bari, durante il quale Chiara Ferragni ha presentato la sua prima hashtag#collezione hashtag#makeup, dedicata a tutti coloro che desiderano sentirsi la versione hashtag#migliore di se stessi.Ancora complimenti a tutto il hashtag#Team hashtag#Douglas Italia!hashtag#Douglas hashtag#beauty hashtag#collection hashtag#chiaraferragni hashtag#innovation hashtag#business hashtag#Retail hashtag#beautyindustry hashtag#teamdouglas hashtag#innovation hashtag#passion",
            "comments": []
        }
    ]
}