{
    "name": "Stefano Marchetti",
    "subtitle": "VP & CFO presso Wolters Kluwer Italia",
    "location": "Buccinasco, Lombardy, Italy",
    "about": "",
    "experiences": [
        [
            "Wolters Kluwer Italia",
            "22 yrs 11 mos",
            "VP & Chief Financial Officer",
            "Full-time",
            "Sep 2023 - Present · 9 mos",
            "Milano, Lombardia, Italia",
            "CFO",
            "Jul 2018 - Dec 2023 · 5 yrs 6 mos",
            "Milano, Italia",
            "Accounting & Finance Director",
            "Jul 2001 - Jun 2018 · 17 yrs",
            "Accounting & Finance Director di gruppo in “Wolters Kluwer Italia S.r.l.”, società italiana facente parte del gruppo multinazionale olandese Wolters Kluwer, leader mondiale nella produzione di servizi, prodotti editoriali e software per il mercato professionale."
        ],
        [
            "Responsabile Amministrativo",
            "Sal S.r.l.",
            "Mar 1987 - Mar 1989 · 2 yrs 1 mo",
            "Binasco"
        ],
        [
            "Contabile",
            "Studio Commercialista 2MB",
            "Sep 1985 - Mar 1986 · 7 mos",
            "Milano"
        ]
    ],
    "posts": [
        {
            "post": "Ricopro una nuova posizione lavorativa: VP & Chief Financial Officer presso Wolters Kluwer Italia!",
            "comments": []
        }
    ]
}