{
    "name": "Antonio Schinardi",
    "subtitle": "amministratore delegato presso Engineering 2K S.p.A.",
    "location": "Piacenza, Emilia-Romagna, Italy",
    "about": "",
    "experiences": [
        [
            "amministratore delegato",
            "Engineering 2K S.p.A.",
            "May 2000 - Present · 24 yrs 1 mo"
        ],
        [
            "Direttore Generale",
            "ALS SpA",
            "Sep 1994 - May 2000 · 5 yrs 9 mos"
        ],
        [
            "Amministratore Delegato e DG",
            "Gruppo Bertola",
            "Jan 1990 - Sep 1994 · 4 yrs 9 mos"
        ],
        [
            "Amministratore Delegato",
            "FABERT SpA",
            "Jan 1988 - Jan 1990 · 2 yrs 1 mo"
        ],
        [
            "Responsabile tecnico operativo",
            "Bertola SpA",
            "Feb 1985 - Aug 1986 · 1 yr 7 mos"
        ]
    ],
    "posts": []
}