{
    "name": "Renato Corbetta",
    "subtitle": "ITALY MANAGER presso Reckitt Benckiser",
    "location": "Milan, Lombardy, Italy",
    "about": "Ottime capacita' di comunicazione grazie alla mia esperienza prima con i clienti , poi con gli agenti.Capacita' organizzative non solo in campo lavorativo ma anche all'interno di societa sportive.Obiettivi ,continuare il lavoro di squadra e di comunicazione sviluppare nuove opportunita nel canale farmacie , esempio nuovi sistemi di category e condizioni commerciali.",
    "experiences": [
        [
            "Reckitt Benckiser",
            "13 yrs 1 mo",
            "Italy Manager",
            "Apr 2014 - Present · 10 yrs 2 mos",
            "Preparazione e formazione di Uomini,Condizioni commerciali , nuovi clienti e nuovi settori merceologici.",
            "area Manager",
            "May 2011 - Present · 13 yrs 1 mo",
            "Formazione e cultura della vendita agli agenti  presso canale Farmacia.\nIntegrazione condizioni di vendita , implementazione strategia aziendale sulla forza vendita e sul cliente."
        ]
    ],
    "posts": []
}