{
    "name": "Fabio Tordera",
    "subtitle": "Chief Financial Officer  Intals  SpA",
    "location": "Milan, Lombardy, Italy",
    "about": "Experienced Chief Financial Officer with a demonstrated history of working in the mining & metals industry. Strong finance professional skilled in Negotiation, Business Planning, Management, Corporate Finance, and Business Strategy.",
    "experiences": [
        [
            "Group Chief Financial Officer",
            "Intals SpA · Full-time",
            "Jan 2008 - Present · 16 yrs 5 mos",
            "Milano, Lombardia, Italia"
        ],
        [
            "Group Chief Financial Officer",
            "Pride",
            "Feb 2003 - Jan 2008 · 5 yrs"
        ],
        [
            "Chief Financial Officer",
            "FILA - FABBRICA ITALIANA LAPIS ED AFFINI S.p.A.",
            "Apr 2000 - May 2003 · 3 yrs 2 mos"
        ],
        [
            "Responsabile Amministrativo",
            "Novacavi",
            "1996 - Mar 2000 · 4 yrs 3 mos"
        ],
        [
            "Supervisor",
            "PricewaterhouseCoopers",
            "1990 - 1996 · 6 yrs"
        ]
    ],
    "posts": [
        {
            "post": "Buongiorno a tutti stiamo verificando ritardi importanti ( anche più di 5 giorni) nella trasmissione fatture clienti e fornitori da parte dello SDI. Volevo una vostra opinione/testimonianza  al riguardo anche  perché sui principali quotidiani non vedo articoli che richiamino tale problematica",
            "comments": []
        },
        {
            "post": "vittorio buonaguidi",
            "comments": []
        }
    ]
}