{
    "name": "Diego Galli",
    "subtitle": "General Manager at INWIT",
    "location": "Rome, Latium, Italy",
    "about": "",
    "experiences": [
        [
            "General Manager",
            "INWIT S.p.A.",
            "Oct 2022 - Present · 1 yr 8 mos"
        ],
        [
            "Chief Financial Officer",
            "INWIT - Infrastructure Wireless Italiane, s.p.a.",
            "Apr 2020 - Oct 2022 · 2 yrs 7 mos",
            "Italy"
        ],
        [
            "Group Internal Audit Director",
            "VODAFONE Plc",
            "May 2016 - Mar 2020 · 3 yrs 11 mos",
            "London, United Kingdom"
        ],
        [
            "Chief Financial Officer",
            "Vodafone UK",
            "Aug 2012 - Apr 2016 · 3 yrs 9 mos",
            "Newbury, United Kingdom"
        ],
        [
            "Chief Financial Officer",
            "Vodafone Turkey",
            "Jun 2009 - Jul 2012 · 3 yrs 2 mos",
            "Istanbul, Turkey"
        ]
    ],
    "posts": []
}