{
    "name": "Adrian Calaza",
    "subtitle": "CFO - Telecom Argentina",
    "location": "Italy",
    "about": "",
    "experiences": [
        [
            "Group CFO",
            "TIM · Full-time",
            "Mar 2022 - Present · 2 yrs 3 mos",
            "Roma, Lacio, Italia"
        ],
        [
            "CFO",
            "Grupo Arcor · Full-time",
            "Sep 2021 - Feb 2022 · 6 mos",
            "Argentina"
        ],
        [
            "CFO",
            "TIM Brasil",
            "Oct 2016 - Sep 2021 · 5 yrs",
            "Rio de Janeiro y alrededores, Brasil",
            "Responsable de las actividades de Planificación y Control, Balance y Administración, Finanzas, Impuestos, Relaciones con Inversiones, Abastecimiento y Logística, Gestión de Riesgos, y Seguridad."
        ],
        [
            "CFO",
            "Telecom Argentina",
            "Aug 2007 - May 2016 · 8 yrs 10 mos",
            "Argentina",
            "Administración, Finanzas y Control (CFO)"
        ],
        [
            "Investments Evaluation and Control Manager",
            "TIM Brasil",
            "Jan 2006 - Jul 2007 · 1 yr 7 mos",
            "Rio de Janeiro y alrededores, Brasil"
        ]
    ],
    "posts": [
        {
            "post": "Ontem realizamos mais uma edição do TIM Brasil Day, no qual foi apresentado detalhadamente o plano trienal 2021-2023 da TIM Brasil para diversos stakeholders. Durante o encontro, reforçamos nossas metas financeiras à curto e longo prazo, mostramos que estamos preparados para as grandes transformações do setor de telecom e para seguir melhorando significativamente a geração de caixa. Continuaremos melhorando a eficiência dos processos, trabalhando em equipe, com foco na redução de custos e melhorias na experiência do cliente. hashtag#investorday hashtag#planejamento hashtag#imagineaspossibilidades",
            "comments": []
        }
    ]
}