{
    "name": "Mauro Beretta",
    "subtitle": "Amministratore Delegato",
    "location": "Italy",
    "about": "",
    "experiences": [
        [
            "Amministratore Delegato",
            "Giorgio Armani Operations",
            "Jul 2020 - Present · 3 yrs 11 mos",
            "Milan, Lombardy, Italy"
        ],
        [
            "Vice Direttore Generale Industriale",
            "Giorgio Armani",
            "Jul 2020 - Present · 3 yrs 11 mos"
        ],
        [
            "Senior Vice President Operations",
            "Versace",
            "Sep 2017 - Aug 2020 · 3 yrs",
            "Novara Area, Italy"
        ],
        [
            "WW Operations & Supply Chain Director",
            "Moncler",
            "Sep 2012 - Aug 2017 · 5 yrs",
            "Padova Area, Italy"
        ],
        [
            "Apparel Industrial Division Director",
            "Dolce & Gabbana",
            "Mar 2001 - Sep 2012 · 11 yrs 7 mos",
            "Operation dept, Logistic dept, Customer Service, Merchandising dept."
        ]
    ],
    "posts": []
}