{
    "name": "Francesco Meroni",
    "subtitle": "Marketing Director Italy I Board Member",
    "location": "Greater Milan Metropolitan Area",
    "about": "Marketer with a special attitude to the sales side:- 22 years experience in 3 big FMCG companies;- Focus on consumers understanding and brand leveraging. Deep attitude to play on the sales side trying to exploit in the best way the role of a complete marketer. P&L deep management and responsibility;- strong and several international contaminations that allowed me to expand my competences and to daily increase my cultural background;- great focus on people management: after years of work, create an excellent, powerful and engaged team is my first target;- energetic/empathic approach and drive for results attitude;- proven capability to lead “from the head and from the heart” direct teams and BU through passion, motivation and leadership;- native Italian, fluent in English, Spanish at B2 level",
    "experiences": [
        [
            "Mondelēz International",
            "16 yrs 11 mos",
            "Marketing Director Italy I Board Member",
            "Full-time",
            "Jul 2023 - Present · 11 mos",
            "Milan, Lombardy, Italy · Hybrid",
            "Marketing Director Snacks Italy & Greece",
            "Nov 2018 - Jul 2023 · 4 yrs 9 mos",
            "Milan Area, Italy",
            "Head of Trade Marketing & Customers Activation Italy",
            "Mar 2016 - Nov 2018 · 2 yrs 9 mos",
            "Milan Area, Italy"
        ],
        [
            "Bolton",
            "3 yrs 11 mos",
            "Senior Product Manager",
            "Oct 2005 - Jul 2007 · 1 yr 10 mos",
            "Product Manager",
            "Sep 2003 - Oct 2005 · 2 yrs 2 mos"
        ],
        [
            "Henkel s.p.a",
            "1 yr 9 mos",
            "Trade Marketing Specialist",
            "Sep 2002 - Sep 2003 · 1 yr 1 mo",
            "Assistant Product Manager",
            "Jan 2002 - Sep 2002 · 9 mos"
        ]
    ],
    "posts": [
        {
            "post": "Con la nuova campagna outdoor “Scegli le Originali” - ideata con Leo Burnett Italia, curata da Starcom e prodotta da Prodigious - Sottilette®️ aggiunge un altro tassello alla campagna  “Solo Sottilette®️ Sono Sottilette®️” lanciata lo scorso dicembre.Le principali città italiane si sono tinte dell’inconfondibile rosso di Sottilette®️ e  l’iconico pack dalla forma quadrata è diventato il protagonista indiscusso delle metropolitane di Milano Cadorna, Roma Termini e Napoli Toledo.Oltre a voler mettere focus sulla riconoscibilità del nostro marchio, la campagna vuole raccontare perché i consumatori italiani ci amano da oltre 60 anni: Sottilette®️ sono le preferite dagli italiani per il  loro gusto unico, perché si sciolgono alla perfezione e perchè li accompagnano nelle loro ricette da sempre… in poche prole “Solo Sottilette®️ sono Sottilette®️”.Publicis Groupe Italia hashtag#TeamMDLZ",
            "comments": []
        },
        {
            "post": "Non penso ci sia molto da aggiungere. Un “semplice” GRAZIE MDLZ italia……Una gran bella realtà italiana in una vera multinazionale con gente eccezionale e brands unici.Siamo orgogliosi di voi MDLZ Italia! 👍💪🏻❤️🇮🇹hashtag#TeamMdlzhashtag#MdlzItaliaSilvia Bagliani Lorenza Cipollina Alessandra Mangiarotti roberta candileno Francesco Meroni Vinzenz Gruber Luca Zaramella",
            "comments": []
        },
        {
            "post": "Sono orgogliosa di condividere che Mondelēz Italia si è posizionata nella TOP 10 della classifica “Best workplaces ™” per le grandi imprese (oltre 500 dipendenti) stilata da Great Place to Work®. Un successo che voglio condividere con tutto il team che, giorno dopo giorno, contribuisce a creare un ambiente inclusivo e diversificato dove ognuno possa sentirli libero di esprimere il proprio talento e la propria unicità.hashtag#TeamMDLZ",
            "comments": []
        },
        {
            "post": "Poche cose mi emozionano come stare su un campo da calcio. Un onore esserci per rappresentare l’azienda alla premiazione del Coach of the Month Philadelphia.Una grande inizativa del team Marketing Mondelez Francesco Meroni, Francesco Surrenti, Chantal Maccario, Ciro Ragozzino.Grazie a Christoph Winterling per l'ospitalità e complimenti per quanto state facendo.",
            "comments": []
        },
        {
            "post": "🇮🇹 Philadelphia Official Partner Lega Serie A ⚽️ Cosa unisce da sempre gli italiani? Il piacere per il cibo e la passione per il calcio.Philadelphia, che da oltre 50 anni è presente sulle tavole degli italiani, per la prima volta fa il suo ingresso in campo diventando Partner Ufficiale del Campionato di Serie A per la stagione 2023/2024. È questo il concept alla base della nostra Activation “Un Amico da Serie A”. Un piano di comunicazione a 360° (e oltre) per valorizzare la nostra Partnership a partire da Dicembre 2023 con:🏟️ LED a bordocampo durante la Supercoppa Italiana e la Finale di Coppa Italia;📲 Highlights di tutte le partite di Serie A “Presented by Philadelphia” sul canale Youtube di Lega Serie A;🎟️ Un concorso nazionale per vincere biglietti VIP per le partite;🛒 Extra-visibilità in 1.000 punti vendita e sull’ecommerce;👨🏻‍🍳 Un Ricettario ad hoc realizzato da Chef in Camicia con 5 Ricette da Serie A;📺 Un piano di amplificazione TV e digital tutto da scoprire. 🏆 Philadelphia è inoltre il title sponsor dei premi “Coach of The Month” & “Coach of the Season”, prestigioso riconoscimento assegnato su base mensile e annuale al miglior allenatore della Serie A ed eletto da una giuria di qualità composta da giornalisti sportivi, trasmesso in diretta dai canali broadcaster Dazn/Sky. Un ringraziamento speciale a tutta la Squadra da Serie A, che sta facendo brillare questa Partnership 💎Mondelēz International Lega Serie A Michele Ciccarese Francesco Meroni Chantal Maccario Francesco Surrenti Valentina Rago Luca Astolfi Evi Dimitrakaki Alessandra Mangiarotti Elisa Giorgianni Antonio Condò Francesca Pozzi Raffaella CLERICI Roberta Genesi Giusy Ferrara Martino Villa Starcom: Giulia Mirandola Matteo Maggiaioli Giuseppina Petrina Giuseppe Santoro YAM112003: Elide Dell'Avo Gory Pianca Cecilia Tosi Bernardo Maglione Carlo Miozzi Silvia Messa Filippo Ferretti Elisa Marina Francesca Arceri Sabrina Mazzeo Federica Cagnoni Chef in Camicia: Luca Palomba Nicolò Zambello Pietro Zambetti Pietro Colloredo Mels Emanuele Moncada  hashtag#PhiladelphiaItalia hashtag#SerieA hashtag#unAmicodaSerieA",
            "comments": []
        },
        {
            "post": "⚽ Philadelphia Italia è Official Partner di Lega Serie A per la stagione sportiva 2023/2024.✨ Grazie a questa partnership, il nostro iconico marchio - presente sulle tavole degli italiani da oltre 50 anni - continua a celebrare il valore dell’hashtag#amicizia inserendosi alla perfezione tra due elementi chiave della cultura del nostro Paese: il hashtag#cibo e il hashtag#calcio.👉🏼 Scopri tutti i dettagli: http://ms.spr.ly/6049im28Xhashtag#TeamMDLZ hashtag#PhiladelphiaItalia hashtag#SerieA",
            "comments": []
        },
        {
            "post": "Lega Serie A has signed a major partnership with the renowned cream cheese developer, Philadelphia.Luigi De Siervo, Chief Executive Officer, Lega Serie A, stated, “We welcome with satisfaction the entry among our partners of one of the largest multinationals in the food sector such as Mondelez. Philadelphia Coach Of The Month”, an award that certifies not only the results and the entertainment offered, but also the fair play and behavior inside and off the pitch.\"Silvia Bagliani , President and CEO of the Mondelēz International Group in Italy, remarked, “With immense pleasure we announce the prestigious partnership between Philadelphia, the iconic brand of Mondelēz International, and Lega Serie A – an alliance founded on the shared values of quality, passion and excellence. This agreement marks a significant milestone in our ambition to be a leader in communications through the integration of valuable partnerships into the marketing plans of our brands. We firmly believe that the synergies we will create together with Lega Serie A will lead to new and engaging experiences for our consumers and will strengthen the bond between Philadelphia and all football fans in Italy.” hashtag#sportsbiz hashtag#sportsmarketing hashtag#sportssponsorship https://lnkd.in/dPYGrJEq",
            "comments": []
        },
        {
            "post": "Lega Serie A and Philadelphia, iconic brand of Mondelēz International, announce new Partnership. 🤝Philadelphia Italia will be Official Partner of Lega Serie A for the 2023/2024 football season and the new title sponsor of the \"Coach of The Month\" & \"Coach of the Year\" awards.Lega Serie A e Philadelphia, iconico brand del Gruppo Mondelez International, annunciano una nuova Partnership. 🤝 Philadelphia Italia sarà Official Partner di Lega Serie A in occasione della stagione calcistica 2023/2024 ed il nuovo Title Sponsor dei premi “Coach of The Month” & “Coach of the Year”.SCOPRI DI PIU’: https://lnkd.in/dh3ftBF7",
            "comments": []
        },
        {
            "post": "Ending the year on a real high note with the entire Western European Marketing Organization in Paris, reimagining marketing together. Could not be more proud of this team. Wishing everyone relaxing holidays and a courageous New Year. hashtag#WE’rePossible hashtag#teammdlz Caroline Baume, Francesco Meroni, Filipe Salsinha, Petar Sogindolski, Florence Brunel, sylvie cadeau, Laura Diamand-Martin, Kate Knight, Jim Lawless",
            "comments": []
        },
        {
            "post": "𝑨𝒛𝒛𝒖𝒓𝒓𝒊 𝑷𝒂𝒓𝒕𝒏𝒆𝒓 𝑫𝒂𝒚 🇮🇹🤝🏻Oggi abbiamo vissuto un’altra bellissima giornata insieme ai nostri hashtag#Partner: l’ennesima dimostrazione dell’unione della nostra famiglia azzurra 💙Giovanni Valentini: “C’è una squadra che si impegna e gioca in campo, ma ce n’è un’altra altrettanto importante che si impegna e gioca anche fuori dal campo… Ed è quella dei nostri Partner commerciali” 𝐿’𝐴𝑧𝑧𝑢𝑟𝑟𝑜 𝑐𝑖 𝑢𝑛𝑖𝑠𝑐𝑒. 𝑆𝑒𝑚𝑝𝑟𝑒.Approfondisci ➡️ https://lnkd.in/dVY-d7zghashtag#FIGC hashtag#PartnerFIGC hashtag#AzzurriPartnerDay hashtag#LAzzurroCiUnisce",
            "comments": []
        }
    ]
}