{
    "name": "Francesco Sonnati",
    "subtitle": "HR Manager @ BorgWarner",
    "location": "Milan, Lombardy, Italy",
    "about": "Senior HR professional with a positive approach to every challenge and a proven track record of 10+ years in Talent Acquisition & Talent Management. Passionate about cars, technology and ancient art.",
    "experiences": [
        [
            "HR Manager",
            "BorgWarner · Full-time",
            "Dec 2023 - Present · 6 mos",
            "Milano, Lombardia, Italia",
            "Reporting to Europe HR Director, HR Manager for BorgWarner PDS Italy (160HC, Engineering Product Development and Prototype Production).\nItaly Compliance Officer for BW PowerDrive Systems.\nLeading the HR Team across Talent Acquisition, L&D, Payroll & Personnel Administration (external provider), DE&I, Organization, HC Budgeting/Forecasting, Internal Communication.\n\nTools: Workday, Zucchetti"
        ],
        [
            "Eldor Corporation",
            "7 yrs 2 mos",
            "Recruiting & Selection Supervisor - Corporate & Italy",
            "Full-time",
            "Apr 2019 - Nov 2023 · 4 yrs 8 mos",
            "Como, Italia",
            "Reporting to the Global Chief HR Officer and leading a team of 3 HR specialists, i'm responsible for all HR activities related to: \n- Management of all Recruiting & Selection processes (100+ per year) for Eldor HQ and all R&D Sites in Italy, from junior/graduate to Management positions, with responsibility also on Talent Acquisition & Management for Zehus SpA (e-bikes company part of the Group) and for Eldor office in Germany; \n- Acting as a focal point for hiring managers, stakeholders, management and executives (including Board of Directors); \n- Developement of Employer Branding, sourcing strategies, hiring & on-boarding for Eldor Italy, being also a reliable partner for HR functions of Turkey, China, Brazil & USA; \n- Working with Corporate HR Development Team for all Recruiting-related activities (Comp&ben, Organization, Corporate processes & procedures, Employer Branding activities i.e. career days & job fairs).",
            "Recruiting & Selection Specialist",
            "Oct 2016 - Apr 2019 · 2 yrs 7 mos",
            "Como, Italia",
            "•\tHR Specialist with focus on Talent Acquisition\n\n•\tFull-cycle recruiting (from scouting to economical offer management) for senior specialists, managers, directors, C-Levels\n\n•\tSuppliers management (head hunting, R&S firms)\n\n•\tContinuous Improvement & 7S Responsible for HR function \n\n•\tPartecipation to Career Days and events in partnership with Business Schools"
        ],
        [
            "Engineering Consultant",
            "Experis Italia",
            "May 2013 - Sep 2016 · 3 yrs 5 mos",
            "Milano, Italia",
            "Consultant, Head Hunter & Recruitment Project Leader, for a wide range of Organizations (from family companies to international corporations).\n\nBusiness development and Sales Account Management for staffing solutions in order to achieve business and revenue targets.\n\nMain focus: Automotive, Aerospace & Motorsport Industry."
        ],
        [
            "Master Student",
            "ISTUD Business School",
            "Oct 2012 - Apr 2013 · 7 mos",
            "Verbano-Cusio-Ossola, Italia",
            "Master in Human Resources and Organization"
        ],
        [
            "Research associate",
            "Università degli Studi di Torino",
            "2010 - 2012 · 2 yrs",
            "Torino, Italia"
        ]
    ],
    "posts": [
        {
            "post": "Celebrating hashtag#IWD in BorgWarner PDS Italy! 🌺 Thanks to all women who work with us, and thanks to all men who challenge gender stereotypes, discrimination and bias.hashtag#inspireinclusion hashtag#internationalwomensday hashtag#borgwarner",
            "comments": []
        },
        {
            "post": "BorgWarner is a journey of endless growth with access to diverse opportunities like conferences and cross-training, every day presents a chance to elevate your career. Join our team and unlock your full potential in an environment designed for your success. Explore career possibilities at https://lnkd.in/eMiCmHdX",
            "comments": []
        },
        {
            "post": "Our 2023 Q4 and full year Earnings Report is in! 📈 We’re ready to charge forward into 2024 with a strong start. Read more: https://bit.ly/3SOn7zg",
            "comments": []
        },
        {
            "post": "Exciting News! BorgWarner has made its debut on The Wall Street Journal's \"The 250 Best-Managed Companies of 2023\" list, which is an amazing testament to our commitment to excellence. We're proud to be acknowledged for our stellar performance in customer satisfaction, employee engagement, innovation, social responsibility, and financial strength. Here's to charging forward into a future of continued success! 🌟",
            "comments": []
        },
        {
            "post": "I'm starting a new position: HR Manager at BorgWarner!",
            "comments": []
        },
        {
            "post": "⚡️⚡️⚡️",
            "comments": []
        },
        {
            "post": "📣 We are hiring! We are looking for 2 talents to join the Electric & Hybrid Software Testing Team to support the activities related to Unit Verification and Qualification Test. Apply here 👇  and join us! Software Unit Verfication Test Engineer https://shorturl.at/aeQ58Software Qualification Test Engineer https://shorturl.at/mzBJLhashtag#hiring hashtag#engineer hashtag#softwaretesting",
            "comments": []
        },
        {
            "post": "Stiamo assumendo in Sardegna! ☀ Cerchiamo un Software Architect per il nostro R&D Centre di Cagliari.Candidati qui 👇 https://shorturl.at/chrwE hashtag#software hashtag#architect hashtag#eldorcorporation",
            "comments": []
        },
        {
            "post": "Questa mattina allo Sheraton Lake Como Hotel si è tenuta l'Assemblea dei Soci di Confindustria Como, con l'elezione del nuovo Presidente Gianluca Brenna, che raccoglie il testimone da Aram Manoukian. Ospite dell’evento, che ha visto la partecipazione di circa 200 imprenditori e imprenditrici, il fondatore e Presidente di Eldor Corporation, Pasquale Forte, che ha ricevuto il riconoscimento “Onora da oltre 50 anni il lavoro”. Premiati insieme a lui anche gli imprenditori Ernesto Cappelletti, Ivano Soliani, Savino Tatoli e Ariberto Zanfrini.La squadra per il quadriennio 2023-2027, oltre al Presidente Brenna, è composta da:🔹 FRANCESCO PIZZAGALLI (Fumagalli Industria Alimentari Spa), Vice Presidente Vicario con delega alla Sostenibilità🔹 ALBERTO NOVARESE (Saati Spa), Vice Presidente con delega a Internazionalizzazione e Unione Europea🔹 FRANCESCA POLTI (Polti Spa), Vice Presidente con delega a Relazioni industriali, previdenza, welfare e people CONSIGLIERI INCARICATI:🔹 MICHELE CIAVOLA (Eldor Corporation Spa) con delega a Education🔹 MARCELLA PANZERI (Cama Srl Unipersonale) con delega a Economia d’impresa🔹 STEFANO POLIANI (Tuvia Italia Kerry Logistics) con delega a Innovazione, ricerca e sviluppo 🔹 ANDREA TAGLIABUE (Tabu Spa) con delega a Marketing e Comunicazione Completano il Consiglio di Presidenza i componenti di diritto già presenti: 🔹 PAOLO BELLOCCO (GDS Communication Srl Società Benefit a Socio Unico - The European House - Ambrosetti) Vice Presidente e Presidente Giovani Imprenditori 🔹 WALTER POZZI (SAIP Srl a socio unico) Vice Presidente e Presidente Piccola Industria che ha ricevuto anche la delega Ambiente, territorio e sicurezza🔹 ARAM MANOUKIAN (Lechler Spa) che resterà nel Consiglio di Presidenza in veste di Past President.",
            "comments": []
        }
    ]
}