{
    "name": "Andrea Traverso",
    "subtitle": "Chief Financial Officer | Harvard Business School | CFO Award 2019 Winner",
    "location": "Italy",
    "about": "Experienced Chief Financial Officer with a demonstrated history of working in the Telco, information technology and pharma industries. Hands-on experience in private equity and finance with executive and senior management roles. Skilled in Negotiation, Business Planning, Leveraged Finance, and M&A. Strong finance professional with a Bachelor of Science (B.S.) focused in Business & Administration from University of Genoa.",
    "experiences": [
        [
            "CFO",
            "iliad · Full-time",
            "Sep 2020 - Present · 3 yrs 9 mos",
            "Milano, Lombardia, Italia"
        ],
        [
            "Objectway",
            "6 yrs 4 mos",
            "Board Director",
            "Dec 2019 - Sep 2020 · 10 mos",
            "Executive Director",
            "Dec 2014 - Sep 2020 · 5 yrs 10 mos",
            "London, United Kingdom",
            "Chief Financial Officer",
            "Jun 2014 - Sep 2020 · 6 yrs 4 mos",
            "Milan Area, Italy"
        ],
        [
            "Executive Director",
            "OBJECTWAY FINANCIAL SOFTWARE NV",
            "Aug 2017 - Sep 2020 · 3 yrs 2 mos",
            "Mechelen, Flanders, Belgium"
        ],
        [
            "Executive Director",
            "Algorfin",
            "Jan 2019 - Dec 2019 · 1 yr",
            "Milano, Italia"
        ],
        [
            "Board Director",
            "Objectway Securities Services",
            "Jun 2015 - Jun 2017 · 2 yrs 1 mo",
            "Milan Area, Italy"
        ]
    ],
    "posts": [
        {
            "post": "We are hiring: Financial Reporting ManagerGreat opportunity to personally contribute to the success of Finance operations, in a fast growing multinational group operating in a very dynamic and engaging environment Grande opportunità di contribuire personalmente al successo delle attività Finance, in un gruppo multinazionale in forte espansione operante in un ambiente altamente dinamico e coinvolgente",
            "comments": []
        },
        {
            "post": "CFO Award 2019Honored to receive the hashtag#CFOAward and thankful to my whole team who made it possible!Such a privilege taking part in yesterday night ceremony with hashtag#Elite in the beautiful Palace of Milan Stock Exchange",
            "comments": []
        },
        {
            "post": "Never being fight Microsoft vs. Apple",
            "comments": []
        },
        {
            "post": "\"Siamo stati stimolati dagli obiettivi del premio stesso. Misurarci con le altre aziende su valori come l'innovazione sostenibile e la crescita economica ci ha molto interessato.\"Luigi Marciano, Presidente OBJECTWAY SPAIn collaborazione con: JPMorgan Chase & Co. Thomson Reuters PwC Italy Il Sole 24 Ore https://bit.ly/2qyBvyr",
            "comments": []
        },
        {
            "post": "JESSICA NEGRO",
            "comments": []
        },
        {
            "post": "Andrea Traverso CFO Objectway :\"Thanks to the #ELITEBasketBond, we successfully raised €18 million of fresh funds to speed up our product innovation programmes and our international expansion” #weareELITE",
            "comments": []
        },
        {
            "post": "Francesco de Benedictis",
            "comments": []
        },
        {
            "post": "Andrea Traverso CFO Objectway :\"Thanks to the #ELITEBasketBond, we successfully raised €18 million of fresh funds to speed up our product innovation programmes and our international expansion” #weareELITE",
            "comments": []
        },
        {
            "post": "We are in on it!!",
            "comments": []
        },
        {
            "post": "Proud to have contributed to this successful result!",
            "comments": []
        },
        {
            "post": "When you know how each of your direct reports likes to work and communicate, you’re able to save time when setting direction and following up.",
            "comments": []
        },
        {
            "post": "Brilliant!",
            "comments": []
        }
    ]
}