{
    "name": "Vanessa Terzoli",
    "subtitle": "HR Manager presso Exyte Italy S.R.L.",
    "location": "Vimercate, Lombardy, Italy",
    "about": "In qualità di HR Manager, sono in grado di gestire l'intero ufficio HR, di organizzare il lavoro in team e in autonomia, definendo priorità, rispettando scadenze e obiettivi prefissati.Empatica e con eccellenti capacità di problem solving, ho come obiettivo lavorare in aziende dinamiche che possano far risaltare le mie potenzialità.",
    "experiences": [
        [
            "HR Manager",
            "Exyte",
            "Mar 2021 - Present · 3 yrs 3 mos",
            "Agrate Brianza, Lombardia, Italia",
            "Elaborazione del piano di sviluppo del personale;\nStretta collaborazione con il Management aziendale e con i responsabili di funzione;\nStretta collaborazione con il payroll;\nAmministrazione del personale;\nPunto di riferimento per Management e dipendenti;\nGestione contratti con agenzie interinali;\nGestione contratti con collaboratori esterni;\nGestione del processo di Recruiting ed assunzione a 360º;\nGestione dimissioni e licenziamenti;\nOnboarding;\nTalent retention;\nTeam Building;\nDefinizione delle linee guida per procedure interne;\nGestione mobility expat/inpat;\nComunicazione interna;\nValutazione, monitoraggio ed analisi delle performance evaluation;\nGestione della valutazione del periodo di prova;\nSviluppo ed implementazione di politiche strutturate di Compensation & Benefit;\nArchiviazione dei dati personali e relativa documentazione di tutti i dipendenti interni ed esterni."
        ],
        [
            "HR Expertise JR Admin",
            "STMicroelectronics",
            "Apr 2019 - Apr 2020 · 1 yr 1 mo",
            "Agrate Brianza, Lombardia, Italia",
            "Recruiting ed On-boarding;\nGestione attività di inserimento nuovi assunti;\nGestione attività di inserimento stagisti e relativa proroga/chiusura del rapporto di lavoro;\nCompilazione e relativo aggiornamento dell’anagrafica dipendenti nei database HR;\nAssistenza nella compilazione dei documenti/moduli amministrativi necessari;\nInvio delle comunicazioni obbligatorie agli enti per l’instaurazione/trasformazione/cessazione del rapporto di lavoro;\nGestione del processo di valutazione del periodo di prova dei nuovi assunti e comunicazione ai manager;\nSupporto alla Corporate Internal Communication;\nSupporto nella gestione del nuovo processo aziendale “employee disclosure” : conflitto di interesse e dichiarazione di parenti in azienda;\nComunali e relativi rimborsi;\nProgramma Summer Job 2019;\nControllo presenze e correzione anomalie relative alle timbrature;\nDistribuzione cedolini;\nArchivio."
        ],
        [
            "HR Expertise JR Admin",
            "STMicroelectronics",
            "Nov 2017 - Nov 2018 · 1 yr 1 mo",
            "Agrate Brianza, Lombardia, Italia",
            "Controllo e successiva validazione delle note spesa;\nControllo e relativo inserimento a sistema delle domande di assegno nucleo familiare;\nControllo e smistamento dei cedolini aziendali;\nControllo dei certificati cartacei di donazione sangue/plasma/midollo e successiva validazione a sistema;\nControllo presenze e correzione anomalie relative alle timbrature;\nVerifica e/o modifica turni operatori;\nArchivio."
        ],
        [
            "Varie attività nei settori eventi, ristorazione e fitness",
            "Varie",
            "Jan 2007 - Nov 2017 · 10 yrs 11 mos",
            "Milano e Hinterland",
            "Hostess per eventi fiere e congressi;\nConsulente commerciale palestra;\nAddetta alla caffetteria e alla sala."
        ],
        [
            "Impiegata amministrativa",
            "Cooperativa Praco",
            "Sep 2011 - Feb 2012 · 6 mos",
            "Brugherio, Lombardia, Italia",
            "Gestione telefonate con clienti italiani ed esteri;\nFatturazione;\nInvio presenze operai ai consulenti del lavoro per successiva elaborazione e consegna dei cedolini;\nArchivio."
        ]
    ],
    "posts": [
        {
            "post": "Dai uno sguardo a questa offerta di lavoro presso Exyte: Project EHS",
            "comments": []
        },
        {
            "post": "Dai uno sguardo a questa offerta di lavoro presso Exyte: Project Cost Controller",
            "comments": []
        },
        {
            "post": "hashtag#formazione hashtag#formazionecontinua hashtag#elearning hashtag#adecco hashtag#risorseumanehashtag#newpeopleteamhashtag#webinairhashtag#HR",
            "comments": []
        },
        {
            "post": "Dovrebbe valere in qualsiasi ambito lavorativo.hashtag#job_opportunities hashtag#talenti hashtag#talentacquisition hashtag#careers hashtag#humanresources hashtag#risorseumane hashtag#HRhashtag#recruiting hashtag#recruiter hashtag#job hashtag#ricercaeselezione hashtag#skills hashtag#impegno hashtag#dedizione hashtag#esserevolenterosi",
            "comments": []
        }
    ]
}