{
    "name": "Claudio Macchioni",
    "subtitle": "CFO at MET Energia Italia S.p.A.",
    "location": "Milan, Lombardy, Italy",
    "about": "",
    "experiences": [
        [
            "CFO",
            "MET Group",
            "Feb 2018 - Present · 6 yrs 4 mos",
            "Milan Area, Italy"
        ],
        [
            "CFO",
            "Edlo Energy SpA",
            "Nov 2014 - Jan 2018 · 3 yrs 3 mos",
            "Brescia Area, Italy"
        ],
        [
            "Energetic Source",
            "7 yrs 7 mos",
            "CFO",
            "Apr 2013 - Oct 2014 · 1 yr 7 mos",
            "Milan Area, Italy",
            "Accounting & Controlling Director",
            "Apr 2007 - Apr 2013 · 6 yrs 1 mo"
        ],
        [
            "Manager",
            "Deloitte",
            "Dec 1999 - Apr 2007 · 7 yrs 5 mos"
        ]
    ],
    "posts": []
}