{
    "name": "Renato Mazzoncini",
    "subtitle": "Chief Executive Officer at A2A",
    "location": "Brescia, Lombardy, Italy",
    "about": "",
    "experiences": [
        [
            "Chief Executive Officer",
            "A2A · Full-time",
            "May 2020 - Present · 4 yrs 1 mo"
        ],
        [
            "Professor",
            "Politecnico di Milano",
            "Sep 2017 - Present · 6 yrs 9 mos",
            "Mobility; infrastructures and services"
        ],
        [
            "Member of The General Council",
            "Confindustria Brescia",
            "Nov 2020 - Present · 3 yrs 7 mos"
        ],
        [
            "Chief Executive Officer",
            "Ferrovie dello Stato Italiane S.p.A.",
            "Dec 2015 - Aug 2018 · 2 yrs 9 mos"
        ],
        [
            "President",
            "ATAF Gestioni srl",
            "Dec 2012 - Dec 2015 · 3 yrs 1 mo",
            "Public Transport in Florence Town"
        ]
    ],
    "posts": [
        {
            "post": "Questa settimana abbiamo presentato il nostro nuovo Piano Industriale che traguarda il 2035 e conferma una politica di investimenti molto sostenuta sulla transizione ecologica.Ci siamo posti l’obiettivo di continuare a contribuire al processo di decarbonizzazione del Paese attraverso l'elettrificazione dei consumi, con un grande focus sulle reti elettriche, lo sviluppo di fonti di energia green, la chiusura del ciclo dei rifiuti e migliorando l’efficienza del ciclo idrico.Forti degli straordinari risultati ottenuti negli ultimi anni, abbiamo scelto un orizzonte più ampio, aumentando gli investimenti a 𝟮𝟮 𝗺𝗶𝗹𝗶𝗮𝗿𝗱𝗶 𝗱𝗶 𝗲𝘂𝗿𝗼 per infrastrutture dedicate all’Economia Circolare e alla Transizione Energetica, per arrivare oltre i tre miliardi di euro di EBITDA e un utile netto che supererà il miliardo entro la fine del piano.Grazie al lavoro e alla dedizione di tutte le nostre persone, possiamo guardare al futuro con fiducia e lavorare insieme per costruire un mondo più sostenibile per le generazioni future. hashtag#A2Alifecompany hashtag#LifeisaCircle hashtag#PianoStrategico",
            "comments": []
        },
        {
            "post": "L’attuale scenario di crisi geopolitica ed energetica ha evidenziato la necessità di accelerare sulla transizione ecologica. L’Europa impone target sfidanti a cui anche l’Italia deve tendere sfruttando soprattutto le proprie “materie prime” e, mai come oggi, è necessario un cambio di paradigma che contribuisca a incrementare l’autonomia energetica del nostro Paese. Nello studio realizzato con The European House-Ambrosetti e presentato a hashtag#Cernobbio2022 emerge in modo chiaro come la valorizzazione di tutte le opportunità di sviluppo legate ad acqua, vento, sole e rifiuti, coerentemente con le prospettive di elettrificazione dei consumi e di efficientamento, porterebbe il nostro Paese a quasi triplicare i livelli attuali di autonomia energetica.L’Italia ha dunque ancora ampi margini di crescita ma, alla luce di tecnologie correnti e vincoli normativi e strutturali in essere, è evidente quanto sia fondamentale il coordinamento delle regioni e il coinvolgimento di tutti gli attori locali coinvolti: istituzioni, cittadini e imprese.Credo che un'Italia più indipendente a livello energetico sia nell'interesse di tutti noi, come ho raccontato al Direttore Claudio Cerasa nell’articolo pubblicato oggi su Il Foglio Quotidiano.hashtag#A2Alifecompany hashtag#autonomiaenergetica hashtag#rinnovabili hashtag#efficienzaenergetica",
            "comments": []
        },
        {
            "post": "There is a sense that we are on the cusp of a revolution in hashtag#mobility. We are not there yet, but the drivers are in place for a disruptive change in how we travel.Three factors have come together to bring us to this point:➡ a change in the way people perceive transport;➡ the transition to electric mobility;➡ the expanding reach of the Internet of Things (IoT).In the first case – the perception of transport – the model is changing from one focused on ownership of the means of mobility to a culture based more on “usership” and collaboration.The second element – the transition to hashtag#electricmobility – is feasible thanks to the increasing availability and decreasing costs of clean, renewable energy sources and to the rapid expansion of charging infrastructure.Finally, the expanding reach of the hashtag#IoT will one day – perhaps soon – allow for autonomous driving, which will bring huge benefits in terms of increased mobility efficiency and decreased vehicle traffic.For more on how we at A2A - as a provider of key elements of the electric mobility infrastructure - see this developing field, I wrote an article for Italian think tank ISPI - Istituto per gli Studi di Politica Internazionale, which you can read here: https://lnkd.in/eC_VtGFEhashtag#smartmobility hashtag#transport hashtag#electricmobility hashtag#urbanmobility hashtag#a2alifecompany",
            "comments": []
        },
        {
            "post": "Orgoglioso di annunciare l’avvio di un progetto formativo pioneristico in Italia, di cui siamo fieri di essere partner e che ci sta particolarmente a cuore: il Liceo della transizione ecologica e digitale (TRED). È una scuola sperimentale che partirà il prossimo anno in 27 istituti italiani ed è promossa dal Consorzio ELIS con il sostegno di hashtag#A2A e di altre aziende italiane.hashtag#TRED offre un percorso di studi innovativo nella didattica e nei contenuti, coniugando lo studio delle discipline STEM (Science, Technology, Engineering and Mathematics) ad una formazione di qualità in campo umanistico.Tradizione e innovazione al servizio delle nuove generazioni per offrire loro gli strumenti che consentiranno di sviluppare le competenze determinanti nelle professioni del futuro diventare protagonisti del mondo globale. Ambiente, salute, nutrizione ed economia circolare saranno temi sempre più importanti nelle politiche internazionali così come le applicazioni delle tecnologie digitali, dalla robotica all’intelligenza artificiale, che stanno cambiando e cambieranno le nostre vite. Abbiamo aderito con entusiasmo fin dall’inizio a questa iniziativa, partecipando alla definizione del percorso di studi, offrendo la nostra disponibilità all’elaborazione dei nuovi programmi e alla verifica “sul campo” dell’apprendimento teorico. Il liceo TRED propone un’offerta educativa di livello internazionale anche nella durata: permette infatti di conseguire in 4 anni la maturità scientifica nelle scienze applicate - riconosciuta da tutte le università italiane e straniere - potendo iniziare così gli studi universitari a 18 anni come avviene in Europa e nel mondo. hashtag#TRED hashtag#formazione hashtag#lavoro hashtag#innovazione hashtag#CEOMeeting hashtag#transizioneecologica hashtag#a2alifecompany👉 https://lnkd.in/etZptqaT",
            "comments": []
        },
        {
            "post": "Qual è lo stato di salute dell’aria in Pianura Padana? E quanto impatta l’attività agricola su di essa?Per rispondere a questi dubbi siete invitati il 25 Febbraio dalle ore 10 alle 13 al convegno online del progetto “Agriair”, un dialogo tra ricerca, decisori e cittadini al quale parteciperanno rappresentanti degli enti pubblici a livello regionale e comunale, le ARPA, le associazioni di agricoltori e dei produttori di bioenergia.Il convegno è aperto a tutti gli interessati, gratuitamente e tramite prenotazione al seguente link:https://lnkd.in/dn5YG9XVQuesto il link per partecipare: https://lnkd.in/dcmEpXewAgriAir è finanziato da Fondazione Cariplo e vede la partecipazione di Università degli Studi di Brescia, Università degli Studi di Urbino Carlo Bo, Dipartimento di Elettronica, Informazione e Bioingegneria del Politecnico di Milano e AmbienteParco Impresa Sociale srl di Brescia.hashtag#qualityair hashtag#agriculture hashtag#datascience",
            "comments": []
        },
        {
            "post": "Oggi con grande orgoglio abbiamo firmato, insieme al Rettore del Politecnico di Milano Ferruccio Resta e alla presenza del Presidente di hashtag#A2A Marco Patuano, del Sindaco di Milano Giuseppe Sala e del Presidente di Regione Lombardia Attilio Fontana, un accordo quinquennale che consentirà di sviluppare soluzioni innovative a supporto della transizione ecologica del Paese.Insieme daremo vita a un Joint Research Center dedicato alla hashtag#transizioneenergetica e all’hashtag#economiacircolare che prenderà forma all’interno dell’Innovation District di Milano Bovisa, dove verranno ospitate imprese e start up e implementati progetti di sperimentazione su temi centrali come la mobilità sostenibile, lo sviluppo delle energie rinnovabili e dell’idrogeno, il riciclo delle batterie, così come lo studio di nuove tecnologie per il trattamento dei rifiuti e il recupero di materia ed energia.Questa partnership con un’eccellenza quale il Politecnico rappresenta un’ulteriore testimonianza che l’innovazione è un fattore strategico per gli obiettivi di sviluppo sostenibile del nostro Gruppo.hashtag#a2alifecompany hashtag#transizioneecologica hashtag#innovazione hashtag#ricerca hashtag#decarbonizzazione",
            "comments": []
        },
        {
            "post": "Questa mattina, con grande orgoglio e anche un po’ di emozione, abbiamo proclamato Leticia, Luigi, Diego, Manuel, Irene e Cristiano primi 6 ingegneri del corso di Laurea Magistrale di Mobility Engineering al Politecnico di Milano.Un percorso unico in Italia, nato dalla collaborazione del Politecnico con molte delle principali aziende dell’ecosistema di mobilità nazionale, per formare ingegneri di sistema che, grazie al mix di competenze specialistiche, trasversali e interdisciplinari, siano in grado di affrontare le sfide alle quali i trasporti andranno incontro. I prossimi trent'anni rivoluzioneranno il settore e sono convinto che questi sei nuovi ingegneri, insieme agli oltre 150 ragazzi che in questi anni hanno scelto Mobility Engineering, avranno tutte le carte in regola per essere protagonisti di questa sfida del settore e del Pianeta.Davide Tarsitano Michela Longo Pierluigi Coppola Fabio Borghetti hashtag#emobility hashtag#mobilità hashtag#innovation hashtag#electricvehicles hashtag#green hashtag#ambiente hashtag#energia hashtag#futuro",
            "comments": []
        },
        {
            "post": "Domani sera alle 20:30 sarò ospite di Dario Donato a Zero Virgola su Mediaset Tgcom24 dove parleremo di transizione ecologica nella settimana della hashtag#PreCop26.",
            "comments": []
        },
        {
            "post": "La mobilità sarà una delle principali sfide per la decarbonizzazione degli anni a venire per i governi e per i cittadini di tutto il mondo. Un’inversione di tendenza radicale e globale, accompagnata da straordinarie innovazioni tecnologiche come la mobilità elettrica, la guida autonoma e la Mobility as a Service. E’ da questo presupposto che è nata l’idea e la volontà di scrivere «Inversione a E», volume edito da EgeaEditore, che descrive come il tema della mobilità sostenibile abbia conquistato oggi una posizione centrale nell’agenda politica europea e globale e quali scelte energetiche e ambientali possano concretamente indirizzarci verso un futuro a emissioni zero.Ne parleremo questa sera presso la sede di Associazione Civita insieme a Simonetta Giordani, che ringrazio per l’ospitalità, e illustri ospiti: Linda Laura Sabbadini, Direttrice Generale del Dipartimento per le Statistiche Sociali e Ambientali Istat, Andrea Galeazzi, Blogger di tecnologia e automotive, e Maria Leitner, TG2 Motori.Sarà possibile seguire l’evento in diretta streaming a partire dalle ore 17.30: bit.ly/EgeaEditorehashtag#InversioneaE hashtag#mobilità hashtag#sostenibilità hashtag#emobility hashtag#green",
            "comments": []
        },
        {
            "post": "Orgogliosi di essere tra le dieci aziende italiane nella classifica del Financial Times che seleziona le imprese europee più virtuose nella lotta al cambiamento climatico. Il nostro impegno di ridurre le emissioni di CO2 del 47% al 2030 e di raddoppiare la quota di produzione da fonti rinnovabili (58% del totale) sta dando i suoi frutti. Continueremo a lavorare e a garantire il nostro contribuito per lo sviluppo sostenibile del Paese.hashtag#a2alifecompany hashtag#ClimateLeaders2021 hashtag#greeneconomy",
            "comments": []
        }
    ]
}