{
    "name": "Arnaldo Bernardo",
    "subtitle": "Chief Financial Officer presso Piazza Italia S.p.A.",
    "location": "Campania, Italy",
    "about": "",
    "experiences": [
        [
            "Piazza Italia S.p.A.",
            "5 yrs 5 mos",
            "Member Board Of Directors",
            "Full-time",
            "May 2021 - Present · 3 yrs 1 mo",
            "Nola, Campania, Italia",
            "Chief Financial Officer",
            "Jan 2019 - Present · 5 yrs 5 mos",
            "Nola, Campania, Italia"
        ],
        [
            "Founder and CEO",
            "B.R.N. Group s.r.l.",
            "Feb 2017 - Present · 7 yrs 4 mos",
            "Napoli, Italia",
            "Les Bourdelles Des Garçons | Fashion style"
        ]
    ],
    "posts": [
        {
            "post": "Questo fine settimana sono stato in Spagna, a Madrid, presso la IE Business School Executive Education.Durante le lezioni abbiamo affrontato importanti temi su crescita, investimenti e governance aziendale con ignacio magro gonzalez, Paz Ambrosy Eyzaguirre e Cristina Cruz Serrano.Di sera abbiamo stretto forti relazioni con i ragazzi e con i professori della Luiss Business School, tra un bicchiere di vino spagnolo e un jamón iberico. E ci abbiamo messo dentro anche una partita del Real Madrid C.F..Torniamo quindi sempre allo stesso tema: stare in movimento porterà sempre e comunque a nuove opportunità, a livello personale e professionale.È ormai chiaro che le nuove generazioni cercano ambienti sfidanti e maggior flessibilità lavorativa. La possibilità di fare bene e raggiungere risultati sempre più ambiziosi, ma senza essere relegati per forza in un ufficio o in una città poco stimolante.Purtroppo o per fortuna il mondo si sta muovendo in questa direzione, quindi tanto vale assecondare un passo alla volta il cambiamento.hashtag#school hashtag#education hashtag#business",
            "comments": []
        }
    ]
}