{
    "name": "Luca Savi",
    "subtitle": "Group CEO at ITT Inc.",
    "location": "Harrison, New York, United States",
    "about": "",
    "experiences": [
        [
            "ITT Inc.",
            "12 yrs 7 mos",
            "Group CEO",
            "Jan 2019 - Present · 5 yrs 5 mos",
            "White Plains, USA",
            "COO & President",
            "Jan 2017 - Dec 2018 · 2 yrs",
            "White Plains, USA",
            "President",
            "Nov 2011 - Dec 2016 · 5 yrs 2 mos",
            "Italy"
        ],
        [
            "COMAU Inc",
            "7 yrs 2 mos",
            "CEO",
            "2007 - Feb 2011 · 4 yrs 2 mos",
            "CEO China",
            "2004 - 2007 · 3 yrs"
        ],
        [
            "Regional Director",
            "Honeywell Italy",
            "2001 - 2003 · 2 yrs"
        ],
        [
            "Special Project Manager",
            "Saigon Children's Charity",
            "Jul 2000 - Dec 2000 · 6 mos"
        ],
        [
            "Regional Director",
            "Honeywell UK",
            "Sep 1994 - Dec 1999 · 5 yrs 4 mos"
        ]
    ],
    "posts": [
        {
            "post": "So true",
            "comments": []
        },
        {
            "post": "Kayla, Phil, Alex and Mark, well done!  I am indeed very fortunate to be working with you all.  Thanks and BRAVISSIMI!",
            "comments": []
        },
        {
            "post": "KONI - Like No other!",
            "comments": []
        },
        {
            "post": "Thanks to all the ITTers who contributed to this step up in performance for our customers and all our stakeholders.",
            "comments": []
        },
        {
            "post": "Today we begin the next chapter of ITT's sustainability journey and published our 2022 Sustainability Report.  ESG is entrenched in our strategy, in our products and in our processes; it is simply the right thing to do. Enjoy the read or the ride. hashtag#ITTinc",
            "comments": []
        },
        {
            "post": "Costin Peiu hashtag#Kudos Wow! Just when I thought your work couldn't get any better hashtag#GoingAboveAndBeyond Ciao Costin, we are very fortunate to be working with you.  Your work ethics combined with your brain is a very powerful combination. Thank YOU!",
            "comments": []
        }
    ]
}