{
    "name": "Stefano Rossi",
    "subtitle": "Regional Sales Manager",
    "location": "Vimercate, Lombardy, Italy",
    "about": "",
    "experiences": [
        [
            "SMC Italia S.p.A.",
            "34 yrs 4 mos",
            "Regional Sales Manager",
            "Full-time",
            "Apr 2023 - Present · 1 yr 2 mos",
            "Brugherio, Lombardia, Italia · Hybrid",
            "European Indirect Channel Sales Manager",
            "Feb 2020 - Apr 2023 · 3 yrs 3 mos",
            "Distribution Sales Manager",
            "Apr 2016 - Apr 2023 · 7 yrs 1 mo"
        ]
    ],
    "posts": []
}