{
    "name": "Pietro Iurato",
    "subtitle": "Europe, Middle East & Africa HRD Head -  Creating memorable experiences for employees - Talks about #hr, #people, #futureofwork, #leadership, and #diversityandinclusion",
    "location": "Milan, Lombardy, Italy",
    "about": "I am experienced in full HR management cycle across different functions and business areas to ensure integrated approach and processes implementation throughout organization following companies' strategies and vision.I am passionate about future of work. As a HR leader my role is to embark my team to create the most unique & memorable Employee Experience and enable our employees & leaders to run at their best, while designing the future in HR.From a company perspective,  with a global network of customers, partners, employees, and thought leaders, SAP helps the world run better and improve people’s lives. SAP is market leader in enterprise application software and helps companies and organizations of all sizes and industries run their businesses profitably, adapt continuously, and grow sustainably. Today, SAP has more than 230 million cloud users, more than 100 solutions covering all business functions, and the largest cloud portfolio of any provider.Looking for your next dream job? Discover our careers & job opportunities on the official SAP career website: https://www.sap.com/france/about/careers.html.If you would like to get more information on SAP and our HR strategy and solutions, feel free to connect with me!",
    "experiences": [
        [
            "SAP",
            "17 yrs 5 mos",
            "HRD Head EMEA (Europe, Middle East & Africa)",
            "Full-time",
            "Sep 2022 - Present · 1 yr 9 mos",
            "Head of Human Resources EMEA South (South Europe, Middle East and Africa)",
            "Full-time",
            "Sep 2020 - Sep 2022 · 2 yrs 1 mo",
            "Milan, Lombardy, Italy",
            "Human Resources Director South Europe",
            "Jan 2017 - Sep 2020 · 3 yrs 9 mos",
            "Israel, Turkey, Greece, Italy, Spain, Portugal, North West Africa"
        ],
        [
            "HR Business Partner",
            "Fastweb",
            "Jan 2004 - Dec 2006 · 3 yrs"
        ]
    ],
    "posts": [
        {
            "post": "We made the magic happen again with great energy, smiles and determination: 52 hashtag#SAP runners ran for hashtag#lagotita hashtag#MilanoRelayMarathon2024 for fundraising projects to sustain children that are less lucky!We are very proud to be part of hashtag#SAP team and company where the visIon is not a motto but is a true value we embrace and live with passion in all our actions!We have shown once more that \"only together it works\"!A great thank you to all my colleagues, customers and friends that ran and/or cheered us along the path up to the finish line! And a very special thank you to Matteo Losi that followed our runners capturing the best moments in pictures and videos!  hashtag#sap hashtag#runwithsaphashtag#saphelptheworldrunbetterhashtag#lifeatsaphashtag#lagotitahashtag#milanorelaymarathon2024",
            "comments": []
        },
        {
            "post": "Happy International Women's Day! Che bello festeggiare insieme a tanti colleghi e con due donne che sono un esempio di grande leadership e umanità come Carla Masperi e Augusta Spinelli. Grazie ancora per essere una fonte di grande ispirazioni per tutti... a prescindere dal genere 😉 hashtag#8mars2024 hashtag#8marzo hashtag#womenday hashtag#lifeatsap",
            "comments": []
        },
        {
            "post": "Grazie all’implementazione dell’AI all’interno di piattaforme HCM le aziende oggi sono in grado di rendere il proprio business a prova di futuro. Non a caso “Future-proof your business” è il claim scelto per il grande evento SAP NOW 2023 che si terrà il 26 ottobre al Superstudio Maxi di Milano nel quale oltre 50 Partner SAP racconteranno insieme ai loro clienti esperienze e progetti a prova di futuro e basati su tecnologia SAP. Ci vediamo li...hashtag#AI hashtag#SAPnow",
            "comments": []
        },
        {
            "post": "Great to see Sinah Imaschewski taking advantage of this simple feature that can change our work life balance. Lead with trust and succeed with a great team 😎",
            "comments": []
        },
        {
            "post": "My mum likes it too 🥰Grazie a tutte le mamme, love goes beyond every definitions and differences 🤗",
            "comments": []
        },
        {
            "post": "Che bello passare due giornate a Roma e a Milano con tutti i miei colleghi di SAP Italia parlando di hashtag#purpose hashtag#talento hashtag#opportunities.Grazie a tutti i colleghi che ci hanno ispirato con le loro storie fantastiche e spesso sorprendenti, Il talento non ci manca di certo 💪 Grazie a Carla Masperi per aver il coraggio di andare sempre \"oltre i numeri\" e a Manos Raptopoulos per condividere sempre con generosità ed empatia la sua esperienza e visione.Grazie a Walter Rolfo per averci guidato durante le due giornate e per gli stimoli lanciati.La domanda finale dopo tutto quanto è: vi sentite più Superman o Batman? 😉",
            "comments": []
        },
        {
            "post": "How the Artificial Intelligence will change roles and responsibilities? here my humble opinion. Looking forward to hear yours...",
            "comments": []
        },
        {
            "post": "willing to start the best journey of your professional life? JOIN US trhough the SAP Academy program",
            "comments": []
        },
        {
            "post": "Today I’m proud to be an Ally ❤️ 🌈 I’m proud to have had the chance to be together with James Kilmartin, Alix Hinson and Daniel Lukonde Kasonde and openly share thoughts and experiences with many colleagues from the EMEA region.My commitment: allyship does not end in June, but continues with daily actions 💓 hashtag#pridemonth hashtag#allyship hashtag#lifeatsap",
            "comments": []
        },
        {
            "post": "During the last People Experience Day we \"Crossed the Limit\"!Thanks to Kiran Venkataramanappa and Fabian Heimpel for sharing their personal stories as professional sportsmen.In this session we have heard how to better perform through: - Continues training - Discipline - Learning from mistake- Team playing- Strong leadership - Engagement & Pride These are all learnings we can transfer to business.According with it sport can definitely influence not only our physical  wellbeing, but also our work life.Starting from Monday I’ll start going to Gym 🤞 😉 Nina Strassnerhashtag#wellbeing hashtag#sportsbusiness hashtag#highperformanceculture",
            "comments": []
        }
    ]
}