{
    "name": "Riccardo Formenti",
    "subtitle": "Responsabile risorse umane presso MINOTTI S.p.A.",
    "location": "Greater Lecco Metropolitan Area",
    "about": "",
    "experiences": [
        [
            "Responsabile risorse umane",
            "MINOTTI S.p.A.",
            "Apr 2019 - Present · 5 yrs 2 mos"
        ],
        [
            "Fumagalli & Bozzini Associati",
            "Full-time · 13 yrs 6 mos",
            "Consulenza aziendale giuslavoristica",
            "Apr 2012 - Mar 2019 · 7 yrs",
            "Merate, Lombardia, Italia · On-site",
            "Responsabile paghe e contributi",
            "Oct 2005 - Mar 2012 · 6 yrs 6 mos"
        ],
        [
            "Paghe e contributi risorse umane",
            "Studio Amati · Full-time",
            "Jan 2000 - Sep 2005 · 5 yrs 9 mos"
        ]
    ],
    "posts": [
        {
            "post": "Susanna Minotti sta hashtag#assumendo. Conosci qualcuno a cui potrebbe interessare?",
            "comments": []
        },
        {
            "post": "Susanna Minotti sta hashtag#assumendo. Conosci qualcuno a cui potrebbe interessare?",
            "comments": []
        },
        {
            "post": "Dai uno sguardo a questa offerta di lavoro presso DBS Group: Commercialista",
            "comments": []
        },
        {
            "post": "Susanna Minotti sta hashtag#assumendo. Conosci qualcuno a cui potrebbe interessare?",
            "comments": []
        },
        {
            "post": "Susanna Minotti sta hashtag#assumendo. Conosci qualcuno a cui potrebbe interessare?",
            "comments": []
        }
    ]
}