{
    "name": "Daniele Pirovano",
    "subtitle": "Business Controlling Manager presso ACS DOBFAR",
    "location": "Greater Milan Metropolitan Area",
    "about": "",
    "experiences": [
        [
            "Financial Controlling Manager Foreign Companies Group",
            "ACS DOBFAR"
        ],
        [
            "Business Controlling Manager",
            "ACS DOBFAR · Full-time",
            "Sep 2011 - Present · 12 yrs 9 mos",
            "Agrate Brianza, Lombardia, Italia"
        ]
    ],
    "posts": []
}