{
    "name": "Rossana Mauri",
    "subtitle": "Head of Finance & Accounting presso METRO/MAKRO Cash and Carry",
    "location": "Milan, Lombardy, Italy",
    "about": "",
    "experiences": [
        [
            "METRO Italia",
            "25 yrs 11 mos",
            "Head of Finance & Accounting",
            "Full-time",
            "Sep 2019 - Present · 4 yrs 9 mos",
            "San Donato Milanese, Lombardia, Italia",
            "Head of Accounting ad interim",
            "Sep 2018 - Sep 2019 · 1 yr 1 mo",
            "San Donato Milanese, Lombardia, Italia",
            "Financial Accounting & Internal Control Finance manager",
            "Jan 2017 - Aug 2018 · 1 yr 8 mos",
            "San Donato Milanese, Lombardia, Italia"
        ],
        [
            "Controller",
            "Invensys - Acquired by Schneider Electric",
            "Jan 1997 - Jun 1998 · 1 yr 6 mos",
            "Sesto San Giovanni, Lombardia, Italia"
        ],
        [
            "Junior controller",
            "Bull",
            "Sep 1995 - Dec 1997 · 2 yrs 4 mos",
            "Milano, Italia"
        ]
    ],
    "posts": [
        {
            "post": "Ieri, oggi e OGNI GIORNO, al fianco delle hashtag#donne. Anche noi di METRO Italia abbiamo detto BASTA a ogni genere di violenza con il lancio di “Linee Guida” per la prevenzione delle molestie sul luogo di lavoro. Coltiviamo ogni giorno una cultura del RISPETTO. È dovere di tutti NOI fare la propria parte per promuovere inclusione, consapevolezza e responsabilità. Facciamoci sentire, INSIEME!  Federdistribuzione hashtag#25novembre",
            "comments": []
        },
        {
            "post": "Follow Bocconi's 2020-21 Academic Year Opening Ceremony: speakers will include Ursula von der Leyen, President of the European Commission, Mario Monti, Bocconi President, and Rector Gianmario Verona. hashtag#nowmorethanever",
            "comments": []
        },
        {
            "post": "In questo momento di emergenza, METRO Italia è in prima linea per la salute e sicurezza delle persone. Per questo motivo abbiamo attivato il servizio di spesa online per i clienti e dipendenti in 27 province italiane.Clicca qui per scoprire di più: https://lnkd.in/gg_jrQZhashtag#metroitaliacashandcarry hashtag#metrocashandcarry hashtag#distantimavicini",
            "comments": []
        }
    ]
}