{
    "name": "Silvana Riboldi",
    "subtitle": "Head of Sales",
    "location": "Monza e Brianza, Lombardy, Italy",
    "about": "",
    "experiences": [
        [
            "Sales Manager",
            "Formenti & Giovenzana S.p.A.",
            "1989 - Present · 35 yrs 5 mos",
            "Veduggio con Colzano MB"
        ]
    ],
    "posts": [
        {
            "post": "Working together in Jakarta.... 😀hashtag#FGV hashtag#Hettich",
            "comments": []
        },
        {
            "post": "Si conclude oggi una settimana straordinaria qui a FGV! In occasione del Salone del Mobile, siamo stati felici di accogliere presso la nostra sede di Veduggio partner commerciali e colleghi di Hettich Group provenienti da tutto il mondo 🌍.È stata un'esperienza stimolante e ricca di interazioni e spunti di miglioramento. hashtag#FGV hashtag#SaloneDelMobile hashtag#Hettich",
            "comments": []
        },
        {
            "post": "Happy Easter!",
            "comments": []
        },
        {
            "post": "W styczniu Grupa FGV i Grupa Hettich połączyły siły, a w tym tygodniu mieliśmy okazję spotkać się całym zespołem, by trochę przedświątecznie poznać się bliżej 🙂 W otwartej i pełnej uśmiechu atmosferze nadaliśmy słowu RAZEM zupełnie nowe znaczenie, a na zdjęciu najlepiej widać, że rodzina Hettich Polska nam się powiększyła 😊 To dopiero początek naszej wspólnej historii i cudowna okazja, by jeszcze raz napisać: WITAMY NA POKŁADZIE! 🙂 ..hashtag#hettich hashtag#hettichgroup hashtag#fgv hashtag#team hashtag#together hashtag#future hashtag#hettichpolska",
            "comments": []
        },
        {
            "post": "Omnia L, la cerniera di punta di FGV, offre una vasta gamma di soluzioni e applicazioni versatili e funzionali adatte a soddisfare in modo efficace ogni esigenza.La versione progettata specificamente per ante in vetro con profili in alluminio, elegante e discreta, arricchisce ulteriormente l'offerta con un tocco di raffinatezza e stile.Armonia perfetta tra tecnologia all'avanguardia per un movimento controllato e silenzioso, ed estetica accattivante dalle linee pulite e non invasiva.hashtag#FGV hashtag#FormentieGiovenzana hashtag#OmniaL hashtag#Hinges",
            "comments": []
        },
        {
            "post": "Anche quest'anno, Formenti e Giovenzana partecipa con entusiasmo alla Pordenone Design Week, 11-15 marzo 2024. Una settimana dal tema \"Design, Industria, Città: la collaborazione fra sistemi produttivi e creativi affronta le sfide della complessità\". Attraverso la nostra filiale FGV Service Veneto, attiva sul territorio, abbiamo avviato nuove sinergie ed una collaborazione con gli studenti dell'ISIA Università di Pordenone. L'obiettivo è sviluppare nuovi concetti di design mantenendo sempre al centro i principi dell'economia circolare e dello sviluppo sostenibile. Siamo ansiosi di vedere le direzioni innovative che questo percorso ci porterà ad esplorare.hashtag#FGV hashtag#FormentieGiovenzana hashtag#PordenoneDesignWeek",
            "comments": []
        },
        {
            "post": "Guardiamo avanti, a fianco dei nostri partner e clienti. Assieme esploriamo nuove frontiere e sfidiamo i limiti dell’immaginazione.Hettich Group hashtag#hettichitalia",
            "comments": []
        },
        {
            "post": "🇬🇧 The Omnia L hinge is the top product of the FGV’s offer originates from the research and the experience built up in over 70 years of presence in the field. Equipped with a state-of-the-art Linear SlowMotion Technology, it ensures stable and consistent operation with perfectly damped closure under all conditions. Produced in Italy it boosts all the best features and performances required by the market. The Omnia L hinge is the perfect synthesis of top quality and functionality at the right price. Formenti & Giovenzana awaits you at interzum forum italy, Hall A Stand C12-D13!🇮🇹 La cerniera Omnia L è il prodotto di punta dell'offerta FGV che nasce dalla ricerca e dall'esperienza acquisita in oltre 70 anni di presenza nel settore. Dotata di tecnologia SlowMotion lineare all’avanguardia, garantisce chiusure ammortizzate con funzionamento stabile e costante in ogni condizione di utilizzo. Prodotta in Italia, esalta le migliori caratteristiche e prestazioni richieste dal mercato. La cerniera Omnia L è la sintesi perfetta di massima qualità e funzionalità al giusto prezzo. Formenti & Giovenzana vi aspetta a interzum forum italy, Hall A Stand C12-D13!hashtag#FGV hashtag#FormentieGiovenzana hashtag#WeOpenYourInnovation hashtag#Hinges hashtag#Slides hashtag#Drawers hashtag#interzumforumitaly",
            "comments": []
        },
        {
            "post": "Great time in China! hashtag#FGV hashtag#Hettich",
            "comments": []
        },
        {
            "post": "kbb Birmingham 03-06 marzo 2024Un'altra edizione della fiera KBB Birmingham volge al termine.Un ringraziamento a tutti i visitatori che sono venuti a trovarci ed a scoprire i prodotti Formenti e Giovenzana e Compagnucci High Tech allo stand T70.hashtag#FGV hashtag#FormentieGiovenzana hashtag#CompagnucciHighTech hashtag#WeOpenYourInnovation hashtag#KbbBirmingham",
            "comments": []
        }
    ]
}