{
    "name": "Andrea Crenna",
    "subtitle": "Open Fiber CFO",
    "location": "Milan, Lombardy, Italy",
    "about": "",
    "experiences": [
        [
            "Administration, Finance and Control Director",
            "Open Fiber · Full-time",
            "May 2022 - Present · 2 yrs 1 mo",
            "Roma"
        ],
        [
            "Chief Division Officer _ Food Treatment",
            "Indesit Company SpA",
            "Jan 2012 - Jun 2014 · 2 yrs 6 mos"
        ],
        [
            "CFO",
            "Indesit Company",
            "Mar 2004 - Dec 2011 · 7 yrs 10 mos"
        ],
        [
            "Direttore Finanziario",
            "Vodafone Italy",
            "Feb 1999 - Mar 2004 · 5 yrs 2 mos",
            "Milan"
        ],
        [
            "Relationship manager",
            "Citi",
            "Jan 1990 - Feb 1999 · 9 yrs 2 mos",
            "Milano"
        ]
    ],
    "posts": []
}