{
    "name": "Gabriele Abbagnara",
    "subtitle": "Indoor Coverage Solutions Director",
    "location": "Italy",
    "about": "",
    "experiences": [
        [
            "Indoor Coverage Solutions Director",
            "Inwit S.p.A.",
            "Jan 2019 - Present · 5 yrs 5 mos",
            "Roma, Italia"
        ],
        [
            "TIM",
            "25 yrs 1 mo",
            "Roma, Italia",
            "RESPONSABILE AREA COMMERCIALE PUBBLICA AMMINISTRAZIONE LOCALE SARDEGNA,LAZIO,ABRUZZO E MOLISE",
            "Feb 2010 - Oct 2022 · 12 yrs 9 mos",
            "MANAGER",
            "Oct 1997 - Oct 2022 · 25 yrs 1 mo"
        ]
    ],
    "posts": [
        {
            "post": "🔗 hashtag#INWIT e Fiera Milano SpA si uniscono in una importante partnership strategica per dare vita a una vera “Smart City” nei poli espositivi di Rho e di Milano.🌍 L'accordo vedrà impegnata INWIT per i prossimi 15 anni nella gestione in esclusiva e nello sviluppo tecnologico di tutte le infrastrutture passive a supporto delle telecomunicazioni mobili del quartiere fieristico di Rho e dell’Allianz MiCo a Milano, per permettere a espositori e visitatori di connettersi anche in hashtag#5G.“𝘓𝘢 𝘱𝘢𝘳𝘵𝘯𝘦𝘳𝘴𝘩𝘪𝘱 𝘴𝘵𝘳𝘢𝘵𝘦𝘨𝘪𝘤𝘢 𝘤𝘰𝘯 𝘍𝘪𝘦𝘳𝘢 𝘔𝘪𝘭𝘢𝘯𝘰 𝘤𝘰𝘯𝘧𝘦𝘳𝘮𝘢 𝘭’𝘪𝘮𝘱𝘦𝘨𝘯𝘰 𝘥𝘪 𝘐𝘕𝘞𝘐𝘛 𝘢 𝘴𝘶𝘱𝘱𝘰𝘳𝘵𝘢𝘳𝘦, 𝘤𝘰𝘯 𝘬𝘯𝘰𝘸 𝘩𝘰𝘸 𝘦 𝘪𝘯𝘷𝘦𝘴𝘵𝘪𝘮𝘦𝘯𝘵𝘪, 𝘭𝘢 𝘳𝘦𝘢𝘭𝘪𝘻𝘻𝘢𝘻𝘪𝘰𝘯𝘦 𝘦 𝘭𝘢 𝘨𝘦𝘴𝘵𝘪𝘰𝘯𝘦 𝘥𝘪 𝘪𝘯𝘧𝘳𝘢𝘴𝘵𝘳𝘶𝘵𝘵𝘶𝘳𝘦 𝘥𝘪𝘨𝘪𝘵𝘢𝘭𝘪, 𝘤𝘰𝘯𝘥𝘪𝘷𝘪𝘴𝘦 𝘦 𝘢𝘱𝘦𝘳𝘵𝘦 𝘢 𝘵𝘶𝘵𝘵𝘪 𝘨𝘭𝘪 𝘰𝘱𝘦𝘳𝘢𝘵𝘰𝘳𝘪, 𝘢𝘭 𝘧𝘪𝘯𝘦 𝘥𝘪 𝘢𝘣𝘪𝘭𝘪𝘵𝘢𝘳𝘦 𝘪𝘯 𝘮𝘰𝘥𝘰 𝘦𝘧𝘧𝘪𝘤𝘪𝘦𝘯𝘵𝘦 𝘭𝘢 𝘤𝘰𝘯𝘯𝘦𝘵𝘵𝘪𝘷𝘪𝘵à 5𝘎 𝘴𝘪𝘢 𝘰𝘶𝘵𝘥𝘰𝘰𝘳 𝘤𝘩𝘦 𝘪𝘯𝘥𝘰𝘰𝘳.\" - ha dichiarato Diego Galli, Direttore Generale di INWIT. Scopri di più sul nostro sito ➡️ https://lnkd.in/dB8Ebz-Dhashtag#InfrastruttureDigitali hashtag#INWIT4Innovation hashtag#INWIT4Sustainability hashtag#SharingConnections hashtag#TowerAsAService hashtag#FieraMilano hashtag#MiCo hashtag#Milano",
            "comments": []
        },
        {
            "post": "Continua la crescita anche nel terzo trimestre, tutta la Squadra è impegnata e concentrata sull'obiettivo dei target dell'anno. hashtag#INWIT",
            "comments": []
        },
        {
            "post": "https://lnkd.in/ehuNnMfB",
            "comments": []
        },
        {
            "post": "Il CDA di hashtag#INWIT ha approvato la relazione finanziaria al hashtag#30giugno 2022. I risultati del secondo trimestre confermano la crescita dei principali hashtag#KPI industriali, dei ricavi che registrano una crescita organica del +9,3% e un miglioramento della marginalità e della generazione di cassa. “Continua la forte crescita dei parametri economico finanziari, accelera la realizzazione di nuovi siti e lo sviluppo di nuove hashtag#ospitalità, in un positivo contesto di investimenti” ha dichiarato Giovanni Ferigo, AD di INWIT. Leggi il comunicato stampa ➡ https://lnkd.in/dei9k2h6 hashtag#SharingConnections hashtag#Inwit4Sustainability hashtag#economia hashtag#innovazione hashtag#digitalizzazione hashtag#sostenibilità hashtag#sustainability hashtag#Inwit4Inclusion hashtag#business hashtag#Inwit4Innovation hashtag#futuro hashtag#2Q hashtag#2Q2022 hashtag#RelazioneFinanziaria",
            "comments": []
        },
        {
            "post": "hashtag#INWIT si aggiudica la gara hashtag#5G del hashtag#PNRR in RTI con TIM e Vodafone Italia e segna un altro importante passo in avanti verso l’obiettivo di un’hashtag#Italia che sia unita dal punto di vista della hashtag#connessione e che possa diventare, con la sempre maggiore diffusione del 5G, una vera smart country: più hashtag#digitale, hashtag#inclusiva e hashtag#sostenibile, da consegnare alle generazioni future. INWIT con il suo sistema di infrastrutture digitali, è sempre impegnata, come abilitatore della hashtag#digitalizzazione a supporto degli operatori mobili, per ridurre le barriere territoriali in un’ottica di inclusione e hashtag#sostenibilità.  Scopri di più ➡ https://lnkd.in/eQuiTUX7Infratel Italia Dipartimento per la trasformazione digitalehashtag#SharingConnections hashtag#Inwit4Sustainability hashtag#Inwit4Innovation hashtag#ambiente hashtag#economia hashtag#sostenibilità hashtag#innovazione hashtag#sustainability hashtag#business hashtag#green hashtag#SmartTowers hashtag#DAS hashtag#SmartItaly hashtag#IoT hashtag#TLC hashtag#SDGs hashtag#towers hashtag#Italia hashtag#comunicazione hashtag#digitaldivide",
            "comments": []
        },
        {
            "post": "Il CDA di hashtag#INWIT, approva il resoconto intermedio di gestione al 31 marzo 2022. Nel primo trimestre si registra una crescita organica del +9% derivante dal progressivo impatto delle nuove hashtag#ospitalità, che conferma l’incremento dei hashtag#KPI industriali, economici e finanziari. “Si è chiuso un altro trimestre di crescita in termini economici e finanziari per INWIT. Nel proseguo dell’anno ci aspettiamo un’ulteriore accelerazione nello sviluppo del business in coerenza con gli obiettivi del 2022, a supporto degli operatori e della hashtag#digitalizzazione del Paese” ha dichiarato Giovanni Ferigo AD di INWIT. Leggi il comunicato stampa ➡ https://lnkd.in/g_7jBedBhashtag#Inwit4Sustainability hashtag#economia hashtag#innovazione hashtag#sostenibilità hashtag#sustainability hashtag#Inwit4Inclusion hashtag#business hashtag#Inwit4Innovation hashtag#futuro hashtag#1Q hashtag#SharingConnections",
            "comments": []
        },
        {
            "post": "Ringrazio Q10Media per la perfetta organizzazione dell'evento.Barbara Carfagna per le sue suggestioni e le profonde analisi sui temi della trasformazione digitale e gli impatti che questa produrrà sul mondo industriale e sociale.",
            "comments": []
        },
        {
            "post": "hashtag#INWIT per lo sviluppo della hashtag#connettività mobile nella nuova linea hashtag#metropolitana Linate-Forlanini, hashtag#M4: grazie all’impianto hashtag#DAS (Distributed Antenna System) di INWIT la ricezione del segnale mobile dei diversi operatori sarà ottimale nelle stazioni e nelle gallerie per gli 86 milioni di passeggeri all’anno che percorreranno il tragitto da e verso l’aeroporto di Linate.Inoltre, il sistema DAS predisporrà la linea ad accogliere la tecnologia di quinta generazione, portandola così ad essere la prima metropolitana in Europa pronta per il hashtag#5G. Giovanni Ferigo Marco Granelli Beppe Sala Roberta Cocco ATM - Azienda Trasporti Milanesi SEA Milan Airports hashtag#Towers hashtag#TorriIntelligenti hashtag#SmallCells hashtag#DistributedAntennaSystem hashtag#Inwit4Innovation",
            "comments": []
        },
        {
            "post": "La bontà delle soluzioni di copertura  indoor,DAS, viene ulteriormente evidenziata nel settore Industry 4.0 a seguito di questo importantissimo accordo siglato con Philip Morris. hashtag#das hashtag#inwithttps://lnkd.in/eaSWadM",
            "comments": []
        },
        {
            "post": "https://lnkd.in/eTAJT-G",
            "comments": []
        },
        {
            "post": "https://lnkd.in/eCyaG4t",
            "comments": []
        },
        {
            "post": "L'accordo siglato oggi é di fondamentale importanza per lo studio, lo sviluppo e l'implementazione delle soluzioni a supporto della digitalizzazione della didattica.Uno dei principali Atenei italiani, da sempre all'avanguardia della diffusione dei servizi digitali, ha scelto INWIT come Partner infrastrutturale.",
            "comments": []
        },
        {
            "post": "Boom di richieste per il primo bond di INWIT da 1 miliardo di euro!Richieste fino a 4,5 volte l'offerta..",
            "comments": []
        },
        {
            "post": "Un altro importante passo per la nostra azienda, un motivo di orgoglio e un ulteriore impegno verso il raggiungimento degli obiettivi che tracciano il nostro percorso di crescita... hashtag#inwit hashtag#FtseMib",
            "comments": []
        },
        {
            "post": "L'ultimo resoconto trimestrale dell'azienda, come costituita nel 2015, comincia un nuovo capitolo della storia di INWIT...",
            "comments": []
        },
        {
            "post": "hashtag#inwit",
            "comments": []
        },
        {
            "post": "https://lnkd.in/dBb7BrX hashtag#inwit",
            "comments": []
        },
        {
            "post": "INWIT diventa la seconda Towerco quotata in Europa!Oltre 22.000 torri gestite.Spazio disponibile alle terze parti su 4.000 torri.Implementazione efficiente delle reti 5g di TIM e Vodafone. hashtag#inwit hashtag#5g",
            "comments": []
        },
        {
            "post": "Appare sempre più chiaro il modello di interpretazione dello sviluppo del business attraverso le nuove tecnologie.Nella video intervista al Direttore del CNIT alcuni spezzoni dell'installazione del DAS di INWIT presso il Bernini Bristol Hotel di Roma. hashtag#das hashtag#5g",
            "comments": []
        },
        {
            "post": "Capacità dedicata, qualità del servizio garantita in luoghi ad elevata concentrazione...Attraverso il nostro impegno nella realizzazione di un sempre crescente numero di coperture indoor, costruiamo una parte importante delle infrastrutture protagoniste della prossima rivoluzione digitale.",
            "comments": []
        },
        {
            "post": "Orgogliosi di questa partnership con il MAXXI,un passo importante verso un nuovo modo di vivere l'arte... hashtag#das hashtag#5g",
            "comments": []
        },
        {
            "post": "Offire moderne modalità di connessione ad un'altra \"perla\" dell'immenso tesoro rappresentato dai \"Borghi più belli d'Italia\" è motivo di orgoglio e soddisfazione per INWIT. hashtag#das hashtag#5g",
            "comments": []
        },
        {
            "post": "Protagonisti, con le nostre soluzioni, di uno degli eventi più cool dell'estate! hashtag#5G hashtag#das",
            "comments": []
        },
        {
            "post": "Grazie a INWIT il Sina Hotels di Roma sarà il primo albergo italiano ad essere “5G Ready\". Siamo di fronte ad un importante passo che arricchisce le eccellenze ricettive del Turismo Italiano. Scopri di più: https://lnkd.in/dAy2YDBhashtag#5g hashtag#inwit",
            "comments": []
        }
    ]
}