{
    "name": "Francesca Cagliani",
    "subtitle": "HR Generalist presso Kasanova S.p.A.",
    "location": "Merate, Lombardy, Italy",
    "about": "",
    "experiences": [
        [
            "Kasanova S.p.A.",
            "Full-time · 8 yrs 11 mos",
            "Arcore, Lombardia, Italia",
            "HR Generalist",
            "Apr 2020 - Present · 4 yrs 2 mos",
            "HR Training Specialist",
            "Jul 2015 - Apr 2020 · 4 yrs 10 mos"
        ],
        [
            "Educatore",
            "Asilo Nido · Full-time",
            "Sep 2013 - Jul 2015 · 1 yr 11 mos"
        ]
    ],
    "posts": [
        {
            "post": "Davide Tazzi sta hashtag#assumendo. Conosci qualcuno a cui potrebbe interessare?",
            "comments": []
        },
        {
            "post": "Davide Tazzi sta hashtag#assumendo. Conosci qualcuno a cui potrebbe interessare?",
            "comments": []
        },
        {
            "post": "Davide Tazzi sta hashtag#assumendo. Conosci qualcuno a cui potrebbe interessare?",
            "comments": []
        },
        {
            "post": "Kasanova Spa sta ricercando una risorsa da inserire in STAGE a supporto dell’Ufficio Risorse Umane nella sede direzionale ad Arcore.La risorsa, in affiancamento con gli altri colleghi dell’Ufficio HR, sarà parte attiva delle attività in ambito Recruiting & Training.",
            "comments": []
        },
        {
            "post": "Davide Tazzi sta hashtag#assumendo. Conosci qualcuno a cui potrebbe interessare?",
            "comments": []
        },
        {
            "post": "Lucrezia Buongiorno sta hashtag#assumendo. Conosci qualcuno a cui potrebbe interessare?",
            "comments": []
        },
        {
            "post": "È arrivata l’estate e ognuno nel proprio piccolo può fare un gesto importante per l’ambiente 💙🐢hashtag#plasticfree hashtag#plasticpollution",
            "comments": []
        },
        {
            "post": "Davide Tazzi sta hashtag#assumendo. Conosci qualcuno a cui potrebbe interessare?",
            "comments": []
        },
        {
            "post": "Kasanova S.p.A. e PERCASSI hanno raggiunto un accordo per lo hashtag#sviluppo dei hashtag#negozi dmail.Il Gruppo Percassi aveva rilevato Dmail nel 2016 nel contesto del concordato preventivo di Dmedia Commerce S.p.A.La hashtag#partnership prevede l’acquisto da parte di Kasanova di un...",
            "comments": []
        },
        {
            "post": "Kasanova acquisterà un ramo d’azienda di D-Retail composto da una serie di negozi, personale di negozio e di sede e altri beni funzionali allo sviluppo del brand Dmail. hashtag#lecodibergamo hashtag#notizie hashtag#bergamo",
            "comments": []
        },
        {
            "post": "È ancora Kasanova S.p.A. il retailer del settore “casalinghi” con la percentuale più alta di clientela soddisfatta. Lo sancisce Cx Store Award 2023/24, che conferma anche per questa edizione la bontà della formula avviata nel 1968 dalla fondatrice dell’azienda Giannina Fontana, frutto di grande passione e gusto per gli accessori casalinghi.In un contesto in cui la concorrenza sui prezzi (a volte feroce) sviluppata da molteplici attori del mercato, ultimi tra i quali i dinamicissimi bazar, Kasanova ha lavorato sul numeratore del rapporto qualità/prezzo per non confondersi nella banalizzazione dei prodotti offerti, e il conseguente downgrading del valore percepito. Il tutto mantenendo un’accessibilità per il grande pubblico che affolla gli shopping mall e i negozi specializzati alla ricerca di qualcosa non banale di gusto, a un prezzo non problematico.Va ricordato che il riconoscimento Cx Store Award deriva dall’indagine di Promotion e Amagi condotta su un panel di 15.273 famiglie (su base nazionale) intervistate da Norstat.Il commento di Fausto Caravello, direttore risorse umane di Kasanova",
            "comments": []
        },
        {
            "post": "BUONGIORNO MILLIONAIREhashtag#buongiornomillionaire",
            "comments": []
        },
        {
            "post": "💥💥💥 𝐋𝐄𝐀𝐃𝐈𝐍𝐆 𝐅𝐑𝐎𝐌 𝐓𝐇𝐄 𝐌𝐈𝐃𝐃𝐋𝐄, percorso di formazione riservato ai hashtag#quadri: iscrivetevi al primo appuntamento:👉https://bit.ly/41UDHz5📍 hashtag#middlemanagers: i quadri sono pronti ad affrontare le trasformazioni del mondo del lavoro e le sfide sempre maggiori? 📍 Nato nato grazie a un accordo di MANAGERITALIA LOMBARDIA con Wyde - The Connective School, il percorso viene offerto a tutti i quadri associati a Manageritalia (solo per la prima sessione, anche a quadri non iscritti) e sarà articolato in 3 appuntamenti.📍 In occasione del primo incontro, ci confrontiamo con Giorgio Di Tullio, che lo coordinerà:👉https://bit.ly/3N6RNJC📍 \"Il lavoro oggi ha una complessità che sfugge ad ogni tipo di previsione e di replicazione. È un continuo agire di tutti all’interno dello spazio comune secondo regole del tutto nuove\". 📍 \"Le imprese sono organizzazioni sociali, quindi agire il lavoro significa costruire progetti condivisi, piani di sperimentazione per la scoperta e l’apprendimento, significa favorire un’intelligenza collettiva che non può essere ridotta a ruoli e funzioni (finanziarie, produttive, creative, artigianali, di servizio) impermeabili, gelose, chiuse\". 📍 \"Dare valore agli attraversamenti di altri mondi significa sposare le differenze in modo quotidiano e trasversale, indirizzando ogni attività al miglioramento della vita dei propri interlocutori\". 📍 \"Abbiamo dato priorità all’accumulo di conoscenze specialistiche codificate a tal punto che spesso non sappiamo riconoscere i problemi macro, né sviluppare soluzioni che risolvano le cose in modo connesso\". 📍 \"La tecnologia non basta: servono strategie basate sugli utilizzatori, configurare con loro reti che condividano obiettivi e culture, che siano flessibili e basate su progetti. Progettare è un’attività eversiva, che introduce sempre novità e cambiamenti, sviluppa adattamento reciproco, una nuova attitudine cognitiva, una nuova etica\".𝐈𝐒𝐂𝐑𝐈𝐕𝐄𝐓𝐄𝐕𝐈 𝐐𝐔𝐈:👉https://bit.ly/41UDHz5",
            "comments": []
        },
        {
            "post": "Dai uno sguardo a questa offerta di lavoro presso Kasanova S.p.A.: HR GENERALIST",
            "comments": []
        },
        {
            "post": "Condividere, mettersi in ascolto, chiedersi cosa provo io e cosa provi tu. Allenare le emozioni fa bene fin da piccoli.",
            "comments": []
        },
        {
            "post": "[…]«Don’t hate the player, hate the game», si dice. E in effetti come si fa a incolpare il pubblico per la sola volontà di vivere quel sogno che gli viene promesso ma mai dato? […]Articolo molto interessante sul nostro rapporto con l’acquisto di abbigliamento hashtag#fashion hashtag#retail hashtag#ecommerce hashtag#luxury",
            "comments": []
        },
        {
            "post": "We want you!hashtag#careers hashtag#jobsearch hashtag#hiring",
            "comments": []
        },
        {
            "post": "@We are hiring in Kasanova S.p.A. Abbiamo avviato un percorso di inserimento di nuovi talenti nel dipartimento hashtag#ict nel team hashtag#erp con la passione per il hashtag#retail ed i suoi processi.Vuoi far parte del nostro hashtag#team ?",
            "comments": []
        },
        {
            "post": "CONGEDO DI PATERNITA': SE FOSSE DI 3 MESI INVECE CHE 10 GIORNI? La multinazionale dell’alimentare Nestlé allunga il congedo retribuito di 3 mesi per i papà hashtag#lavoratori per la nascita o l’adozione di un hashtag#bambino. L’obiettivo è di consentire a tutta la hashtag#famiglia di dedicare tempo ed energie al nuovo arrivato, con una misura che rappresenta un importante passo in avanti sia rispetto ai dieci giorni previsti attualmente dalla legislazione italiana, sia alle politiche adottate finora da Nestlé stessa che, già dal 2012, ha introdotto due settimane aggiuntive di congedo retribuito per il lavoratore padre.I hashtag#dati Istat, ci dicono che nel 2020 il nostro Paese ha raggiunto il picco negativo di nascite, con un tasso di 7 neonati ogni 1.000 abitanti.I dati INPS_official ci dicono invece che il peso della hashtag#genitorialità, soprattutto nell’infanzia, è fortemente spostato sulle hashtag#donne:•  21% dei padri fa richiesta del congedo di paternità• 79% delle madri. Numeri che confermano quanto le donne svolgano ancora il ruolo di principale hashtag#caregiver nelle famiglie italiane.",
            "comments": []
        },
        {
            "post": "⚠WE ARE HIRING⚠Stiamo cercando una risorsa da inserire nel team RISORSE UMANE come HR Specialist Retail. Se stai cercando un'azienda dinamica ed in crescita, se hai avuto esperienza nell'amministrazione del personale in un contesto veloce e vuoi rimetterti in gioco, questa è l'opportunità giusta per te! hashtag#hiring hashtag#hr hashtag#hrspecialit hashtag#retail hashtag#administration hashtag#joboffer hashtag#jobopportunity",
            "comments": []
        },
        {
            "post": "- E' diventato tutto urgente - Brunello Cucinelli",
            "comments": []
        },
        {
            "post": "Stiamo ricercando un JUNIOR BUSINESS CONTROLLER con esperienza di almeno 2 anni nel controllo di gestione in azienda. Il profilo ideale ha un'ottima conoscenza di Excel e si dimostra un candidato entusiasta, motivato ed ambizioso. Se hai esperienza in questo ruolo e senti la necessità di metterti in gioco e di iniziare una nuova avventura in un'azienda dinamica ed in forte crescita, non esitare a candidarti!hashtag#businesscontroller hashtag#kasanova hashtag#hiring hashtag#job_opportunities hashtag#jobpost hashtag#controllodigestione",
            "comments": []
        },
        {
            "post": "Oggi è l'ultimo giorno.Sta per chiudere l'hub vaccinale Technoprobe, 1700 metri quadri che insieme a ASST Lecco abbiamo reso luogo per la campagna di vaccinazione di massa anti Covid-19.Dal 19 aprile ad oggi qui dentro sono state somministrate 160.000 dosi di vaccino (81.000 prime dosi, 75.000 seconde dosi, 4.000 terza dosi).Per noi è stata un'avventura emozionante resa possibile da una bellissima collaborazione tra pubblico e privato e soprattutto dal grande lavoro dei medici e dei volontari che ogni giorno sono stati qui per accogliere, aiutare e assistere tutta la popolazione del territorio che è voluta venire a vaccinarsi.Da domani il nostro building TPI5 torna a essere luogo di produzione nel mondo della microelettronica e dei semiconduttori... ma la sua storia sarà per sempre legata alla bellissima umanità che lo ha popolato in questi 6 mesi. hashtag#covid",
            "comments": []
        },
        {
            "post": "Se è vero che «non si può non comunicare», allo stesso modo «non si può non influenzare o essere influenzati». Ma quali sono gli ingredienti per una hashtag#persuasione efficace? Rispondono Giorgio Nardone e Moira Chiodini.🔎 Lo trovi nell'ultimo numero di hashtag#psicologiacontemporanea dedicato alla hashtag#comunicazioneefficace",
            "comments": []
        },
        {
            "post": "Forever, grazie.hashtag#ValentinoRossi 💛hashtag#dainese hashtag#VR46Decision",
            "comments": []
        },
        {
            "post": "⚠OPPORTUNITÀ DI STAGE⚠Kasanova S.p.A. è attualmente alla ricerca di diverse figure da inserire come stage:- STAGE BUYER (conoscenza della lingua inglese)- STAGE E-COMMERCE & CRM - STAGE CONTABILITÀ Si richiede una buona conoscenza di Excel ed un approccio pro-attivo e dinamico. Cerchiamo persone da formare e che abbiano voglia di imparare e di crescere con noi! 🙌email: brancadoro.martina@kasanova.ithashtag#stage hashtag#retail hashtag#buyer hashtag#contabilità hashtag#ecommerce hashtag#crm hashtag#tirocinio hashtag#arcore",
            "comments": []
        }
    ]
}