{
    "name": "Alberto Masiero",
    "subtitle": "Group CFO presso VRV/Chart Industries",
    "location": "Milan, Lombardy, Italy",
    "about": "In 18 years as executive, I have managed Accounting, Finance and Cost Accounting areas.I have 15 years’ experience in US multinational companies, driving the integration of recently acquired Italian companies into international groups, implementing FP&A processes, taking the lead of change management and turnaround.In several occasions I have carried out extraordinary operations, acquisitions and Corporate special projects focused on maximizing group synergies.In the last years, I have also acquired strong competence in restructuring and I have managed serious issues in companies in financial distress.CORE RESPONSIBILITIES \tFinancial Planning & Analysis and \tFinancial management\tCash flow - NWC management - Net Financial Position\tKPIs setting & management\tMonthly fast closing\tInvestment initiatives\tAnnual and consolidated financial statements\tUS GAAP - IFRS - Italian GAAP (OIC)\tStrategic analysis\tCost accounting\tCredit management\tSOX & Dlgs 231/2001\tTurnaround & restructuring\tChange management\tLegal aspects and company governance\tLiaising with B.o.D. - Shareholders - Statutory Auditors - Private Equity - Auditors - Banks",
    "experiences": [
        [
            "Group Chief Financial Officer",
            "VRV",
            "Nov 2019 - Present · 4 yrs 7 mos",
            "Ornago"
        ],
        [
            "Group Chief Financial Officer",
            "Termigas S.p.A.",
            "Mar 2018 - Nov 2019 · 1 yr 9 mos",
            "Bergamo, Italia",
            "Group of companies specialized in the design and installation of technological, mechanical and electrical systems for the civil, industrial and service sector.\nSales: 130 M€. Employees: 450."
        ],
        [
            "Group Chief Financial Officer",
            "Gruppo ESPERIA S.p.A.",
            "2014 - Mar 2018 · 4 yrs 3 mos",
            "Milan Area, Italy",
            "Group of companies selling power and e natural gas either in B2B and B2C markets. Sales: 200 M€. Employees: 35."
        ],
        [
            "Group Chief Financial Officer",
            "Tecnopali srl",
            "Jun 2012 - Jan 2014 · 1 yr 8 mos",
            "Parma Area, Italy",
            "Group of companies manufacturing poles and columns for energy distribution, telecommunications, public lighting. Sales: Eur 170M. Employees: 400.\nReports: 2 managers and 11 accountants / analysts (directs and indirects)."
        ],
        [
            "Terex",
            "4 yrs 11 mos",
            "CFO - Gruppo Reggiane / TEREX",
            "Mar 2009 - Nov 2011 · 2 yrs 9 mos",
            "Reggio Emilia",
            "Group of companies manufacturing harbor cranes and forklifts for containers. Sales: Eur 250M. Employees: 400. Italian business unit of TEREX Inc., N.Y.S.E. listed.",
            "CFO - Gru Comedil Srl / TEREX",
            "Jan 2007 - Mar 2009 · 2 yrs 3 mos",
            "Pordenone - Italy",
            "Company manufacturing tower and self-erecting cranes for the construction industry. Sales: Eur 200M. Employees: 260. Italian business unit of TEREX Inc., N.Y.S.E. listed."
        ]
    ],
    "posts": [
        {
            "post": "Congratulazioni e buon lavoro!",
            "comments": []
        },
        {
            "post": "Potenza, precisione, semplicità e sicurezza.Valla original pick&carry since 1945",
            "comments": []
        }
    ]
}