{
    "name": "Eleonora Scarpa",
    "subtitle": "Marketing Manager at Retitalia SpA",
    "location": "Milan, Lombardy, Italy",
    "about": "Predisposizione a lavorare in Team, intraprendenza, dinamismo e flessibilità, le soft skills che meglio mi rappresentano. A  seguito  delle  esperienze  lavorative  ho acquisito  una buona  predispozione  per  i  rapporti interpersonali e per la gestione del pubblico, il lavoro svolto in concomitanza agli impegni universitari mi ha permesso inoltre di acquisire buone capacità di time management e proattività.",
    "experiences": [
        [
            "Retitalia SpA",
            "Full-time · 4 yrs 5 mos",
            "Marketing Manager",
            "Mar 2022 - Present · 2 yrs 3 mos",
            "Milano, Lombardia, Italia",
            "Marketing Specialist",
            "Sep 2021 - Oct 2022 · 1 yr 2 mos",
            "Milano, Lombardia, Italia",
            "Junior marketing specialist",
            "Jan 2020 - Oct 2021 · 1 yr 10 mos",
            "Milano, Lombardy, Italy",
            "- Pianificazione e organizzazione di eventi B2B;\n- Creazione e sviluppo del social media plan con relativo monitoring periodico;\n- Elaborazione contenuti, editing e formattazione di comunicazioni interne aziendali;\n- Supporto nella realizzazione dei materiali di corporate identity;\n- Gestione dei rapporti con i partner commerciali actual e prospect e realizzazione di iniziative di marketing;\n- Analisi periodiche sui feedback dei clienti finali;\n- Analisi e report periodico sull'attività di Mystery Client;"
        ],
        [
            "Marketing Intern",
            "TripActions · Internship",
            "Oct 2019 - Jan 2020 · 4 mos",
            "Palo Alto, California",
            "- Supporto sviluppo Loyalty Program\n- Supporto Customer Marketing Team \n- Monitoring Sito aziendale\n\nGrazie a questa esperienza, ho avuto l'opportunità di interfacciarmi con una realtà aziendale dinamica, motivante e stimolante, nonostante sia stata un'esperienza breve mi ha arricchito molto a livello formativo."
        ],
        [
            "Marketing Assistant",
            "Retitalia SpA · Internship",
            "May 2019 - Oct 2019 · 6 mos",
            "Milano, Italia",
            "- Creazione e organizzazione eventi B2B;\n- Monitoraggio e analisi periodica dei canali social e del sito corporate;\n- Stesura di report periodici per il monitoraggio di iniziative commerciali;\n- Attività di mystery client sui punti vendita con relativi report;\n- Preparazione di presentazioni corporate aziendali."
        ]
    ],
    "posts": [
        {
            "post": "Insieme, facciamo strada!🎉 Siamo lieti di annunciare la crescita del nostro Network di stazioni di servizio, attraverso l’acquisizione di 22 punti vendita nel territorio piemontese.Per maggiori informazioni consulta il sito web 👇​https://lnkd.in/dsQPK7Nhashtag#Retitalia hashtag#Insiemefacciamostrada",
            "comments": []
        },
        {
            "post": "Di addio alla tua carta carburante!Passa all’App Pieno&VAI per un rifornimento a portata di click ​📱​​Scopri tutti i punti vendita aderenti ​https://lnkd.in/dirA5vV8hashtag#Retitalia hashtag#Insiemefacciamostrada",
            "comments": []
        },
        {
            "post": "​Retitalia Gas sviluppa la concessione Enilive Gas GPL anche in alcuni comuni dell'Emilia Romagna e della Toscana, oltre alla regione Lombardia.Se hai già un contratto di fornitura Enilive Gas GPL rimarrà tutto invariato a livello di servizio ed operatività: stessa modalità di rifornimento con in più tutta l’affidabilità del servizio di Retitalia Gas.Continueranno ad essere inclusi nel contratto di comodato con Enilive tutti i principali servizi, come la manutenzione ordinaria e straordinaria e il cambio della valvola di sicurezza, seguendo sempre gli standard di qualità ed efficienza. ​Per maggiori informazioni:Contattaci al numero 02 86882500 Visita il nostro sito www.retitaliagas.euManda una email a retitaliagas@retitaliagas.eu hashtag#RetitaliaGas",
            "comments": []
        },
        {
            "post": "📣​Stiamo Assumendo!Siamo alla ricerca di un/a Back Office Commerciale che si unisca al nostro Team!🤝🏻​Scopri tutte le posizioni aperte ➡️ https://bit.ly/4bk8paq",
            "comments": []
        },
        {
            "post": "📣​Stiamo Assumendo!Siamo alla ricerca di un Business Analyst  e Junior Administration and Accounting Operator che si unisca al nostro Team!🤝🏻​Scopri tutte le posizioni aperte ➡️ https://bit.ly/4bk8paqhashtag#Retitalia hashtag#Insiemefacciamostrada hashtag#TeamRetitalia",
            "comments": []
        },
        {
            "post": "📣​Stiamo Assumendo!Siamo alla ricerca di un Logistics Operation che si unisca al nostro Team!🤝🏻​Scopri tutte le posizioni aperte ➡️ https://bit.ly/4bk8paq",
            "comments": []
        },
        {
            "post": "Retitalia aderisce alla convenzione sottoscritta tra il MIMIT e le principali Associazioni di categoria partecipando al piano di contenimento dei costi del prezzo alla pompa. Fieramente impegnati in questa iniziativa solidaristica, comunichiamo che a partire da oggi, a tutti i possessori della Social Card «Dedicata a te», Retitalia riconosce in maniera volontaria un buono da poter utilizzare per l’acquisto di carburante. Scorri il carosello e scopri tutti i dettagli dell’iniziativa.Visita il nostro sito per il regolamento completo ➡️​https://lnkd.in/dirA5vV8Insieme, facciamo la differenza.hashtag#Retitalia hashtag#Insiemefacciamostrada",
            "comments": []
        },
        {
            "post": "Atmosfera natalizia ed elegante: questa è l’aria che abbiamo respirato presso la location di Penelope a casa, dove abbiamo svolto la nostra cena di Natale. L'occasione giusta per celebrare il successo dell'anno trascorso e che sta per concludersi e per condividere momenti di gioia e di festa con il nostro team, che nell’ultimo anno si è arricchito di nuovi talenti. 🍾🌟Un anno costellato di grandi novità e grandi obiettivi raggiunti.Insieme, facciamo squadra!hashtag#Retitalia hashtag#Insiemefacciamostrada hashtag#PenelopeaCasa",
            "comments": []
        },
        {
            "post": "Ogni successo ha una storia da raccontare. 🤝​La nostra si arricchisce insieme a Retitalia Gas Srl, concessionario esclusivo Eni Gas GPL. Unisciti a noi in questo nuovo capitolo!➡️​ https://lnkd.in/dtNtA_Hwhashtag#Retitalia hashtag#RetitaliaGas hashtag#Insiemefacciamostrada hashtag#EniGasGPL",
            "comments": []
        },
        {
            "post": "Inizia il viaggio di Retitalia Gas.Siamo lieti di annunciare la nostra partnership con Eni Gas GPL come concessionario esclusivo per la distribuzione del GPL in bombole e sfuso nella regione Lombardia.Per maggiori informazioni:🖥️​ Visita il nostro sito: https://lnkd.in/dtNtA_Hw📲​ Chiamaci al numero: 02 86882500📩​ Manda una mail a: retitaliagas@retitaliagas.euhashtag#RetitaliaGas hashtag#ChiSiamo hashtag#Benvenuti",
            "comments": []
        }
    ]
}