{
    "name": "Vincenzo Riili",
    "subtitle": "CMO | GM | Board Member | Advisor",
    "location": "Milan, Lombardy, Italy",
    "about": "Experienced business and marketing executive with a strong international background.Proven ability to manage global brands and businesses across EMEA, USA, Latam, and Asia. Skilled in business strategy, brand management, digital transformation, and go-to-market both in B2C and B2B environments. Extensive experience in both headquarters and local markets, adept at navigating the complexities of matrix organisations, leading large diverse teams, and driving revenue-generating marketing initiatives. Demonstrates strong business acumen holding proven track record of success.",
    "experiences": [
        [
            "Google",
            "8 yrs 3 mos",
            "CMO | Senior Marketing Director | Board Member",
            "Apr 2021 - Present · 3 yrs 2 mos",
            "Senior member of the EMEA marketing team, serving as CMO and board member for Italy, I lead a dynamic, cross-functional team in driving brand equity, product adoption, and revenue growth for Google and YouTube products and platforms. I spearhead the development and execution of integrated B2B and B2C marketing and business strategies across diverse areas. My team's expertise spans traditional and digital marketing, retail marketing, event management, lead acquisition, strategic partnerships, and measurement. \nI successfully expanded my leadership role as interim CMO for Spain and Portugal, further enhancing our market presence and operational efficiency across the South Europe region.",
            "CMO | Marketing Director",
            "Mar 2016 - Apr 2021 · 5 yrs 2 mos",
            "Milan Area, Italy",
            "As CMO for Google in Italy I lead the wide and complex country marketing agenda driving brand equity, products adoption and business revenues across Google and YouTube products and platforms."
        ],
        [
            "Advisory Board Member",
            "RCS Academy",
            "Apr 2019 - Present · 5 yrs 2 mos"
        ],
        [
            "Advisory Board Member",
            "MIP Politecnico di Milano",
            "Jun 2021 - Present · 3 yrs"
        ],
        [
            "Advisor & Investor",
            "WAMI - Water with a Mission",
            "Jan 2022 - Present · 2 yrs 5 mos",
            "WAMI mission is to give everyone the opportunity to donate clean water just by purchasing a bottle of WAMI mineral water. 1=100 liters donated"
        ],
        [
            "Regional CMO - Unilever PepsiCo Joint Venture",
            "PepsiCo",
            "Nov 2013 - Mar 2016 · 2 yrs 5 mos",
            "London, United Kingdom",
            "CMO of EMEA, I was responsible for managing the brands portfolio and business of the Beverage Joint-Venture owned by Unilever and PepsiCo. I led the development and implementation of the marketing plans for a complex go-to-market model, which included Unilever, PepsiCo, and franchisee bottlers’ operations across 31 markets."
        ]
    ],
    "posts": [
        {
            "post": "Anche Google e’ main partner di Netcomm Forum, da 17 anni manifestazione di riferimento per il mondo digitale italiano. È un onore per noi essere di nuovo sul palco durante la plenaria, per mostrare come l’intelligenza artificiale e la tecnologia Google forniscono soluzioni concrete per consentire ai retailer di trasformare la loro catena del valore, in un mondo sempre più complesso. Vi aspettiamo mercoledì 8 e giovedì 9 maggio allo stand Google, durante la plenaria e i workshop di approfondimento. Scopri tutti i nostri interventi ➡️ https://lnkd.in/dPmwxR3Xhashtag#NetcommForum hashtag#GoogleRetail hashtag#GoogleNetcomm hashtag#FuturefyingRetail",
            "comments": []
        },
        {
            "post": "2024 is the year of action for AI Marketing and companies that embrace artificial intelligence will have a competitive advantage. 🚀 I'm thrilled to have launched Accelerate, a program that supports clients and partners in assessing their AI Marketing Maturity and developing the skills to grow. A special thanks to Fastweb for testing our assessment and sharing their experience. 🙌During our immersive event, we offered a true journey into AI: practical demonstrations of Vertex AI and Gemini for Google Workspace, success stories with Think with Google, and much more. It was a pleasure to meet so many professionals and hear about the challenges and concerns, but also the optimism towards the future. 🎉 Kudos to my incredible B2B marketing team for setting up the Accelerate program and executing an amazing launch! Maria Beatrice Casarosa Linda Bezze Fabio ErcolaniThere's never been a more exciting time to work in marketing! 🚀hashtag#AIMarketing hashtag#Accelerate hashtag#Google",
            "comments": []
        },
        {
            "post": "🚀 L’intelligenza artificiale è passata da essere un’innovazione rivoluzionaria alla realtà quotidiana per chi si occupa di marketing. Tuttavia, per molti brand il potenziale dell’IA in questo settore è ancora da esplorare. Questa sera, all’evento “Accelerate: Unleash your full potential with Google AI”, presenteremo ai nostri clienti e partner il percorso di crescita che li aspetta grazie al nuovo programma “Accelerate”, pensato proprio per aiutarli a cogliere le opportunità di questa tecnologia.Mostreremo i risultati di una nuova ricerca che indaga l’AI Maturity dei brand italiani e i fattori chiave del successo. Inoltre, ascolteremo la testimonianza di Fastweb che ha già testato questo nuovo approccio.Spero di incontrare tanti di voi! hashtag#GoogleAccelerate hashtag#GoogleIA",
            "comments": []
        },
        {
            "post": "È stato un privilegio rappresentare Google alla Giornata Nazionale Made in Italy, promossa dal Ministero delle Imprese e del Made in Italy, presentando il progetto \"IA per il Made in Italy\" 🇮🇹L'intelligenza artificiale (IA) rappresenta un'immensa opportunità di trasformazione per il mondo del business e in un'economia composta per il 90% da piccole e medie imprese, è fondamentale affiancare queste realtà in un percorso di evoluzione digitale.Nasce con questo obiettivo IA per il Made in Italy: un progetto che mette a disposizione delle PMI strumenti concreti, consulenze personalizzate e corsi di formazione gratuiti, sia online che sul territorio.Due pilastri per il successo:Visione strategica: il progetto aiuta le PMI a sviluppare una comprensione approfondita dei benefici dell'IA e del suo potenziale impatto sul business.Competenze concrete: i corsi pratici forniscono alle aziende le competenze necessarie per implementare e utilizzare soluzioni di IA in modo efficace.Desidero esprimere la mia gratitudine a:ANIMA Confindustria e al suo presidente Marco Nocivelli per la preziosa collaborazione sul territorio.Gli europarlamentari Brando Benifei e Carlo Fidanza per gli spunti di riflessione sul tema.Il professor Lucio Lamberti del MIP Politecnico di Milano di Milano per la collaborazione nello sviluppo degli strumenti.Il futuro del nostro Paese con l'IA è ancora tutto da scrivere. Come Google, siamo entusiasti di supportare le PMI in questa storia di crescita e innovazione!Susanna Garancini Valentina Dallavalle Veronica Chittaro Elisa Ranciliohashtag#AI hashtag#Google hashtag#TrasformazioneDigitale",
            "comments": []
        },
        {
            "post": "Experience the power of color! Our Google exhibition 'Making Sense of Color' is now open at Fuorisalone in Milan! Designed by our VP of Hardware Ivy Ross and her talented team, in collaboration with the arts + research lab Chromasonic, this immersive experience delves into how color shapes our perceptions and influences our Hardware design philosophy. If you're in Milan this week, come explore this fascinating intersection of technology and design at Garage 21, Via Archimede 26. hashtag#Google hashtag#Design hashtag#FuoriSalone2024",
            "comments": []
        },
        {
            "post": "At Google Cloud Next '24, immerse yourself in a world of knowledge and innovation. Learn directly from thought leaders at the forefront of technology, gain unique insights from Google Cloud customers and partners, and enjoy interactive experiences in critical areas such as security and cloud operations.This is your opportunity to deepen your understanding, broaden your perspectives, and enhance your skills in a dynamic, hands-on environment. Whether you're aiming to master the latest in cloud technology or seeking to address complex challenges with cutting-edge solutions, Google Next '24 is where your journey accelerates.You can follow the  Google Cloud Next '24 Opening Keynote here 👉 https://lnkd.in/dmBRaJhF",
            "comments": []
        },
        {
            "post": "At Milan Marketing Week, a deep dive into technology's impact on marketing and business spotlighted a pivotal shift: the key skill today isn’t just staying informed but mastering the art of data interpretation and leveraging AI for dynamic decision-making.In this rapidly evolving arena, success belongs to those who excel in ambiguity and adapt swiftly, continuously unlocking innovative pathways to connect with consumers.👉 Watch our Panel on AI's Role in Marketing if interested https://lnkd.in/dwUDkQTnhashtag#MilanMarketingWeek hashtag#AI hashtag#Marketing",
            "comments": []
        },
        {
            "post": "Ready to level up your marketing in 2024? 12 easy tips from Google's Media Lab here 👉https://lnkd.in/dPDnVm9nKey takeaways:🧠 Embrace AI for personalization & insights.🔐 Put privacy first. Build consumer trust.🤝 Humans + AI = a winning combo.📹 Get creative with storytelling – think short video.🤝 Don't sleep on B2B influencer power.✨ Make every step of the customer journey seamless.",
            "comments": []
        },
        {
            "post": "Today, Google has released the new Google Ads Safety Report, detailing initiatives undertaken last year to ensure people have an increasingly safe experience within its advertising ecosystem. In 2023, the impact of generative AI marked a significant technological shift, enabling a significant step forward in our commitment to policy enforcement. Our teams are embracing this transformative technology, particularly Large Language Models, to revolutionize how we continue to engage in ensuring online safety for individuals.Here are some numbers that illustrate what was accomplished in 2023:1️⃣ We blocked or removed over 5.5 billion ads that violated policies, equating to over 9,000 ads per minute.2️⃣ We suspended over 12.7 million advertiser accounts for serious policy violations, nearly double that of 2022.3️⃣ We removed ads from over 2.1 billion pages.4️⃣ We added or updated 31 policies for advertisers and publishers.All details are available in our blog post ⬇️hashtag#AdsSafetyReport",
            "comments": []
        },
        {
            "post": "This Tuesday, I will be participating in the Milan Marketing Festival, live on ClassCnbc (Sky 507), milanofinanza.it and italiaoggi.it to share ideas, innovations, and the latest trends in the world of marketing and technology. Thanks to Class Editori for the invitation!hashtag#MMF hashtag#MilanMarketingFestival hashtag#Marketing hashtag#TechnologyRegistration link 👉 https://lnkd.in/d8vHrmRe",
            "comments": []
        }
    ]
}