{
    "name": "Marco Pannunzio",
    "subtitle": "Chief Executive Officer at TotalEnergies",
    "location": "Greater Milan Metropolitan Area",
    "about": "",
    "experiences": [
        [
            "Chief Executive Officer",
            "TotalEnergies · Full-time",
            "Sep 2021 - Present · 2 yrs 9 mos",
            "Milan, Lombardy, Italy · On-site"
        ],
        [
            "GENERAL MANAGER",
            "TOTAL ROMANIA · Full-time",
            "Dec 2016 - Sep 2021 · 4 yrs 10 mos",
            "Bucharest, Romania"
        ],
        [
            "GENERAL MANAGER",
            "TOTAL ČESKA REPUBLIKA TOTAL SLOVENSKO TOTAL LUBRICANTS HUNGARY",
            "Jun 2015 - Dec 2016 · 1 yr 7 mos",
            "Praga"
        ],
        [
            "GENERAL MANAGER",
            "TOTAL ČESKA REPUBLIKA TOTAL AUSTRIA TOTAL SLOVENSKO",
            "Aug 2013 - May 2015 · 1 yr 10 mos",
            "Praga"
        ],
        [
            "DIRETTORE SPECIALITA'",
            "TOTALERG",
            "Oct 2010 - Aug 2014 · 3 yrs 11 mos",
            "MILANO",
            "PRESIDENTE E AD DI TOTALGAZ SPA E BITUMTEC SRL\n\nVICEPRESIDENTE ASSOGASLIQUIDIGPL"
        ]
    ],
    "posts": [
        {
            "post": "🚛In TotalEnergies Italia sappiamo quanto il trasporto su strada sia strategico per il nostro paese, e ci impegniamo a offrire soluzioni e servizi che mirano all'efficienza, all'efficacia e alla sostenibilità a lungo termine: è per questo che, con grande entusiasmo, nel mese di maggio prenderemo parte a due importanti hashtag#eventi dedicati al mondo del trasporto su ruota. Dall’8 maggio, saremo presenti al Transpotec-Logitec, la principale fiera italiana dedicata al mondo dei trasporti e della logistica, con uno stand condiviso con nostro partner AS24 e in qualità di sponsor dell’area test e dell’area usato. Sarà un'occasione unica per incontrare i protagonisti del settore, condividere le nostre idee, presentare le nostre soluzioni innovative. Incontreremo, inoltre, i nostri trasportatori per condividere i valori legati alla hashtag#sicurezza e la nostra visione del futuro.Il weekend del 25 maggio, avremo l'onore di essere il title sponsor, con il marchio hashtag#Rubia, della prima tappa dell'European Truck Race Championship, portando contemporaneamente in pista i nostri prodotti (in qualità fornitori unici dell’hashtag#HVO per l’intero campionato) e i nostri colori come sponsor del team Lion Truck Racing. Sarà un evento emozionante e avvincente, che dimostrerà l'impegno di TotalEnergies nella costante ricerca e sviluppo di prodotti all’avanguardia.Siamo fieri di partecipare a queste due importanti manifestazioni e di continuare a lavorare fianco a fianco con i hashtag#trasportatori per garantire un futuro sostenibile e prospero. Vi aspettiamo numerosi! 🚚 hashtag#TotalEnergies hashtag#TrasportoSuRuota hashtag#Sostenibilità hashtag#TranspotecLogitech hashtag#EuropeanTruckRaceChampionship",
            "comments": []
        },
        {
            "post": "Hey everyone! I’m on the lookout for a new role and would really appreciate your support. I’d love to reconnect with you all, share my experiences, and catch up on what’s new in your world.If you hear of any exciting opportunities or are open to chatting, send me a message or comment below! hashtag#OpenToWork",
            "comments": []
        },
        {
            "post": "➡️ TotalEnergies Marketing Italia sarà tra i protagonisti di Transpotec-Logitec dal 8 al 11 maggio 2024, dove presenterà la gamma Rubia Optima dedicata al hashtag#trasporto pesante. Leggi l'articolo 👉 https://bit.ly/3JQ0FQVNe ha parlato: Marco Pannunzio, CEO di TotalEnergies Marketing Italia.",
            "comments": []
        },
        {
            "post": "https://lnkd.in/ejTXxszn",
            "comments": []
        },
        {
            "post": "Sono entusiasta di condividere l'emozionante esperienza che abbiamo fatto vivere questo weekend come premio ai distributori autorizzati hashtag#lubrificanti TotalEnergies rientranti nel 2023 categoria Gold! Accompagnarli a scoprire la magia della hashtag#FormulaE nel suggestivo contesto del circuito di Monaco è stata un'esperienza indimenticabile. È stato un momento perfetto per trascorrere del tempo insieme, esplorare i dintorni del Principato e, soprattutto, vivere l'adrenalina della gara al fianco del nostro partner DS PENSKE Formula E Team.Questa hashtag#partnership ci offre l'opportunità di testare prodotti all'avanguardia per un futuro sempre più sostenibile. L’incontro di questo weekend è stato un perfetto esempio della nostra visione di una crescita hashtag#sostenibile che affonda le radici in un presente fatto di distributori integrati sul territorio e guarda ad futuro in cui essere attori di una nuova era di mobilità.Siamo lieti di condividere che il nostro sostegno ha portato fortuna al team, che si è qualificato terzo dopo uno spettacolare Gran Premio. Un successo che celebra la nostra collaborazione e ci spinge a perseguire obiettivi sempre più ambiziosi insieme.Grazie ai nostri hashtag#distributori Bronchi Combustibili Srl, NELSA Lubrificanti e CAMPANIA LUBRIFICANTI SOCIETA  A RESPONSABILITA  LIMITATA per essere stati parte di questa straordinaria esperienza e per il loro impegno costante nel promuovere la nostra visione. Non vediamo l'ora di condividere nuove avventure e successi con la certezza che nel 2024 in nostro club Gold vedrà salire a bordo nuovi partner!hashtag#FormulaE hashtag#MonacoEPrix hashtag#Partnership hashtag#Sostenibilità hashtag#Successo hashtag#GoldDistributors",
            "comments": []
        },
        {
            "post": "Una celebrazione di prestigio per i 💯 anni di TotalEnergies nella splendida cornice della Tenuta dell’Annunziata.Un sentito ringraziamento a NELSA Lubrificanti ed alla famiglia Guffanti che ancora una volta hanno dato prova di grande interesse per il marchio hashtag#TotalEnergies.",
            "comments": []
        },
        {
            "post": "La hashtag#formazione è il pilastro su cui TotalEnergies costruisce il suo impegno per un futuro sostenibile. La scorsa settimana abbiamo tenuto due corsi emblematici, evidenziando il nostro impegno verso i dipendenti e i clienti.Per le giovani leve di TotalEnergies Italia, abbiamo organizzato una master class focalizzata sulla hashtag#transizioneenergetica tenuta dall’Ing Prof Benoit LUC, in veste di Presidente di TPA (TotalEnergies Professeurs Associes). Questo corso mirava a fornire una prospettiva chiara e approfondita sulle sfide e le opportunità della transizione verso fonti energetiche più hashtag#sostenibili. Investire nei nostri dipendenti in questo modo non solo li prepara per affrontare le sfide future, ma li motiva anche a essere agenti di cambiamento nella propria comunità e nell'industria italiana.Parallelamente, presso la spettacolare location del Park 04, abbiamo tenuto una formazione della TAcademy personalizzata  ai clienti del nostro distributore Bronchi Combustibili Srl. Questo corso ha puntato a migliorare la comprensione dei nostri clienti sulle nuove tecnologie legate al mondo hashtag#automotive, consentendo loro di prendere decisioni informate e responsabili. Abbiamo poi concluso il corso con un’hashtag#esperienza unica per i partecipanti: provare nel park le moto da cross dopo un brief ricevuto dalla Leggenda della MotoGp Andrea Dovizioso. TotalEnergies crede fermamente che la formazione sia l'elemento chiave per garantire la hashtag#sostenibilità nel tempo. Solo attraverso l'educazione e la consapevolezza possiamo guidare la trasformazione necessaria verso un futuro energetico più sostenibile. Continueremo a investire nella formazione, sia per i nostri dipendenti che per i nostri clienti, perché crediamo che sia fondamentale per il nostro successo e per il benessere del pianeta.",
            "comments": []
        },
        {
            "post": "“La realtà”\"La mia esperienza mi ha portato a conoscere decine di migliaia di drammi veri, gente che ha la vita distrutta, paralizzata per colpa di uno Stato che non fa niente se non propagandare il 2 aprile (ovvero oggi, data della Giornata Mondiale sull'Autismo).In Italia non esiste neanche un censimento dei ragazzi con l'autismo, i politici - ma non solo loro, tutti quanti - credono che aiutare significhi isolare i bimbi e lasciare che la famiglia, come dire, respiri.Ma quello non è aiutarci, significa non aver capito niente.I bambini autistici possono imparare a vivere, a parlare, ma per farlo devono essere seguiti appena il problema si manifesta.Ci siamo presentati davanti alla Commissione che doveva stabilire se mio figlio fosse o non fosse autistico. Sai da chi era presieduta? Da un otorino. Mi vergogno a dirlo, ma mi sono messo a urlare.Dopo un anno mi hanno risposto e ora, attraverso sforzi disumani - perché otto ore di riabilitazione al giorno sono tante - mio figlio parla, ha degli amici, va a scuola. Ma per ogni successo ci sono migliaia di bambini che vengono lasciati senza sostegno, abbandonati\".Lo conosciamo per il suo umorismo e la sua irriverenza, ma Stefano Belisari - in arte Elio - combatte ogni giorno una lotta durissima per garantire a suo figlio una vita degna di questo nome.___✅ Le parole di Stefano Belisari segnano la distanza tra quello che siamo e quello che dovremmo essere.✅ Lo storytelling sovrasta la realtà, ma la realtà è la quotidianità con cui le persone si devono confrontare.✅ Oggi non c’è nulla da celebrare vista la situazione.___hashtag#giovani hashtag#odiolafuffa hashtag#nobarlafus hashtag#piediperterra",
            "comments": []
        },
        {
            "post": "Oggi TOTALENERGIES MARKETING ITALIA ha avuto il piacere di ospitare nei propri uffici, l’Ing Prof Benoit Luc, in veste di Presidente di TPA (TotalEnergies Professeurs Associes). I collaboratori, che sono stati recentemente assunti, hanno avuto la grande occasione di partecipare alla Energy Transition Master Class. Un appuntamento profondamente apprezzato, per l’alto valore di contenuti e per la chiara visione fornita sul futuro di questa trasformazione che sta attraversando tutto il mondo del business ed in particolare la nostra industry.La nostra squadra avrà molto materiale su cui lavorare per affrontare ed accompagnare con maggiora chiarezza e sicurezza la nostra evoluzione.hashtag#BenoitLuc un grazie infinito per questa ulteriore prova di alta professionalità e competenza, unita alla tua passione ed energia che conservi sempre, e con la quale contagi tutti coloro che ti avvicinano. A presto",
            "comments": []
        },
        {
            "post": "🎯 𝐄𝐪𝐮𝐢𝐥𝐢𝐛𝐫𝐢𝐨 𝐯𝐢𝐭𝐚-𝐥𝐚𝐯𝐨𝐫𝐨: 𝐥𝐞 𝐜𝐢𝐭𝐭à 𝐢𝐭𝐚𝐥𝐢𝐚𝐧𝐞 𝐡𝐚𝐧𝐧𝐨 𝐚𝐧𝐜𝐨𝐫𝐚 𝐦𝐨𝐥𝐭𝐚 𝐬𝐭𝐫𝐚𝐝𝐚 𝐝𝐚 𝐟𝐚𝐫𝐞! Questo emerge da uno studio condotto da Forbes Advisor sulle migliori città al mondo per il hashtag#worklifebalance. 📍 In testa alla classifica, Copenaghen. Seguita da Helsinki e Stoccolma. Insomma, il Nordeuropa emerge ancora una volta. 📍 Interessanti gli indici che hanno determinato questa graduatoria: disuguaglianza di genere, orario medio di lavoro, politiche sul congedo di maternità e paternità, ferie annuali minime legali, rapporto tra prezzo degli immobili e reddito, disponibilità e vicinanza a parchi e riserve naturali, fino al tasso di disoccupazione del paese.📍 Un dato che emerge è che tra le prime posizioni non figura nemmeno una città italiana.... 📍 Uno spunto per riflettere sull'importanza di un sano equilibrio: per il benessere personale, collettivo e, allo stesso tempo, per favorire la produttività. 📍  Un altro spunto è per i hashtag#manager: il loro ruolo per favorire questa importante è determinante.❓❓❓ Cosa ne pensate? Quali politiche andrebbero messe in campo, a livello pubblico e privato, per raggiungere i modelli virtuosi?A voi la parola!",
            "comments": []
        }
    ]
}