{
    "name": "Sonja Rotondaro",
    "subtitle": "VP & CFO Europe Consumer at Amazon",
    "location": "Milan, Lombardy, Italy",
    "about": "",
    "experiences": [
        [
            "Amazon",
            "6 yrs",
            "Vice President CFO Consumer Business Europe",
            "Apr 2019 - Present · 5 yrs 2 mos",
            "Luxembourg, Luxembourg",
            "Finance Director International Seller Services",
            "Jun 2018 - Mar 2019 · 10 mos",
            "Seattle, Washington, United States"
        ],
        [
            "Amazon EU Sarl",
            "7 yrs 7 mos",
            "Finance Director Italy",
            "Oct 2015 - Jun 2018 · 2 yrs 9 mos",
            "Milan Area, Italy",
            "Senior Finance Manager Italy",
            "Feb 2012 - Oct 2015 · 3 yrs 9 mos",
            "Milan Area, Italy",
            "Senior Financial Analyst Italy",
            "Dec 2010 - Feb 2012 · 1 yr 3 mos"
        ],
        [
            "Financial Analyst",
            "Amazon.de",
            "Nov 2008 - Jun 2010 · 1 yr 8 mos"
        ],
        [
            "Financial Analyst",
            "W.L. Gore & Associates",
            "Dec 2003 - Oct 2008 · 4 yrs 11 mos",
            "Financial Analyst supporting GORE BIKE WEAR™ and GORE RUNNING WEAR™ business in Europe and the US and the GORE-TEX® Footwear and Gloves business globally: \n- budgeting and analysis of monthly, quarterly and annual results, incl EVA model, \n- case by case financial reports relative to customers, markets, products and processes, \n- financial support of projects, eg sourcing strategy, pricing strategy, divisional project comparing global supply chain solutions (impact of Asian vs European manufacturing on Gore fabrics and customer’s business), evaluation of different sales channels (distributor vs direct, etailing)\n- launch of GORE BIKE WEAR™ on the US market, product launch of Ride-On™ bike cables;"
        ],
        [
            "Research Associate",
            "IBFD",
            "1999 - 2001 · 2 yrs"
        ]
    ],
    "posts": []
}