{
    "name": "Marco Castelletti",
    "subtitle": "Finance Director presso Hydro Extrusion France",
    "location": "Ornago, Lombardy, Italy",
    "about": "",
    "experiences": [
        [
            "Norsk Hydro",
            "5 yrs 7 mos",
            "Finance Director EE France",
            "Full-time",
            "Jun 2023 - Present · 1 yr",
            "Francia · Hybrid",
            "Finance Director Italy",
            "Nov 2018 - Jun 2023 · 4 yrs 8 mos",
            "Ornago"
        ],
        [
            "Plant controller",
            "Hydro Extrusion italy s.r.l.",
            "Jul 2016 - Nov 2018 · 2 yrs 5 mos",
            "Ornago"
        ],
        [
            "Financial Controller",
            "Autocar Tecnologie S.r.l.",
            "Oct 2014 - Jul 2016 · 1 yr 10 mos",
            "Dubino"
        ],
        [
            "Senior",
            "Deloitte & Touche S.p.A.",
            "Oct 2010 - Oct 2014 · 4 yrs 1 mo",
            "Milano, Italia",
            "Attività di revisione contabile ed analisi di bilancio"
        ],
        [
            "Collaboratore",
            "De Napoli S.r.l.",
            "Oct 2007 - Dec 2008 · 1 yr 3 mos",
            "Como, Italia",
            "Adeguamento societario al regolamento  REACH (CE) n. 1907/2006"
        ]
    ],
    "posts": [
        {
            "post": "Roadshow Hydro - un format itinerante alla scoperta dell'alluminio e delle sue infinite possibilità per lo sviluppo di applicazioni innovative e sostenibili. La prima tappa sarà a Parma, se sei curioso di ricevere maggiori dettagli iscriviti qui 👇",
            "comments": []
        }
    ]
}