{
    "name": "Sabrina Borsani",
    "subtitle": "Responsabile delle risorse umane presso Repower Italia",
    "location": "Milan, Lombardy, Italy",
    "about": "",
    "experiences": [
        [
            "Responsabile risorse umane",
            "Repower Italia",
            "May 2008 - Present · 16 yrs 1 mo",
            "Milano",
            "Raccolta dei fabbisogni di recruiting e selezione \nProgettazione e organizzazione dei piani formativi aziendali \nImplementazione e gestione del sistema di valutazione di performance\nAmministrazione e gestione del personale e coordinamento dello studio esterno di consulenza del lavoro\nGestione del contenzioso del lavoro e disciplinare con coordinamento dello studio giuslavoristico esterno\nPartecipazione e gestione dei processi di riorganizzazione aziendali \nSupporto al Management su tematiche organizzative e di gestione del personale\nReportistica e gestione dei rapporti con la casa madre svizzera\nCoordinamento di un team di 2 persone"
        ],
        [
            "Organizzazione e Risorse umane",
            "Gruppo Mythos Arké",
            "Feb 2006 - Apr 2008 · 2 yrs 3 mos",
            "Milano, Italia",
            "Mappatura dei processi di business e stesura di procedure organizzative\nSupporto ai servizi di amministrazione e gestione del personale\nInterfaccia e gestione delle relazioni con il fornitore esterno che si occupa di paghe e contributi per le società del gruppo \nRicerca e selezione per le società del gruppo\nValutazione attraverso la metodologia dell’Assessment Center\nFormalizzazione degli aspetti contrattuali/retributivi\nProgettazione e organizzazione di percorsi formativi"
        ],
        [
            "Consulente area Risorse Umane",
            "Gruppo Soges S.p.A.",
            "Mar 2003 - Jan 2006 · 2 yrs 11 mos",
            "Milano, Italia",
            "Progettazione e organizzazione di interventi di formazione\nDefinizione e realizzazione di processi di valutazione del potenziale\nProgettazione e realizzazione di interventi di selezione di Personale operativo e di Responsabili\nProgettazione e conduzione di Assessment Center\nSomministrazione del Sistema Thomas come test in supporto al processo di selezione"
        ]
    ],
    "posts": [
        {
            "post": "Esistono realtà in grado di arricchire la vita di tutti.È il caso di Locanda alla Mano, il progetto nato per dare un'opportunità di lavoro ai ragazzi con la sindrome di Down.Scopri come abbiamo festeggiato i suoi primi 10 anni ▶️hashtag#repoweritalia hashtag#repowerenergia hashtag#thatsthepoweroflove hashtag#energia hashtag#energiasostenibile",
            "comments": []
        },
        {
            "post": "Hai già sentito parlare di “Rumors d’ambiente – Alla ricerca della sostenibilità”?Ecco qualche dritta sul nuovo podcast firmato Repower 👇hashtag#repoweritalia hashtag#repowerenergia hashtag#thatsthepoweroflove hashtag#energia hashtag#energiasostenibile",
            "comments": []
        },
        {
            "post": "Torna il White Paper di Repower, documento di riferimento nel mondo della mobilità green. Questa settima edizione è dedicata a “L’impatto dei nuovi equilibri energetici sulla mobilità sostenibile”.Dallo scenario energetico, agli impatti sulla mobilità elettrica, dalla legislazione europea alla micromobilità, fino alle nuove applicazioni con guida autonoma e alla mobilità nautica: un viaggio nella mobilità sostenibile a 360 gradi.Scopri tutte le novità 👇hashtag#repoweritalia hashtag#repowerenergia hashtag#thatsthepoweroflove hashtag#energia hashtag#energiasostenibile",
            "comments": []
        },
        {
            "post": "Vuoi sapere se nella tua azienda ci sono consumi non produttivi?Mattia Onori, Manager di Repower Italia, ci spiega come individuarli ▶️hashtag#repoweritalia hashtag#repowerenergia hashtag#thatsthepoweroflove hashtag#energia hashtag#energiasostenibile",
            "comments": []
        },
        {
            "post": "Cosa significa fare efficienza energetica in azienda?Ce lo spiega Lucia Trevisani, Responsabile Marketing Repower Italia ▶️hashtag#repoweritalia hashtag#repowerenergia hashtag#thatsthepoweroflove hashtag#energia hashtag#energiasostenibile",
            "comments": []
        },
        {
            "post": "Oggi, in occasione dell’inizio del Premio Speciale Repower per l’Innovazione, il nostro AD fabio bocchiola ci racconta perchè sostenere l’innovazione.hashtag#repoweritalia hashtag#repowerenergia hashtag#thatsthepoweroflove hashtag#energia hashtag#energiasostenibile",
            "comments": []
        },
        {
            "post": "Vuoi conoscere chi valuterà i progetti finalisti del Premio Speciale Repower per l'Innovazione?Dai un'occhiata per scoprire chi sono gli altri 5 giurati di questa edizione👇Maurizio Melis Tiziana Monterisi Stefania Romenti Giusy Stanziola Luca Zorloni Premio 2031 hashtag#repoweritalia hashtag#repowerenergia hashtag#thatsthepoweroflove hashtag#energia hashtag#energiasostenibile",
            "comments": []
        },
        {
            "post": "Vuoi conoscere chi valuterà i progetti finalisti del Premio Speciale Repower per l'Innovazione?Dai un'occhiata per scoprire chi sono i nostri primi 5 giurati 👇Eleonora Chioda Stefano Giovanni Maria Colombo Andrea Galeazzi Maria Grazia Mattei Matteo Mazzotta Premio 2031 hashtag#repoweritalia hashtag#repowerenergia hashtag#thatsthepoweroflove hashtag#energia hashtag#energiasostenibile",
            "comments": []
        },
        {
            "post": "Nella cornice del Premio 2031 torna il Premio Speciale Repower per l’Innovazione. Giunto alla sua quinta edizione, il riconoscimento è destinato alle realtà imprenditoriali impegnate in progetti innovativi che hanno impatti positivi sulla vita di tutti i giorni.L'appuntamento è lunedì 21 novembre presso il MEET Digital Culture Center di Milano per conoscere le start-up finaliste. Seguici!hashtag#repoweritalia hashtag#repowerenergia hashtag#thatsthepoweroflove hashtag#energia hashtag#energiasostenibile",
            "comments": []
        },
        {
            "post": "Repower Italia entra, con GES - Green Energy Storage - nel settore dello storage, investendo nella produzione di batterie con una rivoluzionaria tecnologia 100% green. Una collaborazione che rappresenta la condivisione di un percorso comune per il raggiungimento di traguardi condivisi. \"Repower conferma la sua forte apertura all'innovazione, in particolare quella orientata alla sostenibilità e in grado di avere molteplici applicazioni\", sono le parole di fabio bocchiola, AD di Repower Italia.hashtag#tecnologia hashtag#innovazione hashtag#energystorage",
            "comments": []
        }
    ]
}