{
    "name": "Francesco Forleo",
    "subtitle": "Amministratore Delegato e Direttore Generale presso 2i Rete Gas S.p.A",
    "location": "Milan, Lombardy, Italy",
    "about": "",
    "experiences": [
        [
            "2i Rete Gas S.p.A",
            "5 yrs 11 mos",
            "Amministratore delegato",
            "Apr 2023 - Present · 1 yr 2 mos",
            "Chief Operating Officer",
            "Jul 2018 - Present · 5 yrs 11 mos",
            "Milano, Italia"
        ],
        [
            "Amministratore Unico",
            "Infrastrutture Distribuzione Gas S.p.A. - Gruppo 2i Rete Gas",
            "Apr 2021 - Oct 2021 · 7 mos"
        ],
        [
            "Varese Risorse (A2A Group)",
            "3 yrs",
            "Presidente",
            "Feb 2017 - Jun 2018 · 1 yr 5 mos",
            "Varese Area, Italy",
            "Amministratore Delegato",
            "Jul 2015 - Jun 2018 · 3 yrs",
            "Varese, Italia"
        ],
        [
            "Amministratore delegato",
            "ASPEM SPA",
            "Jul 2015 - Jun 2018 · 3 yrs",
            "Varese, Lombardia, Italia",
            "Multiutility del Gruppo A2A operante nei settori dell'ambiente, del ciclo idrico e della distribuzione gas in provincia di Varese"
        ],
        [
            "Head of Customer Relationship Management",
            "A2A Energia (A2A Group)",
            "May 2010 - Jun 2015 · 5 yrs 2 mos",
            "Milano, Italia"
        ]
    ],
    "posts": []
}