{
    "name": "Laura Galli",
    "subtitle": "Vice President EMEA and Managing Director 3M Italy.",
    "location": "Milan, Lombardy, Italy",
    "about": "",
    "experiences": [
        [
            "3M",
            "5 yrs 9 mos",
            "Managing Director",
            "Nov 2023 - Present · 7 mos",
            "Presidente e AD - 3M Italia",
            "Vice President EMEA",
            "Nov 2022 - Present · 1 yr 7 mos",
            "Vice President Europe, Middle East & Africa, Personal Safety Division",
            "Director EMEA",
            "Apr 2021 - Nov 2022 · 1 yr 8 mos",
            "Milan, Lombardy, Italy",
            "Director EMEA, Abrasive System Division, 3M\n\nBusiness Director Europe Middle East and Africa for Abrasive System Division, with P&L responsibility"
        ],
        [
            "3M",
            "23 yrs 9 mos",
            "Business Manager West Europe",
            "Oct 2016 - Aug 2017 · 11 mos",
            "Milan Area, Italy - West Europe",
            "Business Development Manager for Abrasive System Division for West Europe\n\nMember of 3M Industrial Business Group Operating Commettee\nMember of 3M Abrasive System Division Global Operating Commettee",
            "Country Business Leader",
            "Jul 2014 - Sep 2016 · 2 yrs 3 mos",
            "Italy",
            "Country Business Leader - Electronics & Energy Business Group\n3M Italy\n\nMember of 3M Italy Management Operating Committee\nMember of 3M E&E West Europe Operating Committee",
            "General Sales & Marketing Manager",
            "Jan 2012 - Jun 2014 · 2 yrs 6 mos",
            "Italy",
            "General Manager for Personal Safety Division in Italy"
        ]
    ],
    "posts": [
        {
            "post": "I’m happy to share that I’m starting a new position as Managing Director 3M Italy in addition to current role as Vice President EMEA at 3M!",
            "comments": []
        },
        {
            "post": "Ringrazio Largo Consumo per l’articolo relativo alla mia nomina.",
            "comments": []
        },
        {
            "post": "Many thanks to Forbes Leader and Matteo Sportelli for the interviewhashtag#ForbesItalia hashtag#3M",
            "comments": []
        },
        {
            "post": "I’m happy to share that I’m starting a new position as Vice President EMEA at 3M!",
            "comments": []
        }
    ]
}