{
    "name": "Marco Branchi",
    "subtitle": "Responsabile marketing presso TIM",
    "location": "Italy",
    "about": "",
    "experiences": [
        [
            "Responsabile marketing",
            "TIM · Full-time",
            "Sep 2001 - Present · 22 yrs 9 mos"
        ]
    ],
    "posts": [
        {
            "post": "Oggi Cristiano Albore', Responsabile Marketing Tlc & Security, Enterprise Market hashtag#TIM, è intervenuto al workshop hashtag#CyberSecurity di hashtag#DigitalHealthSummit. Un importante momento di confronto e condivisione, che ha riunito numerosi stakeholders della hashtag#sanità.",
            "comments": []
        },
        {
            "post": "Annunciato un piano di collaborazione tra Oracle, TIM e Noovle, la Cloud Company del Gruppo, per offrire servizi hashtag#multicloud alle imprese e alle organizzazioni della hashtag#PA, accelerandone la trasformazione hashtag#digitale. Le tre aziende metteranno in campo i rispettivi asset e competenze per sviluppare e gestire servizi per le imprese italiane, in ottica multicloud: i data-center hashtag#Noovle, l'ampia rete di vendita di hashtag#TIM per l’integrazione dei servizi cloud con il portafoglio di servizi ICT del Gruppo e l'infrastruttura cloud di hashtag#Oracle, tra le più avanzate e sicure. Leggi di più 👉 https://lnkd.in/eKENcWcV",
            "comments": []
        }
    ]
}