{
    "name": "Massimo Reggiani",
    "subtitle": "Amministratore delegato presso Partesa s.r.l.",
    "location": "Italy",
    "about": "",
    "experiences": [
        [
            "Amministratore delegato",
            "Partesa s.r.l.",
            "Nov 1991 - Present · 32 yrs 7 mos"
        ]
    ],
    "posts": [
        {
            "post": "Ichnusa vince il Grand Effie Italia 2023! 🥇  Sono davvero orgoglioso di poter condividere con tutti voi che la campagna di comunicazione di Ichnusa “Anima sarda: da birra locale a icona nazionale” ha ricevuto un importante riconoscimento: il Grand Effie Italia.La nostra comunicazione è stata premiata come la migliore tra tutte le  categorie di mercato, non solo per la creatività, ma anche per i risultati di performance.  Grazie a tutte le persone che hanno lavorato e collaborato al raggiungimento di questo traguardo!",
            "comments": []
        },
        {
            "post": "Orgoglioso di hashtag#partesa, orgoglioso dei nostro ragazzi. Grazie Alessandro, grazie Piero, grazie Pierluigi. #hashtag#ᒪOᘔIᑎGᗩᖇOᗪIᒪᑌᔕᔕOhashtag#ＡｌｅｓｓａｎｄｒｏＲｏｓs ihashtag#𝓐𝓵𝓮𝓡𝓸𝓼𝓼𝓲hashtag#partesaforwinehashtag#saywinesaypartesa",
            "comments": []
        },
        {
            "post": "Un numero che segna un punto di svolta non solo per la copertina - d’artista, questa di Gianni Rossi per Partesa Srl - ma anche perché suggella i miei 12 anni di collaborazione con hashtag#spiritodivinomagazine, di cui divento Direttore Editoriale. Fiera, dunque, e in accezione squisitamente etimologica ovvero, e soprattutto, indomita. (E sempre di più.)",
            "comments": []
        },
        {
            "post": "Un numero che segna un punto di svolta non solo per la copertina - d’artista, questa di Gianni Rossi per Partesa Srl - ma anche perché suggella i miei 12 anni di collaborazione con hashtag#spiritodivinomagazine, di cui divento Direttore Editoriale. Fiera, dunque, e in accezione squisitamente etimologica ovvero, e soprattutto, indomita. (E sempre di più.)",
            "comments": []
        },
        {
            "post": "Mai rinunciare a due pataccate, nemmeno mentre si spala! Un abbraccio a tutti i volontari e a chi sta aiutando la nostra terrahashtag#emiliaromagna hashtag#alluvione hashtag#romagna",
            "comments": []
        },
        {
            "post": "La Romagna ha bisogno di tutti, e @partesaforwine è pronta ad aiutarla!🍾🍷Il 12 giugno a partire dalle 14:30 fino a tarda notte una vera e propria maratona che vedrà protagonista il vino presso il Teatro Verdi di Cesena: Masterclass, cena di gala proposta dalla Buca di Cesenatico (@andrebartolini e @big_bubble_theory) e asta dei vini guidata da @riccardo.cotarella!Inoltre un affondo sul vino con @riccardo.cotarella, @fedegordini di Milano Wine Week e Aperitivo, il tutto guidato da Giulio Somma del Corriere Vinicolo.Tanti altri ospiti interverranno, vi comunicheremo in questi giorni i loro nomi!Nei post trovate il numero per prenotare sia le masterclass che la cena di gala.L’asta sarà aperta anche a chi non parteciperà alla cena, a breve anche i lotti disponibili!TUTTO IL RICAVATO SARÀ INTERAMENTE DEVOLUTO ALLA RICOSTRUZIONE DEI COMUNI COLPITI DALL’ALLUVIONEVia aspettiamo numerosi!#hashtag#ᒪOᘔIᑎGᗩᖇOᗪIᒪᑌᔕᔕOhashtag#ＡｌｅｓｓａｎｄｒｏＲｏｓs ihashtag#𝓐𝓵𝓮𝓡𝓸𝓼𝓼𝓲hashtag#partesaforwinehashtag#saywinesaypartesa🍷👓✍️#",
            "comments": []
        },
        {
            "post": "Ma come fanno i romagnoli? Sorridono malgrado tutto!hashtag#paolocevoli hashtag#emiliaromagna hashtag#ténbota",
            "comments": []
        },
        {
            "post": "Ancora una volta siamo stati colpiti.Ancora una volta saremo costretti a ricostruire e noi ce la faremo con la nostra forza, la nostra serietà e la nostra hashtag#solidarietà . È nei momenti di difficoltà che abbiamo sempre dimostrato di essere speciali. Non ci tireremo indietro e non ci arrenderemo mai. Ancora una volta hashtag#Partesa farà la sua parte, per i nostri Colleghi, per i nostri Clienti, per tutto il popolo della hashtag#romagna . Ci siamo attivati fin da subito e continueremo.Coraggio e cura li abbiamo nel nostro DNA! Ancora una volta ci rimbocchiamo le maniche e tutti insieme ne usciremo più belli di prima, dentro e fuori.  Un ultimo pensiero ai nostri hashtag#giovani , che vedo da ieri a centinaia in prima fila, ovunque ci sia bisogno di aiuto: mascherine di fango che sgobbano dall'alba al tramonto, cantando canzoni che non sentivo da decenni, orgogliosi della loro hashtag#terra .Con loro arriva la gioia, con loro ritorna il nostro hashtag#futuro .",
            "comments": []
        },
        {
            "post": "La tragedia che sta colpendo la mia terra mi lascia attonito e addolorato. Sono vicino a tutti gli amici, i colleghi e i tanti clienti Partesa che stanno affrontando minuto per minuto una situazione difficile e drammatica. Come hashtag#Partesa abbiamo attivato un contatto diretto con la Protezione Civile di Forlì e Ravenna, offrendo collaborazione per le consegne di bevande nelle aree colpite (ovviamente raggiungibili con i nostri mezzi in condizioni di piena sicurezza), al fine di offrire sostentamento alla popolazione e a tutti i volontari che la stanno assistendo. Abbiamo altresì attivato una raccolta fondi interna per essere solidali con i colleghi colpiti e siamo in contatto con tutti i nostri clienti Partesa per fornire loro un aiuto quanto più possibile concreto e personalizzato. Mi auguro di cuore che la situazione possa risolversi quanto prima!",
            "comments": []
        },
        {
            "post": "A Febbraio The HEINEKEN Company ha lanciato un nuovo brand eCommerce globale: eazle, business fatto easy.Attualmente abbiamo oltre 40 piattaforme eB2B locali che vengono utilizzate da più di 500.000 clienti. Siamo fieri di questi numeri: in linea con la nostra strategia di crescita e con il nostro commitment per diventare il distributore più connesso, vogliamo fare un passo in avanti in modo da fornire ai nostri clienti la migliore esperienza digitale di navigazione e acquisto, semplificando la loro operatività quotidiana.Eazle raggruppa tutte le piattaforme eB2B del gruppo HEINEKEN sotto un unico brand e un’unica identità.Per Partesa questa novità fa parte del percorso di digitalizzazione avviato nel 2020 con la piattaforma Partesa Per Te e permette di continuare a guidare la trasformazione digitale nel settore.Per i nostri clienti, questo si traduce in ordini 24/7 e insights concreti per portare più consumatori nel loro locale, ma anche offerte mirate per far crescere il loro business. Significherà anche più tempo a disposizione per concentrarsi su ciò che è più importante per loro: servire i consumatori e far crescere l’attività.Eazle permette a Partesa di servire sempre meglio i punti di consumo sul territorio, sfruttando gli insight forniti dai big data e la scalabilità dello sviluppo di nuove funzionalità, partendo sempre dalle esigenze dei nostri clienti.Per scoprire di più: https://lnkd.in/dq2R9RQahashtag#disegnareilfuturodell’horeca hashtag#localedopolocale hashtag#bicchieredopobicchiere hashtag#digitaltransformation hashtag#businessfattoeasy hashtag#eazle hashtag#customersatisfaction hashtag#business hashtag#horeca hashtag#ebusiness hashtag#eB2B hashtag#digital",
            "comments": []
        }
    ]
}