{
    "name": "Daniele Bargellini",
    "subtitle": "Sport,Tecnologia,Retail,Creatività...",
    "location": "Veneto, Italy",
    "about": "",
    "experiences": [
        [
            "APPLE RETAIL ITALIA SRL",
            "12 yrs 11 mos",
            "Senior manager",
            "Aug 2022 - Present · 1 yr 10 mos",
            "Torino, Piemonte, Italia",
            "Store Manager",
            "Jul 2011 - Aug 2022 · 11 yrs 2 mos",
            "Venezia Mestre"
        ],
        [
            "Responsabile del territorio",
            "figc veneto",
            "Dec 2016 - Aug 2019 · 2 yrs 9 mos",
            "Veneto, Italia",
            "Responsabile regionale del calcio a 5 Veneto",
            "Comitato Regionale Veneto - F.I.G.C. Lega Nazionale Dilettanti | DELEGAZIONE REGIONALE CALCIO A CINQUE"
        ],
        [
            "team member",
            "Agel",
            "2015 - 2015 · Less than a year"
        ],
        [
            "Store manager",
            "The Disney Store",
            "2007 - 2011 · 4 yrs",
            "Venezia, Italia",
            "Venezia (2007/2009)\nVerona(2009/2011)"
        ],
        [
            "Presidente",
            "ASD Villa Ferri Beach",
            "2004 - Dec 2005 · 2 yrs",
            "Gestione e attivitá varie nel\n\"villaggio turistico in cittá \" \ndi Padova"
        ]
    ],
    "posts": [
        {
            "post": "Ricopro una nuova posizione lavorativa: Senior manager presso Apple!",
            "comments": []
        }
    ]
}