{
    "name": "Anna Fabbri",
    "subtitle": "Chief Financial Officer presso Randstad Group Italia",
    "location": "Milan, Lombardy, Italy",
    "about": "I've been working in Autogrill group for 20 years, 7 of which as Group Financial Reporting Manager, 6 as Head of Enterprise Risk Management Group, 2 as Head of Finance at Autogrill Germany and now as Group FInancial Services Director",
    "experiences": [
        [
            "Randstad Italia",
            "2 yrs 1 mo",
            "Chief Financial Officer",
            "Jan 2023 - Present · 1 yr 5 mos",
            "Milano",
            "Finance Director",
            "May 2022 - Dec 2022 · 8 mos"
        ],
        [
            "Group Controlling and Financial Services Director",
            "Autogrill",
            "Mar 2020 - Apr 2022 · 2 yrs 2 mos",
            "Milano, Italia"
        ],
        [
            "Head of Finance",
            "Autogrill Deutschland GmbH",
            "Jul 2018 - Feb 2020 · 1 yr 8 mos",
            "Francoforte, Germania",
            "Responsible for directing the Finance function - Administration, Finance, Planning &Controlling departments - of Autogrill Deutschland, the German Company of Autogrill Group, Multinational Group listed on Milan Stock Exchange world leader in catering services for travelers\nMain areas:\n•\tAdministration: \n- oversee all the core accounting processes\n- Local Statutory Financial statement\n- Tax compliance and Corporate Affairs \n- Relationships with external suppliers: bank, insurance, lawyers, auditor\n•\tFinance\nTreasury planning and cash flow management. Relationship with Banks and Group functions for CapEx allocation and Loan agreement  \n•\tPlanning & Controlling\n- Budget e mid-term plan definition and  Quarterly Forecast \n- Monthly financial reporting to HQ and discussion with Corporate functions\n- Monthly analysis of results, cost controlling and discussion with operations to identify actions \n- Set up of Business case for CapEx to support business development"
        ],
        [
            "Head of Group Enterprise Risk Management",
            "Autogrill",
            "2012 - Jul 2018 · 6 yrs 7 mos",
            "- Responsible of the  Group Enterprise Risk Management Model (which I have developed and implemented), integrated into the key Company processes to support:\n•\tmanagement and the Board of Directors in key decision-making processes by the assessment of the risk profile and the volatility degree underlying financial targets set for budget, strategic plan, capex/investment, M&A\n•\tinternal audit when preparing Internal Audit Plan\n- Periodical direct presentation to the BoD and Risk Committee to report  on said topics\n- Responsible to set and manage the Group’s International Insurance Programme\n- Responsible for the “L.262/2005 compliance office”, ensuring to the Dirigente Preposto the management of the Law 262 compliance process throughout the Group Subsidiaries\nSpecial projects:\nMember of the Working Group of the following extraordinary operations:\n- proportional partial demerger of Autogrill S.p.A. in favour of World Duty Free \n- listing of World duty Free on Milan Stock Exchange (October 1, 2013)\n\nOther:\n- Board member at ANRA for the period 2018-2020\n- several interventions as a speaker in round tables and and at University courses"
        ],
        [
            "Autogrill",
            "11 yrs 1 mo",
            "Group Financial Reporting Manager",
            "2004 - 2011 · 7 yrs",
            "I was responsible for preparing the Consolidated Financial Statements and the Quarterly Reports.\nSpecial projects: Implementation of the first Group consolidation system (SAP ECCS) for the statutory reporting.Implementation of the Group Reporting Guidelines for Group subsidiaries",
            "Statutory Financial Reporting Specialist",
            "2000 - 2004 · 4 yrs"
        ]
    ],
    "posts": []
}