{
    "name": "Alessandro Galbarini",
    "subtitle": "Group CFO presso Brugola OEB Industriale S.p.A.",
    "location": "Milan, Lombardy, Italy",
    "about": "My progressive background within auditing and consulting department in one of Big Four provides marketable strengths in key Accounting, Finance and Auditing areas.As Auditor Senior Manager of a number of engagements and results-oriented problem solver, I have maintained a consistent track record for high achievements and profitability by meeting project goals, project dates and customer needs/objectives. My professional experience has developed through various customers, leaders in their own industry, such as Health Care (3 years as manager responsible), Chemicals & Pharmaceutical, Automotive and Energy, including some experience in the Transaction Services and Forensic departments. The Audit engagements were respectively performed in compliance with ISA or PCAOB and Italian GAAP, IFRS and US-GAAP (including SoX experience). From February 2009 to December 2011, worked as Financial Controller in a multinational industrial company located in Italy (near Pavia). This experience increases my knowledge in relation to budget/forecast preparation, analysis of monthly variances, analysis of production costs by products driving also market strategy. From February 2012, I start a new engagement as Responsible of Controlling Department (role not present in the Company) of an Italian production Company with site also abroad (Spain, China, Netherlands & Argentina) growing from Nov'12 as Group Finance Mgr.  Based on my experience and attitude to work by project I’m interesting also to engage as Temporary Management.Specialties: Updating course on Italian and International accounting principles (IFRS & US-GAAP).Informatics Knowledge: strong skilled in using Word, Excel, Power point, Dynamics AX (Microsoft ERP) and Internetknowledge of SAP, Mac and Access",
    "experiences": [
        [
            "Group CFO",
            "Brugola OEB Industriale S.p.A. · Full-time",
            "Jul 2022 - Present · 1 yr 11 mos",
            "Lissone, Lombardia, Italy · On-site",
            "Italian Family Company producer of fasteners for automotive sector (worldwide leader of the 7 critical fasteners for engine and patent of the Brugola fastener). \n• Manager of accounting, controlling, treasury and IT departments in the different Companies located in Italy and US (19 persons in Italy, 2 persons in USA). \n• Project leader of Reporting Package to build on SAP and Qlick and of the different Consolidation process implementation. \n• Project leader of Budget by Cost Center, Business and Industrial Plan implementation. \n• Reorganization of the administrative, controlling and IT departments. \n• Introduction of the continues improvement methodology on administrative and controlling process as the company culture on the utilization of SAP. \n• Relationship with banks (especially for credit line, senior loan and quarterly info) and other stakeholders. \n• Managing the Audit firm activities and scope in the different Countries as well as “Organo di Vigilanza” and Board of Auditors. \n• Implementation of Credit Policy. \n• Transfer Pricing analysis with internal and external tax expert. \n• Project of R&D and Industria 4.0 for tax purposes; \n• M&A activities: in particular acquisition and integration process",
            "Cylinder Head Bolts"
        ],
        [
            "Partner",
            "Angels4Impact · Self-employed",
            "Oct 2020 - Present · 3 yrs 8 mos",
            "Milan, Italy",
            "Associazione di Business Angels ad Impatto",
            "Business Angels - Angels 4 Impact",
            "I potenziali soci che passeranno la fase iniziale di screening saranno invitati a una riunione di Angels4Impact come ospiti, prima di aderire. Pensiamo che osservare un incontro sia il modo migliore per conoscere A4I e il suo funzionamento."
        ],
        [
            "Group CFO",
            "MTA SpA",
            "Apr 2019 - Jul 2022 · 3 yrs 4 mos",
            "Codogno, Lodi Italy",
            "Italian Family Company producer of electromechanical and electronical parts for automotive sector (cars, trucks, motorcycle, agriculture).\n•\tManager of accounting, controlling and treasury departments in the different Companies located all over the world (12 persons in Italy, 14 persons in the Subsidiaries Slovakia, Brazil, Mexico, USA, China, India, Morocco).\n•\tProject leader of MTA Reporting Package and Consolidation implementation.\n•\tProject leader of MTA Budget and Business Plan implementation.\n•\tReorganization of the administrative and controlling departments.\n•\tImprovement of administrative and controlling process and related procedures.\n•\tRelationship with banks (especially for credit line, senior loan and quarterly info) and other stakeholders.\n•\tManaging the Audit firm activities and scope in the different Countries.\n•\tImplementation of Credit Policy.\n•\tTransfer Pricing analysis with internal and external tax expert.\n•\tProject of R&D, Patent Box and Industria 4.0 for tax purposes.",
            "MTA – Electronic and electromechanical components for the Automotive Industry",
            "MTA is a leading company in the design and production of electronic and electromechanical components for automotive, off-highway and motorcycles. Founded in 1954, MTA has now 2 production units in Italy and 8 foreign sites."
        ],
        [
            "CFO",
            "ALFATHERM SPA",
            "Mar 2017 - Apr 2019 · 2 yrs 2 mos",
            "Venegono Superiore (VA)",
            "Italian Company, purchase in June 2016 by an American Private Equity, producer of stretch film for different sectors (surface decoration, sleeves, packaging, stationary).\n•\tManager of accounting and controlling department and IT (11 persons as team);\n•\tManaging and analysis of financial strategies through forecast cash flow on a weekly basis;\n•\tRelationship with banks (especially for credit line) and factoring companies;\n•\tImprovement of administrative and IT process and related procedures;\n•\tImplementation of Credit Policy and insurance’s receivables."
        ],
        [
            "Financial Controller",
            "AFGlobal Italy Srl",
            "May 2014 - Feb 2017 · 2 yrs 10 mos",
            "Milano",
            "•\tItalian Company of AFGlobal Group (based in Houston - USA) and made up as holding of Special Flanges SpA (Italy Company producer of flanges, disks and rings) and to centralize the managing of Finance department of the European subsidiaries.\n•\tAs Group Financial Controller at European level, I have a strong focus on administrative and controlling department improvement of Special Flanges, managing of the European Companies through common financial-administrative-fiscal strategy. \n•\tReview and analysis of reporting package (monthly and yearly basis) prepared in accordance with ITA GAAP, US GAAP and PCAOB rules.\n•\tPreparation of budget and forecast, analysis of Cash-flow and Working capital figures (focus on stock management).\n•\tImplementation, preparation and analysis of KPI.\n•\tImprovement of the internal process and optimization of group reporting data.\n•\tResponsible for the administration, controlling and treasury department including all the aspects finalized to the preparation of statutory accounts, income tax requirements and consolidated financial statements.\n•\tResponsible for Human Resource, Legal Affairs and IT of Special Flanges SpA.\n•\tStrong skill in managing team with a cooperative leadership.\n•\tLook after accounting issues as they arise in the daily processing\n•\tImplement changes to continuously improve systems and financial performance.\n•\tRefer to upper management about the annual profit plan and strategies to meet overall goals and objectives\n•\tSchedule monitoring, cost control activities, monthly reporting, quality checks as per project procedures.\n•\tLeadership and supervision of the of the construction management team focused on achieving safety, Quality, Cost and schedule goals."
        ]
    ],
    "posts": [
        {
            "post": "Su Il Sole 24 Ore la notizia della riacquisizione del 100% della proprietà della nostra azienda da parte della famiglia Brugola.Un traguardo raggiunto grazie alla determinazione del Presidente jody brugola e di tutte le persone che hanno contribuito a questo importante risultato.Nell’articolo, anche il nostro sguardo al futuro e l’ambizioso obiettivo fissato per quest’anno: continuare a crescere, superando i 200 milioni di fatturato.Leggi l’articolo: https://ow.ly/mQM150RjOmUhashtag#Brugola hashtag#BrugolaOEB",
            "comments": []
        },
        {
            "post": "Made in Italy, sostenibilità, traguardi raggiunti nel 2023, nuovi progetti: sono tanti i temi affrontati dal nostro Presidente, jody brugola, nella lunga intervista rilasciata al quotidiano Il Giorno in edicola oggi.Il 2023 ha visto grandi investimenti, ampliamenti degli spazi produttivi e un preaccordo strategico sull’assetto azionario. Basi fondamentali per affrontare l’anno in corso con nuove sfide.Leggi l’articolo completo: https://ow.ly/7uSQ50Qwa52hashtag#Brugola hashtag#BrugolaOEB hashtag#Viti hashtag#Automotive",
            "comments": []
        },
        {
            "post": "Nella giornata di oggi, Brugola ha siglato un pre-accordo con i due soci di minoranza Gruppo Fontana e Gruppo Agrati per il riacquisto della loro partecipazione, riportando così il 100% dell’azienda Brugola OEB Industriale alla famiglia Brugola.L'accordo prevede che nella primavera del 2024 si concluderà il passaggio di proprietà delle partecipazioni societarie._Today, Brugola has signed a preliminary agreement with the two minority partners, Gruppo Fontana and Gruppo Agrati, for the repurchase of their shares, thereby returning 100% ownership of Brugola OEB Industriale to the Brugola family.The agreement stipulates that the transfer of ownership of the company shares will be completed in the spring of 2024.hashtag#Brugola hashtag#BrugolaOEB",
            "comments": []
        },
        {
            "post": "Brugola OEB Industriale S.p.A. sceglie Malgara X - Efficiency & Sustainability, grazie all’accordo siglato con Mattia Malgara, per la gestione dell’efficienza energetica nei propri stabilimenti.200 tonnellate di CO₂ all'anno: questa è la quantità di anidride carbonica che Brugola OEB Industriale S.p.A. prevede di non immettere nell'atmosfera grazie alla riduzione del consumo di energia elettrica, resa possibile dall'intervento di Malgara X.hashtag#risparmioenergetico hashtag#bilanciodisostenibilità hashtag#carbonneutral hashtag#carbonneutrality hashtag#esg hashtag#co2reduction",
            "comments": []
        },
        {
            "post": "Venite a trovarci a Smau Milano STAND B07",
            "comments": []
        },
        {
            "post": "hashtag#evento hashtag#innovazione𝐒𝐢𝐧𝐞𝐫𝐠𝐢𝐞 𝐞 𝐨𝐩𝐩𝐨𝐫𝐭𝐮𝐧𝐢𝐭𝐚̀ 𝐩𝐞𝐫 𝐥’𝐞𝐜𝐨𝐬𝐢𝐬𝐭𝐞𝐦𝐚 𝐝𝐞𝐥𝐥’𝐢𝐧𝐧𝐨𝐯𝐚𝐳𝐢𝐨𝐧𝐞 𝐢𝐧 𝐋𝐨𝐦𝐛𝐚𝐫𝐝𝐢𝐚. 𝐅𝐞𝐝𝐞𝐫𝐚𝐭𝐞𝐝 𝐈𝐧𝐧𝐨𝐯𝐚𝐭𝐢𝐨𝐧 @𝐌𝐈𝐍𝐃 𝐞 𝐅𝐢𝐧𝐥𝐨𝐦𝐛𝐚𝐫𝐝𝐚 𝐚 𝐝𝐢𝐚𝐥𝐨𝐠𝐨 (𝟏𝟗 𝐬𝐞𝐭𝐭𝐞𝐦𝐛𝐫𝐞 𝐨𝐫𝐞 𝟏𝟎 - 𝟏𝟏:𝟑𝟎)Appuntamento il 19 settembre 2023 (ore 10 – 11:30, segue coffee break di networking) a Milano presso MIND Milano Innovation District per l’incontro di presentazione di Finlombarda organizzato da Federated Innovation @MIND nell’ambito del percorso di cooperazione avviato con l’obiettivo di attivare sinergie di successo all’insegna dell’innovazione.L’evento si apre con i saluti istituzionali di Tommaso Boralevi, Presidente di Federated Innovation @MIND, e del nostro Presidente, Andrea Mascetti.Segue l’intervento del nostro Direttore Generale, Giovanni Rallo, che presenta i finanziamenti e servizi a supporto delle imprese lombarde, e la testimonianza di Alessandro Galbarini, Group CFO di Brugola OEB Industriale S.p.A., azienda finanziata da Finlombarda, e Tagliabue Stefano, Direttore tecnico di CORAPACK, impresa assistita nell’ambito dei servizi offerti da Finlombarda quale coordinatore del consorzio Simpler della rete Enterprise Europe Network. Per partecipare in presenza, registrazioni qui: https://lnkd.in/gGQ66s4A",
            "comments": []
        },
        {
            "post": "Interessante opportunità per entrare in azienda!",
            "comments": []
        },
        {
            "post": "Ricopro una nuova posizione lavorativa: Group CFO presso Brugola OEB Industriale S.p.A.!",
            "comments": []
        },
        {
            "post": "Il confronto è sempre importante hashtag#Financesupplychain",
            "comments": []
        },
        {
            "post": "This is another step towards the revolutionFollow us !!!hashtag#verticalfarming hashtag#waterscarcity hashtag#saffron hashtag#aeroponica hashtag#highpressure hashtag#industry40",
            "comments": []
        },
        {
            "post": "Continues improvement !!!Follow us on hashtag#linkedin hashtag#aeroponics hashtag#verticalfarming hashtag#watersaving",
            "comments": []
        },
        {
            "post": "Segui l’espansione di un hashtag#progetto tutto ItalianoFollow the expansion of a fully Italian hashtag#project hashtag#aeroponics hashtag#verticalfarming hashtag#startup",
            "comments": []
        },
        {
            "post": "Follow the evolution of FRM on vertical farming solutionSegui l’ evoluzione di FRM nelle soluzioni di vertical farming",
            "comments": []
        },
        {
            "post": "Register to attend",
            "comments": []
        },
        {
            "post": "Stiamo cercando giovani talenti !!",
            "comments": []
        },
        {
            "post": "Congrats!",
            "comments": []
        },
        {
            "post": "Fallire il check-out equivale a perdere il cliente … poterlo monitorare in tempo reale diventa fondamentale",
            "comments": []
        },
        {
            "post": "L’evoluzione digitale alla portata di tutti",
            "comments": []
        },
        {
            "post": "Dai uno sguardo a questa offerta di lavoro presso MTA S.p.A.: Tax Specialist",
            "comments": []
        },
        {
            "post": "In questa fase di difficili previsioni, soprattutto per i piccoli esercenti, è fondamentale avere uno strumento agevole che aiuti a gestire il proprio business attraverso semplici ed intuitivi KPI … Peekaboox può essere lo strumento ideale",
            "comments": []
        },
        {
            "post": "Per una piccola azienda il 𝗳𝗹𝘂𝘀𝘀𝗼 𝗱𝗶 𝗰𝗮𝘀𝘀𝗮 è la grandezza finanziaria più importante: una gestione non adeguata e una mancanza di liquidità possono infatti mettere a rischio la sopravvivenza dell’impresa.È quindi fondamentale tenere traccia degli hashtag#indicatori di redditività e individuare quali sono le attività che fruttano più delle altre.La piattaforma di Peekaboox aiuta a tenere traccia del tuo flusso di cassa, a stimare un costante Conto Economico (CE) e molti hashtag#KPI di performance dell’attività.Inoltre grazie la sistema basato a ruoli, decidi tu chi ha accesso a cosa nella contabilità.🎯 Visita il sito di Peekaboox e iscriviti per essere anche tu più produttivo ed efficiente: https://lnkd.in/d7DCpJa",
            "comments": []
        },
        {
            "post": "https://lnkd.in/djuSqAS",
            "comments": []
        },
        {
            "post": "🚗🚗Siamo alla ricerca di uno Specialista in Controllo Industriale - Industrial Controller per la nostra sede di Codogno (LO)👨‍💻💹👨‍💻 hashtag#controllodigestione",
            "comments": []
        },
        {
            "post": "The 2019 Global CFO Excellence Awards press release, which can be found athttps://lnkd.in/dGgKFEqGlobal CFO Excellence Awards - Full Winners Listing 2019:Alfatherm SpA-Alessandro GalbariniFinancial Strategist of the Year 2019 - Italy 2019https://lnkd.in/dVyTJr6",
            "comments": []
        },
        {
            "post": "M&Aper conto di un fondo d'investimenti inglese generalista, siamo alla ricerca di aziende che abbiano ebtda di 20Mil o superiore",
            "comments": []
        },
        {
            "post": "I wish to all a great Christmas and a fantastic beginning of 2016!!!",
            "comments": []
        }
    ]
}