{
    "name": "Domenico Scalia",
    "subtitle": "Direttore Risorse Umane e Organizzazione Italia - Gruppo Bianalisi Spa",
    "location": "Milan, Lombardy, Italy",
    "about": "Da molti anni lavoro con grande interesse nel settore RISORSE UMANE in SANITA'. ho avuto la possibilità di vedere nascere le normative di settore e realizzarne i loro contenuti nelle aziende in cui ho lavorato. Ho seguito diversi progetti in team multidisciplinari affrontando tematiche le più varie: dall'accreditamento delle strutture, ai percorsi per i progetti ISO e Joint Commission, al riconoscimento IRCCS, alle attività inerenti la Sicurezza e Privacy per  area HR. Ho acquisito esperienza su tutti i settori HR - selezione - formazione (progetti finanziati) - costi e budget - relazioni  industriali (con la gestione di procedure di razionalizzazione degli organici) - analisi organizzative - legale e contrattualistica sui CCNL di settore e per l'area libera professione - servizi ed affari generali.",
    "experiences": [
        [
            "Direttore Risorse Umane Italia",
            "Bianalisi · Full-time",
            "Sep 2022 - Present · 1 yr 9 mos",
            "Carate Brianza, Lombardia, Italia",
            "Siamo una rete di Laboratori e Poliambulatori presenti su gran parte del territorio nazionale. Il Gruppo Bianalisi nasce a metà degli anni settanta a Lissone (MB) con l'obiettivo di offrire servizi diagnostici efficienti, di elevata qualità e con costi contenuti.\nOggi il gruppo è presente in ben 8 Regioni e soddisfa le esigenze dei cittadini con oltre 16 milioni di esami diagnostici l'anno. Il punto di forza di Bianalisi consiste nella ramificazione dei suoi centri sul territorio che consentono l'accesso a prestazioni sanitarie con standard qualitativi elevati e senza lunghi tempi d'attesa per l'utente.Eccellenza, presenza e accessibilità, sono questi i valori che guidano Bianalisi, coltivati e promossi da sempre con l’obiettivo di rispondere prontamente alle esigenze medico sanitarie dei cittadini e delle imprese presenti sul territorio\nBianalisi promuove l’eccellenza dei suoi servizi attraverso una sempre più stretta cooperazione con le realtà sanitarie locali, una collaborazione solida con i più qualificati specialisti, e l’utilizzo di macchinari, tecnologie e prodotti all’avanguardia. Bianalisi, presente oggi in 8 Regioni, punta a rendere la propria offerta di prestazione medico sanitarie sempre più capillare ed accessibile, per servire il maggior numero possibile di utenti, garantendo qualità delle prestazioni e ridotti tempi di attesa. Bianalisi promuove inoltre la centralità della persona attraverso un costante tentativo di coniugare all’elevata qualità delle prestazioni erogate un ascolto attento e un rispetto saldo delle sfere più personali dell’esistenza, spesso e volentieri implicate nelle questioni di salute."
        ],
        [
            "Direttore Risorse Umane",
            "Ente Ecclesiastico Ospedale Generale Regionale 'F. MIULLI'​",
            "Oct 2020 - Sep 2022 · 2 yrs",
            "Acquaviva delle Fonti, Puglia, Italia",
            "L’Ospedale “Miulli” vanta un’origine che risale al 1158, quando con diversa denominazione sorse come “Ospedale dei soldati” aperto anche alla popolazione civile. Sin dalla sua fondazione è stato sempre all’avanguardia nell’attività sanitaria senza mai venir meno all’alta ispirazione cristiana cui intesero in successione di tempi tutti i fondatori, affidandone in perpetuo all’attività ecclesiastica la disciplina e l’amministrazione. L’Ospedale “Miulli”, nel corso della sua esistenza, ha acquisito vaste benemerenze in campo sociale e sanitario crescendo non solo nella struttura ma anche nella mentalità, divenendo una complessa organizzazione che ha al suo centro il paziente, in cui si tenta tenacemente di fare di tutto il personale un’efficiente e ben integrata comunità al servizio del malato. \nL’Ente Ecclesiastico ha, nel corso del secolo scorso, ristrutturato e ampliato il proprio iniziale patrimonio immobiliare, dotandolo di mezzi e personale sanitario sempre più qualificato, sì da divenire un punto di riferimento regionale ed extraregionale.\nQuesto percorso ultra secolare ha avuto un significativo colpo d’ali nel 2006, con il trasferimento di tutti i reparti nella nuova e modernissima struttura (c.d. monoblocco) costruita in circa tre anni alla periferia di Acquaviva delle Fonti, sulla strada di collegamento con Santeramo in Colle. \nSi è così consolidata una storia di assistenza sanitaria che ha visto l’Ente Ecclesiastico diocesano compiere ogni sforzo per vedere realizzato un progetto che può definirsi compiuto: dotare il territorio di una struttura unitaria altamente qualificata ed organizzata sui bisogni materiali e morali del malato."
        ],
        [
            "HUMAN RESOURCE MANAGER",
            "Free to choose",
            "Nov 2019 - Sep 2020 · 11 mos",
            "Italia"
        ],
        [
            "Direttore del Personale",
            "IRCCS Policlinico San Donato",
            "Dec 2002 - Oct 2019 · 16 yrs 11 mos",
            "San Donato Milanese, Mi",
            "Nel cuore della città di San Donato Milanese, l’IRCCS Policlinico San Donato è una realtà di ricerca clinica e universitaria. Oggi, tra le più rinomate strutture di eccellenza cardiochirurgica nel panorama italiano, il Policlinico rappresenta il centro di riferimento per i ricoveri di emergenza all’interno dell’unità cardiovascolare, conquistando il primo posto come struttura ad aver realizzato il maggior numero di interventi di chirurgia cardiaca in Italia (> 1500 per anno)."
        ],
        [
            "Responsabile del Personale",
            "Istituti Clinici Zucchi",
            "Apr 1991 - Dec 2002 · 11 yrs 9 mos",
            "Monza e Brianza, Italia",
            "Il complesso su cui sono stati fondati gli Istituti Clinici Zucchi risale al XVII secolo, residenza paterna del nobile Bartolomeo Zucchi. Nel 2002, entrò a far parte del Gruppo San Donato e dal 2004 assunse la denominazione di Istituti Clinici Zucchi. Gli Istituti Clinici Zucchi sono tra l’altro specializzati per la chirurgia della cataratta e per quella dei disturbi colorettali. Grazie al loro impegno nella promozione e tutela della salute femminile, gli Istituti Clinici Zucchi hanno ottenuto l’assegnazione del “bollino rosa”, conferito dall'Osservatorio Nazionale sulla Salute della Donna (O.N.Da)."
        ]
    ],
    "posts": [
        {
            "post": "LA TERAPIA del SILENZIO. Viviamo un tempo di grandi cambiamenti sociali, economici, culturali. Attorno sta crollando un intero modello di vita. E il crollo sarà sempre più imponente. Il crollo genera rumore, chiasso, e tutti guardiamo  e ascoltiamo  il gran rumore del “palazzo” che sta crollando. Attratti dal rumore, non guardiamo gli alberi che crescono in silenzio. Il crollo di un modello di vita economico e sociale e’ sempre accompagnato da idee nuove. Le idee nuove, le donne e gli uomini nuovi sono tra noi. Sono gli alberi che crescono in silenzio. Non vediamo le idee nuove e pensiamo che non esistano. Ma ci sono. Viviamo in una cultura barocca, pieni di apparenza senza sostanza. Consumiamo le parole come oggetti senza contenuto. Buttiamo via le parole. Galleggiamo nel quotidiano senza radici. Non vediamo le idee, le persone, i progetti nuovi che invece ci sono tra noi. Come non vediamo gli alberi che crescono in silenzio tra noi. Forse occorrono occhiali per “vedere” il mondo con occhi diversi. Ci siamo allontanati dalla natura, dalla terra. Umiltà deriva dalla parola latino “humus” : terra, concretezza. Come la terra fa crescere in silenzio gli alberi, con “umiltà” testimoniamo e con le nostre azioni quotidiane realizziamo i valori e gli ideali nel nostro vivere quotidiano. Solo l’umiltà crea il futuro. Non guardiamo sempre il “chiasso” in cui viviamo ogni giorno. Da quanto tempo non andiamo a camminare in mezzo alla campagna o in un bosco? Abbiamo tutti un deficit  di natura. In natura c’è silenzio. Da vivere per dare un senso alla nostra esistenza. Utile per la salute corporea e spirituale. Camminare e Pensare. E’ una terapia isolarsi tra campagna e boschi, occorre ritornare in contatto con la natura per avere la consapevolezza di vivere. Oggi Sabato Santo desidero passeggiare (camminare e pensare) in un secolare viale di cipressi, nel silenzio naturale. Un abbraccio di salute.",
            "comments": []
        },
        {
            "post": "L'appalto irregolare torna ad avere rilevanza penale",
            "comments": []
        },
        {
            "post": "🏥⚕️👩‍⚕️👨‍⚕️È stata inaugurata oggi a Milano hashtag#Linate la nuova struttura sanitaria di BIANALISI SPA, il più grande player italiano di diagnostica integrata, presente in 12 regioni con oltre 350 centri. È il secondo poliambulatorio privato aperto in un aeroporto del Paese, dopo quello avviato dal gruppo a luglio 2023 presso il Terminal 1 di Milano hashtag#Malpensa: a disposizione un punto prelievi per analisi di laboratorio ma anche visite specialistiche, servizi di diagnostica per immagini, terapie fisiche e prestazioni di medicina del lavoro e medicina aeronautica.📍BIANALISI SPA Linate, collocato al Piano Arrivi, punta a diventare un centro di riferimento per le esigenze di salute e benessere dei passeggeri, della popolazione residente nei dintorni – grazie al comodo collegamento con la nuova metropolitana hashtag#M4 - ma soprattutto degli oltre 8.000 lavoratori che, quotidianamente, prestano il proprio servizio all’interno dello scalo milanese, decretato nel 2023 da ACI EUROPE il “migliore d'Europa” nella categoria degli aeroporti tra i 5 e i 10 milioni di passeggeri.🎤\"Dopo l’apertura pioneristica di hashtag#Malpensa, anche questa di hashtag#Linate, sottolinea la tendenza degli aeroporti a diventare delle piccole città, vere e proprie airport city, in grado di offrire servizi diversificati ai propri passeggeri, ai lavoratori dell’aeroporto e oggi con la metro anche ai milanesi”, ha dichiarato Armando Brunini, Amministratore Delegato di SEA Milan Airports. “Questa nuova offerta di servizi, fra l’altro, è in linea con il nostro impegno per favorire un equilibrio vita/lavoro sempre migliore a tutta la comunità aeroportuale in risposta a un’esigenza sempre più sentita dopo il Covid”.📍Il centro prelievi e poliambulatorio BIANALISI SPA hashtag#Linate opera in regime privato, dal lunedì al sabato. Numerose le specialità e le visite prenotabili anche online: dalla cardiologia alla ginecologia, dalla fisiatria alla nutrizione e alle principali branche della medicina. Particolare attenzione viene dedicata anche alle problematiche ortopediche e alla medicina estetica, settori nei quali sono offerti servizi all’avanguardia attraverso l’ossigeno-ozono terapia e le terapie di riabilitazione.Non mancano inoltre la medicina dei viaggi, per quei passeggeri che si recano in determinate aree geografiche, e la medicina aeronautica, il settore rivolto ai piloti civili e commerciali.",
            "comments": []
        },
        {
            "post": "⚕️Fabrizio Pregliasco, professore di Igiene Generale ed Applicata, Direttore della Scuola di Specializzazione in Igiene e Medicina Preventiva dell’Università degli Studi di Milano e Direttore Sanitario d’Azienda dell’IRCCS Ospedale Galeazzi – Sant’Ambrogio di Milano spiega su One Health come l’uso spropositato di antibiotici, gli allevamenti intensivi, le diseguaglianze sanitarie e i cambiamenti climatici siano ad oggi una minaccia crescente.💊«Secondo la WHO - World Health Organization - una delle prime dieci minacce alla salute pubblica per l’umanità intera è l’hashtag#antibioticoresistenza (AMR, Antimicrobial Resistance). Si stima che la resistenza agli antibiotici nel 2050 sarà la prima causa di morte. Ci saranno 10 milioni di decessi ogni anno per microrganismi multiresistenti che possono proliferare a causa dell’uso scorretto ed eccessivo che si fa di questi farmaci».➡️Le possibili soluzioni? Le trovate leggendo qui:https://lnkd.in/etuz3a7r",
            "comments": []
        },
        {
            "post": "NUOVO AMBULATORIO DI PEDIATRIA E NEONATOLOGIAIn Meditel Padre Monti è attivo l’Ambulatorio di Pediatria e Neonatologia che offre:✔ prime cure neonatali e puericultura✔ diagnosi e cura delle comuni patologie infantili✔ bilanci di crescita✔ alimentazione complementare e nutrizione✔ bilanci di salute✔ monitoraggio delle tappe di sviluppo di neonati, bambini e adolescentiOltre alle visite programmate, è possibile fissare visite con carattere di urgenza direttamente in giornata previo contatto telefonico con il CUP di Meditel (al numero 02.962821) per concordare l’ora dell’appuntamento.Per approfondimenti https://lnkd.in/d4UFkD5y",
            "comments": []
        },
        {
            "post": "Oggi festeggio il mio primo anno in Deloitte hashtag#NextHub Ho avuto la grande opportunità di veder nascere e crescere un'azienda, passare da un centinaio di dipendenti a quasi 1000 e di farlo a hashtag#Bari, la mia splendida città.Ho incontrato persone appassionate, disponibili e genuine, con uno straordinario attaccamento a questa organizzazione e al territorio.Tanto c'è ancora da fare e io non vedo l'ora 🚀 Grazie per questa opportunità",
            "comments": []
        },
        {
            "post": "NUOVO AMBULATORIO DI NUTRIZIONE PEDIATRICAL’alimentazione dei bambini è un aspetto fondamentale per la loro crescita e per la loro salute. Un’alimentazione corretta e bilanciata aiuta i bambini a sviluppare il loro pieno potenziale fisico e mentale, a prevenire l’obesità e altre patologie legate allo stile di vita e a costruire un rapporto sano con il cibo.Il nuovo Ambulatorio di nutrizione pediatrica di Meditel Padre Monti accompagna bambini e ragazzi da 0 ai 18 anni d'età e le loro famiglie, nella scelta di un corretto e sano stile di vita in ogni fase della crescita:✅ Valutazione dello stato nutrizionale✅Valutazione delle abitudini alimentari, inclusi i gusti, le preferenze, le abitudini familiari✅Promozione di abitudini alimentari e stile di vita corretti per aiutare il bambino a sviluppare un rapporto sano con il cibo✅Prevenzione dell’obesità e delle patologie non trasmissibili correlate a scorretta alimentazione e scarsa attività fisica✅Formulazione di diete ideali dalla nascita all’adolescenza, in base all’età, al peso, al livello di attività fisica e alle esigenze nutrizionali specifiche✅Diagnosi e trattamento del bambino e dell’adolescente con sovrappeso, celiachia, obesitàhashtag#meditelpadremonti hashtag#meditelsaronno hashtag#polopediatrico hashtag#pediatranutrizionista hashtag#nutrizionepediatrica hashtag#nutrizionesana hashtag#nutrizionebilanciata",
            "comments": []
        },
        {
            "post": "26 grandi professionisti tra moderatori e relatori, quasi 100 discenti, 3 sessioni di lavoro, 7 ore di formazione… e la mia grande emozione nell’aver guidato il 2* congresso delle Professioni Sanitarie del Centro Cardiologico Monzino.❤️Un grazie speciale a colei che ha “assemblato” tutto ciò, Mariangela Alberti, al Direttore scientifico GIULIO POMPILIO per le sue parole introduttive, alla Diretrice Sanitaria Chiara Oggioni per essere guida, esempio e amica, a tutti i professionisti coinvolti e a tutti gli amici e colleghi presenti…. ci vediamo l’anno prossimo!😉hashtag#cardiologia hashtag#sanità hashtag#ricerca hashtag#formazione hashtag#ebp hashtag#congresso hashtag#professionisanitarie hashtag#cura hashtag#ECM hashtag#cuore",
            "comments": []
        },
        {
            "post": "AorticLab FLOWer Transcatheter Embolic Protection Device Granted CE Mark",
            "comments": []
        },
        {
            "post": "“Serietà e trasparenza, lealtà nei rapporti, determinazione al continuo miglioramento, sono hashtag#valori che costituiscono il nostro carattere e la nostra riconoscibilità”. Una guida essenziale per costruire un'azienda solida e duratura, basata sulla fiducia e sul hashtag#rispetto reciproco.hashtag#GruppoPellegrini",
            "comments": []
        }
    ]
}