{
    "name": "Sebastien Savariau",
    "subtitle": "Leader Business Development & Ecosystem.        Digital I Omnichannel I Growth Strategy I E commerce I Business Strategy I Retail",
    "location": "Greater Milan Metropolitan Area",
    "about": "A Senior Executive with 25 years of progressive experience within retail industry, with specific expertise in brand & communication, omnichannel transformation, E commerce/Marketplace, digital marketing, growth strategy, P&L management, sales and store concept. Proven performance in providing senior leadership team with vision, advice and support with the delivery of desired results through empowerment of people. A team player with effective leadership, communication, decision making, problem solving and interpersonal skills. Able to work on cross-functional areas & fast-paced environments, entrepreneurial mindset together with a corporate focus and a results-driven attitude.",
    "experiences": [
        [
            "Leroy Merlin",
            "24 yrs 5 mos",
            "Leader Business Development & Ecosystem",
            "Full-time",
            "Oct 2022 - Present · 1 yr 8 mos",
            "Milan, Lombardie, Italie",
            "Managing Areas: Marketplace, Platform Services, retail media, new business line, new store concept, partnerships -  team of 50 people - Direct report to the CEO\n\nCompetences: business development - Growth Strategy - new business - partner negotiation",
            "Chief Marketing Officer",
            "Full-time",
            "Aug 2019 - Oct 2022 · 3 yrs 3 mos",
            "Milan, Lombardie, Italie",
            "Managing Areas: Brand Positioning and Communication - Omnichannel Strategy - Mid and long term Company Strategy - Store concept - E commerce - Omnichannel customer experience - Digital marketing - team of 100 people - Direct report to the CEO\n\nCompétences : international experience E-Commerce · P&L Management · Leadership · Budgeting  · People Development · Strategic Planning · · Management · Analytical Skills ·",
            "Chief Marketing Officer",
            "Full-time",
            "Jul 2010 - Jul 2019 · 9 yrs 1 mo",
            "Lille, Hauts-de-France, France",
            "Managing Areas: Brand Positioning and Communication - Omnichannel Strategy - Mid and long term Company Strategy - Store concept & Merchandising - E commerce - Sales and operations - Digital marketing - Customer Life Time Value / Fidelity - Innovation - team of 300 people \n\nCompetences:  E-Commerce · P&L Management · Program Management · Leadership · Budgeting · People Development · Interpersonal Skills · Strategic Planning · Problem Solving · Management · Analytical Skills  · Business Development"
        ],
        [
            "Manager",
            "KOTOW · Full-time",
            "1995 - 1999 · 4 yrs",
            "Saint-Denis, Île-de-France, France · On-site",
            "Company Manager. \nImport & distribution of photo accessories and brands\nPurchasing and contract negotiations with Brands and following product manufacturing in foreign plants ( Korea, Taiwan, Vietnam, Japan)"
        ],
        [
            "Chef de la publicité",
            "EURO RSCG · Full-time",
            "1994 - 1995 · 1 yr",
            "Paris et périphérie · On-site"
        ]
    ],
    "posts": [
        {
            "post": "📢 Siamo orgogliosi di vedere il nostro sito leroymerlin.it nella classifica Ecommerce Italia Awards 2024 stilata da Casaleggio Associati, settimi nella classifica generale e primi nella top 10 nella categoria Casa e Arredamento. È una soddisfazione enorme vedere il nostro impegno e la nostra dedizione riconosciuti in un contesto così competitivo. Grazie a tutti coloro che hanno contribuito a questo successo!hashtag#scoprileroymerlin hashtag#leroymerlin hashtag#leroymerlinitalia hashtag#ecommerce",
            "comments": []
        },
        {
            "post": "🌍 In occasione della Giornata Internazionale della Terra vogliamo ricordare il nostro impegno nell'efficientamento energetico delle case dei nostri clienti, attraverso la consulenza e l'offerta di prodotti, servizi e soluzioni complete, rafforzando e diffondendo la cultura di un consumo sempre più responsabile.💪 Da quest'anno, ad esempio, abbiamo introdotto un simulatore che, in soli 4 minuti, permette di fare una stima della classificazione energetica della propria abitazione e individuare le azioni possibili per vivere in una casa più efficiente 👉 https://lnkd.in/egwgYezERidurre i propri consumi energetici è una delle azioni attraverso cui ognuno di noi può generare un impatto positivo per il pianeta.E per conoscere meglio il nostro Progetto Casa Efficiente qui  👉 https://lnkd.in/eCWpwCVYhashtag#scoprileroymerlin hashtag#leroymerlin hashtag#leroymerlinitalia hashtag#impattopositivo",
            "comments": []
        },
        {
            "post": "Una piastrella creata a partire dal cartone. Ci avreste mai credutoqualche decennio fa?Eppure oggi è realtà e dalla collaborazione tra Leroy Merlin Italia eTetra Pak nasce un nuovo tipo di pavimentazione per l’outdoor, unprogetto per un’economia sempre più circolare, una delle sfide dellanostra strategia di hashtag#sostenibilità.Sono davvero orgoglioso di questa iniziativa, una soluzione che rendele nostre case migliori, più efficienti e sostenibili.Se ne parla in questo articolo di Gdoweek:https://lnkd.in/d6quKz7shashtag#scoprileroymerlin hashtag#leroymerlin hashtag#leroymerlinitalia",
            "comments": []
        },
        {
            "post": "🚀 Abbiamo pubblicato il nuovo aggiornamento di Marzo della Classifica Ecommerce Italia e tra i 6.082 brand analizzati, i più popolari durante l'ultimo mese sono:Amazon, Subito, eBay, Booking.com, Apple, Leroy Merlin, Trenitalia, IKEA, TicketOne, Ryanair📈 Scopri l'aggiornamento mensile del ranking Ecommerce:http://bit.ly/3lJ77k3hashtag#ecommerce hashtag#ecommerceitalia hashtag#classificaecommerce",
            "comments": []
        },
        {
            "post": "Dopo Leroy Merlin Garden, il formato stand alone dedicato al mondo del giardinaggio nato sul territorio sardo nel marzo 2023, abbiamo voluto testare un nuovo concept store: negozi cittadini concepiti con una logica da showroom che ci permettono di essere sempre più vicini ai nostri clienti. Dopo l’apertura di Roma nel quartiere della Magliana, quella di Milano e di Firenze, siamo ora pronti per il Sud Italia. Inauguriamo il nuovo anno dando il benvenuto allo showroom di Leroy Merlin Trapani, un negozio di prossimità dedicato al mondo del bagno e della pavimentazione e rivestimento della casa.hashtag#scoprileroymerlin hashtag#leroymerlin hashtag#leroymerlinitalia",
            "comments": []
        },
        {
            "post": "Et si je vous disais qu’habiter c’était (presque) de la science ? 💡😉En tout cas, avec les équipes de hashtag#LeroyMerlinSource, ça l’est !Depuis 2005, ce réseau de recherche made in Leroy Merlin (qui réunit à la fois chercheurs, professionnels et acteurs de l’habitat) se fixe une grande mission : étudier et comprendre l'habitat et les façons d'habiter 🙌Ensuite, nous nous chargeons de concevoir les meilleures offres et produits pour rendre le chez soi plus durable... et agréable !Son action  ⬇✅ Produire et diffuser des études approfondies sur les évolutions de nos modes d’habiter, d’hier à demain !Comme la prise en compte de la qualité de l'air intérieur dans les logements français (Gaëtan Brisepierre Claire-Sophie Coeudevez), ou la façon dont les habitants rénovent leurs logements en participant de ce fait au débat public autour du pavillon (Viviane Hamon, Lionel Rougé, Hortense Soichet).✅ Partager les enseignements des recherches à notre écosystème externe et à toute l’entreprise pour aider chaque équipe à avancer et faire les meilleurs choix pour nos clients !✅ Suivre et analyser les changements dans les modes de consommation pour toujours mieux répondre aux attentes des consommateurs et construire un commerce plus soutenable !Aux côtés de la Chaire Trends Isabelle COLLIN LACHAUD Elodie JUGE Mbaye Fall DIALLO), ✅Explorer l'habitat du futur pour anticiper les usages de la vie intelligente de demain.Main dans la main avec l'IMREDD - Chaire UX for Smart Life : Home & MobilityEn bref, un super boulot de la part des équipes de Leroy Merlin Source Claire LETERTRE Pascal Dreyer Denis Bernadet et de leurs partenaires de recherche (ADEME Citeo Anah Ecole d'Architecture et de Paysage de Bordeaux ! Bravo à eux ! 👏Pour découvrir Leroy Merlin Source et comprendre un peu mieux l’habitat👇 https://lnkd.in/ej9HV6i7hashtag#habitatdurable hashtag#LeroyMerlin hashtag#commercededemain",
            "comments": []
        },
        {
            "post": "Vi racconto una breve storia:Questo dicembre mi ritrovo davanti a circa 50 ragazzi intorno ai 12-13 anni a raccontare l’importanza di scegliere la propria strada senza farsi influenzare da stereotipi.B: “Quanti di voi conoscono un ingegnere uomo?” Metà dei presenti dicono di sì (ok platea difficile).B: “Quanti invece almeno una ingegnera donna?”Dicono di sì in due. Due.Ma ad un certo punto un ragazzo chiede:“Perché ci fai queste domande? Cosa ci interessa se è maschio o femmina? È comunque un ingegnere”.Ci interessa perché quando ti chiamano cercano l’ingegnere e non la sua segretaria. Perché c’è ancora chi quando si scende nel tecnico preferisce parlarne con un uomo, anche se ha appena iniziato ed è in stage, piuttosto che con te, che hai più di 20 anni di esperienza.Perché quando devi decidere del tuo futuro c’è chi ti dice ancora che quello è una professione da uomini.Ci interessa perché gli stereotipi esistono ancora. Ma voi mi date speranza.Settimana nazionale delle discipline scientifiche, tecnologiche, ingegneristiche e matematiche - 4-11 febbraio 2024***Grazie a Simona Orilia e Valore D per questa opportunità con il progetto hashtag#inspiring hashtag#girls hashtag#scoprileroymerlin hashtag#leroymerlinitalia hashtag#leroymerlin",
            "comments": []
        },
        {
            "post": "Sono molto contento della certificazione hashtag#TopEmployer 2024 conferita a Leroy Merlin Italia!Essere inseriti tra le aziende che eccellono nella gestione delle risorse umane a livello globale è un grande riconoscimento per noi che, da sempre, mettiamo le persone realmente al centro della nostra strategia. L’analisi, articolata in sei categorie (steer, shape, attract, develop and engage e unit) ci vede ben posizionati, soprattutto per quanto riguarda le nostre attività relative al digital HR, all’ambiente lavorativo positivo basato sull’ascolto dei Dipendenti, alle attività di hashtag#employerbranding e alla condivisione della people strategy con tutti i Collaboratori dell’azienda.Come Leader Risorse Umane della mia azienda sono particolarmente felice di vedere riconosciuto il nostro lavoro quotidiano, volto al miglioramento complessivo dell’esperienza dei nostri Collaboratori.hashtag#scoprileroymerlin hashtag#leroymerlin hashtag#leroymerlinitalia",
            "comments": []
        },
        {
            "post": "🇮🇹 Top 10 società con la migliore reputazione in Italia nel 2023 🇮🇹 Come ogni anno, Partoo ha condotto una ricerca tra i propri clienti in Italia. Il nostro obiettivo? Scoprire quali sono i brand che gestiscono al meglio la propria presenza e reputazione online.🥇 Bricocenter Italia si aggiudica brillantemente il primo posto🥈 TECNOMAT è la seconda azienda con la miglior reputazione online🥉 Leroy Merlin completa il podio al terzo postoCongratulazioni anche a Conforama Italia S.p.a., Cigierre Compagnia Generale Ristorazione Spa, Decathlon Italia, KFC Italia, Juice | Apple Premium Partner, Oberalp Group e Aquila Energie SpA ... che figurano anch'essi tra i primi posti della classifica! 🚀 Questo premio dimostra che i vostri clienti sono molto soddisfatti dell'esperienza nei vostri negozi e dell'attenzione ricevuta dal vostro personale. Continuate così! Il punteggio dell'eReputation si basa sui seguenti criteri: 1️⃣  Tasso di risposta alle recensioni 2️⃣  Valutazione media dell'azienda su Google 3️⃣  Varietà delle risposte alle recensioni 4️⃣  Numero di recensioni ricevute 5️⃣ Tempo impiegato per rispondere alle recensioni 👉 Scarica gratuitamente la ricerca completa: https://lnkd.in/dJNiN_8scc. Thibault Renouf, Alessandro Pirrello, Federica Tomasini, Irene Iania, Filippo Fiori, Francesco Buzzurro, Martina Arbitrio, Enrico Guzzoni",
            "comments": []
        },
        {
            "post": "Nous croyons en votre pouvoir d'agir en tant que consommateurs ! 💪♻️Avec la note Home Index, vous avez la possibilité d'évaluer les performances environnementales et sociales d'un produit en un coup d'œil.Actuellement déployé en France, Home Index vise à s'étendre dans plusieurs autres entreprises ADEO dans le monde courant 2024. Notre objectif est d'apporter une information fiable et simple aux clients, pour leur permettre de mieux comprendre les impacts de leur consommation.\"Cette démarche contribue à la réduction de notre impact carbone, elle nous conduit à faire preuve de transparence et à améliorer en permanence nos produits.\" - Pauline Toulemonde, Responsable RSE/Qualité chez ADEO.Pour en savoir davantage sur notre démarche, découvrez l'article complet sur adeo.com avec Pauline Toulemonde et Alice Fruchart. ✨",
            "comments": []
        }
    ]
}