{
    "name": "Massimo Paolotti",
    "subtitle": "Managing Director Ventana Serra Global",
    "location": "Greater Milan Metropolitan Area",
    "about": "",
    "experiences": [
        [
            "Ventana Serra",
            "9 yrs 7 mos",
            "GLOBAL VP AIR & SEA",
            "Full-time",
            "Jan 2023 - Present · 1 yr 5 mos",
            "Basiano ( Milano ) · On-site",
            "Managing Director",
            "Nov 2014 - Dec 2022 · 8 yrs 2 mos",
            "Mexico City"
        ],
        [
            "Managing Director",
            "Damco",
            "Sep 2011 - Nov 2014 · 3 yrs 3 mos"
        ],
        [
            "Vice Presidente Lombardia and Emilia Romagna",
            "Jas Forwarding",
            "Nov 2004 - Aug 2011 · 6 yrs 10 mos"
        ],
        [
            "Sales & Marketing Manager",
            "Panalpina",
            "1992 - 2004 · 12 yrs"
        ],
        [
            "Branch Manager",
            "Andréa Merzario",
            "Jun 1982 - Aug 1992 · 10 yrs 3 mos"
        ]
    ],
    "posts": [
        {
            "post": "Ventana Serra España, Stay tuned, more News coming soon!!!, Todesco Loris Massimo Paolotti Matteo Arcese Alberto Dejana",
            "comments": []
        },
        {
            "post": "Ventana Serra España, Stay tuned, more News coming soon!!!, Todesco Loris Massimo Paolotti Matteo Arcese Alberto Dejana",
            "comments": []
        },
        {
            "post": "Exploring hashtag#coverings2024 with great Ventana Serra 🇺🇸🇧🇷🇨🇳 people! T - together E - everyone A - achieves M - more Umberto Andrea Hélio Mattia at Coverings  ✌️",
            "comments": []
        },
        {
            "post": "✈️ Ventana Serra Groupage services taking off to… Asia! 🌏Our part charter export solutions ensure daily air freight shipments to China, Japan, Korea, Singapore, Hong Kong and Taiwan.Request a quote here https://lnkd.in/d7MMyTwR",
            "comments": []
        },
        {
            "post": "Oceanic adventures await. We went on a trip to Liguria to visit and meet our partner Fondazione Accademia Italiana della Marina Mercantile. We got to present Ventana Serra and dive into all things ocean freight with the students. They were curious about our day-by-day and we loved sharing our knowledge with them!Sea you very soon, Genoa 🛳 hashtag#OneTeam hashtag#Movement",
            "comments": []
        },
        {
            "post": "Thank you Silvia Casaluci was one of the most interesting and emotional day in my career.",
            "comments": []
        },
        {
            "post": "🫱🏽‍🫲🏾 Nesta Páscoa, celebramos a conexão que nos une e as emoções que movemos juntos. 🔄 Que seja um momento para renovarmos nossa parceria, buscando sempre a excelência.hashtag#VentanaSerra hashtag#Pascoa hashtag#agenciamentodecarga",
            "comments": []
        },
        {
            "post": "Let's make logistics efficient together!We need a number-savvy Accounting & Taxes expert to keep our finances in check, and an Operations Pro to make sure everything runs smoothly. If you love crunching numbers or making operations seamless, hop on board! ➡️ Accountant&Taxes Specialisthttps://lnkd.in/dpjgP_hU➡️ Operative Specialisthttps://lnkd.in/dtn49_AX",
            "comments": []
        },
        {
            "post": "Our young Sales talents embarked on a special tour! ✈️We explored Alha Group's cargo terminal at Malpensa Airport, where we got an up-close look at managing import/export cargo. So many insights about day-to-day operations of the airport's logistics chain… we are ready to fly even higher! 🌟Many thanks to Alha Group for being such a great host and guide during the tour!hashtag#Airfreight hashtag#OneTeam",
            "comments": []
        },
        {
            "post": "Exploring Ventana Serra fashion division 👗In addition to core services, our Retail & Hospitality Planning unit offers a range of value-added options to enhance the logistics journey of your high level furnishings and accessories: from comprehensive document management to strategic technical advice, we provide the support you need to effortlessly navigate the complexities of international trade and optimize the transport of all the materials needed for the opening or renewal of shops.Stay tuned to find out more about other related services ✈️🚢🚚",
            "comments": []
        }
    ]
}