{
    "name": "Roberto Selva",
    "subtitle": "Chief Marketing & Customer Officer at Esselunga",
    "location": "Milan, Lombardy, Italy",
    "about": "",
    "experiences": [
        [
            "Esselunga",
            "13 yrs 7 mos",
            "Chief Marketing & Customer Officer",
            "Jan 2018 - Present · 6 yrs 5 mos",
            "Milan",
            "Director Non Food",
            "Nov 2010 - Sep 2018 · 7 yrs 11 mos"
        ],
        [
            "Versace",
            "3 yrs 10 mos",
            "Director Licence Division",
            "Nov 2008 - Oct 2010 · 2 yrs",
            "Director Home & Hotel  Division",
            "Jan 2007 - Oct 2010 · 3 yrs 10 mos"
        ]
    ],
    "posts": [
        {
            "post": "🍇🇮🇹🍷𝗡𝗲𝗹 𝗰𝘂𝗼𝗿𝗲 𝗱𝗲𝗹𝗹’𝗲𝗻𝗼𝗹𝗼𝗴𝗶𝗮 𝗧𝗼𝘀𝗰𝗮𝗻𝗮: lo scorso 16 maggio, i nostri colleghi hashtag#Sommelier hanno visitato la cantina 𝗧𝗲𝗻𝘂𝘁𝗮 𝗣𝗶𝗰𝗰𝗶𝗻𝗶 a Casole d’Elsa in provincia di Siena, in uno dei territori vinicoli italiani più rinomati. Una giornata che si è aperta da subito all’insegna dell’ospitalità e della reciproca conoscenza, con un coffee break che ha introdotto alle presentazioni di hashtag#Esselunga e di 𝗧𝗲𝗻𝘂𝘁𝗲 𝗣𝗶𝗰𝗰𝗶𝗻𝗶 𝗦.𝗽.𝗔. A seguire, una visita guidata in cantina per ripercorrere le fasi salienti della produzione, le tecniche di vinificazione e per ammirare luoghi affascinanti dove vengono maturano, affinano e prendono forma i capolavori in bottiglia. Per i nostri appassionati professionisti, non poteva mancare la 𝗱𝗲𝗴𝘂𝘀𝘁𝗮𝘇𝗶𝗼𝗻𝗲 𝗱𝗲𝗶 𝘃𝗶𝗻𝗶 che, infatti, ha accompagnato la colazione di lavoro e ha offerto l’occasione ideale per conoscere ancora più da vicino le eccellenze di etichette che impreziosiscono l’offerta delle enoteche dei nostri negozi.  Scopri le opportunità per entrare a far parte del nostro team di Sommelier e invia la tua candidatura! ➡️ https://bit.ly/3Wxz24Shashtag#Esselungalive hashtag#Valorealtuolavoro hashtag#Esselungajob",
            "comments": []
        },
        {
            "post": "ATTENZIONE! Se ricevete una mia mail con l'indicazione di aprire un link, non fatelo, è un VIRUS!!",
            "comments": []
        },
        {
            "post": "Mercier",
            "comments": []
        }
    ]
}