{
    "name": "Nicola Giorgi",
    "subtitle": "Chief Financial Risk Officer  at Plenitude",
    "location": "Milan, Lombardy, Italy",
    "about": "",
    "experiences": [
        [
            "Eni Plenitude Wind & Energy",
            "1 yr 6 mos",
            "Cesena, Emilia Romagna, Italia",
            "Presidente",
            "Oct 2023 - Present · 8 mos",
            "Board Member",
            "Dec 2022 - Oct 2023 · 11 mos"
        ],
        [
            "Board Member",
            "Vårgrønn",
            "Dec 2022 - Present · 1 yr 6 mos",
            "Oslo, Norvegia"
        ],
        [
            "Evolvere S.p.A. SB",
            "4 yrs 6 mos",
            "Presidente",
            "Oct 2022 - Present · 1 yr 8 mos",
            "Board Member",
            "Dec 2019 - Oct 2022 · 2 yrs 11 mos",
            "Milano, Italia"
        ],
        [
            "Chief Financial Risk Officer",
            "Plenitude SpA SB · Full-time",
            "Feb 2022 - Present · 2 yrs 4 mos"
        ],
        [
            "Board Member",
            "Plenitude España",
            "Apr 2021 - May 2023 · 2 yrs 2 mos",
            "Torrelavega, Cantabria, Spagna"
        ]
    ],
    "posts": []
}