{
    "name": "Canio Celiberti",
    "subtitle": "Operations Director Saint-Gobain Italia",
    "location": "Modena, Emilia-Romagna, Italy",
    "about": "",
    "experiences": [
        [
            "Operational Director Mortars & Waterproofing presso Saint-Gobain Italia",
            "Saint-Gobain Italia · Full-time",
            "Jan 2021 - Present · 3 yrs 5 mos"
        ],
        [
            "Operations Director Weber",
            "SAINT-GOBAIN PPC ITALIA S.P.A.",
            "Jan 2018 - Present · 6 yrs 5 mos"
        ],
        [
            "Saint-Gobain Weber",
            "13 yrs 11 mos",
            "Regional Industrial Director",
            "Jan 2015 - Present · 9 yrs 5 mos",
            "Industrial Director & Supply Chain at Saint-Gobain Weber Italy",
            "Jul 2010 - Dec 2014 · 4 yrs 6 mos",
            "Modena Area, Italy"
        ],
        [
            "Plant Manager",
            "Saint-Gobain Abrasives",
            "Sep 2004 - Jun 2010 · 5 yrs 10 mos"
        ]
    ],
    "posts": []
}