{
    "name": "Giovanni Broscritto",
    "subtitle": "Industrial Marketing Manager Performance Solutions HI&I EMEA",
    "location": "Crema, Lombardy, Italy",
    "about": "",
    "experiences": [
        [
            "Brenntag S.p.A.",
            "9 yrs 5 mos",
            "Industrial Marketing Manager Performance Solutions HI&I EMEA",
            "Full-time",
            "Dec 2021 - Present · 2 yrs 6 mos",
            "Assago - Milano Italia",
            "Business Development Manager e Product Manager Cleaning",
            "Full-time",
            "Jul 2018 - Dec 2021 · 3 yrs 6 mos",
            "Business Development Manager",
            "Full-time",
            "Mar 2017 - Jun 2018 · 1 yr 4 mos"
        ],
        [
            "Senior Application Expert",
            "Diversey",
            "Nov 2013 - Dec 2014 · 1 yr 2 mos"
        ],
        [
            "South Europe I&L Technical Expert",
            "Diversey",
            "Nov 2007 - Oct 2013 · 6 yrs"
        ],
        [
            "Product Manager",
            "Diversey",
            "Jan 2004 - Oct 2007 · 3 yrs 10 mos"
        ],
        [
            "R&D Senior Chemist",
            "Diversey",
            "May 1982 - Dec 2003 · 21 yrs 8 mos"
        ]
    ],
    "posts": [
        {
            "post": "REWO® Scent G 100 is a unique silicone derivative that enables the formulation of fabric conditioners with optimized performance in terms of freshness, softness and color protection. The fresh fragrance is still noticeable days after washing! Learn more: https://lnkd.in/dHhcQVR hashtag#fresh hashtag#soft hashtag#laundry",
            "comments": []
        },
        {
            "post": "Brenntag Cleaning Team- H3i 2020 Stand 206hashtag#brenntag hashtag#cleaning",
            "comments": []
        },
        {
            "post": "hashtag#Brenntag Vi aspettiamo! hashtag#H3i 2020. Stand 206. Brenntag Cleaning Team",
            "comments": []
        }
    ]
}