{
    "name": "Stefania Zucchelli",
    "subtitle": "“Hire for passion and intensity; there is training for everything.\"  \nHR Director Italy",
    "location": "Milan, Lombardy, Italy",
    "about": "Ho scelto questo bellissimo mestiere all’università: in mezzo a tanti numeri, ecco la possibilità di lavorare in azienda occupandosi delle persone!Dal 1998, mi impegno per integrare i bisogni dei colleghi con le esigenze del business, nella convinzione che un ambiente dove si sta bene e si impara favorisca l’innovazione e i risultati.Mi appassionano i progetti di coaching e di sviluppo del talento, ovunque si trovi in azienda. Sono positiva e affidabile, alla ricerca di soluzioni pratiche ai problemi.Il mio compito è stare al fianco dei manager sia nelle scelte strategiche di lungo periodo che nella collaborazione quotidiana con i team.",
    "experiences": [
        [
            "Emerson Process Management Srl",
            "14 yrs 3 mos",
            "HR Director, Italy",
            "Full-time",
            "Apr 2019 - Present · 5 yrs 2 mos",
            "Milan, Lombardy, Italy",
            "HR Manager",
            "Mar 2010 - Present · 14 yrs 3 mos"
        ],
        [
            "HR Development",
            "Italcementi Group",
            "Oct 2007 - Feb 2010 · 2 yrs 5 mos"
        ],
        [
            "HR Manager",
            "Italcementi Group",
            "2003 - 2006 · 3 yrs"
        ],
        [
            "HR Specialist",
            "ABB",
            "1998 - 2002 · 4 yrs"
        ]
    ],
    "posts": [
        {
            "post": "Great opportunity for talents! Are you ready?",
            "comments": []
        },
        {
            "post": "Politiche e prassi nuove per i neo papà: e’ ora! Noi in Emerson raddoppiamo il congedo di legge 😄",
            "comments": []
        },
        {
            "post": "What an inspiring woman!\"Humanity first\"hashtag#IndraNooye hashtag#Purpose hashtag#SustainabileLeadership",
            "comments": []
        },
        {
            "post": "Sharing thoughts and actions for FREEDOM from stereotypes and violence, for allhashtag#diversityinclusion hashtag#women hashtag#emersonitaly hashtag#iltempodelledonne hashtag#corsera hashtag#milano",
            "comments": []
        },
        {
            "post": "“Sales Talents, where are you?”“What do you espect from Companies to join, stay and grow?”That’s what we’ve asked brilliant students from Università Bocconi, sharing results of the survey by Commercial Eccellence Labhashtag#SDABocconi hashtag#Emerson hashtag#sales hashtag#employerbranding hashtag#talentattraction",
            "comments": []
        },
        {
            "post": "So grateful for the chance to share our Italian culture, for business and more, and learn how we can go further, transforming for better!hashtag#emerson hashtag#italy hashtag#culturaltransformation hashtag#authenticleaders",
            "comments": []
        },
        {
            "post": "Colors are life! 🌈",
            "comments": []
        },
        {
            "post": "Rainbow 🌈 Day @ Emerson worldwide: we are different!! hashtag#letsgo hashtag#DEI hashtag#emerson hashtag#embracedivertity",
            "comments": []
        },
        {
            "post": "“Knowing how to listen means possessing, in addition to your own, the brain of others.”Leonardo Da VinciThanks, teammates, for sharing your thoughts on how to become better leaders for our organization. Let’s go! hashtag#Emerson hashtag#italy hashtag#goboldly hashtag#letsgo hashtag#transformation",
            "comments": []
        },
        {
            "post": "Trasformation of Sales!Rivolto a chi vuole applicare il suo talento e passione per innovare nel mondo dell’automazione industriale .Digital Sales Engineer Emerson",
            "comments": []
        }
    ]
}