{
    "name": "Antonio Lombardo",
    "subtitle": "CEO & President Italy at DHL Supply Chain",
    "location": "Milan, Lombardy, Italy",
    "about": "",
    "experiences": [
        [
            "DHL Supply Chain",
            "24 yrs 5 mos",
            "CEO & President Italy",
            "May 2018 - Present · 6 yrs 1 mo",
            "Milan",
            "CEO Italy",
            "Jan 2017 - Apr 2018 · 1 yr 4 mos",
            "Milan",
            "General Manager V.P. BUs Technology, Industrial, Automotive, Consumer Fashion Retail -  Italy",
            "Jan 2015 - Dec 2016 · 2 yrs",
            "Milan",
            "General Management many Business Units"
        ],
        [
            "Danzas",
            "3 yrs 2 mos",
            "Milan Area, Italy",
            "Project Manager",
            "Jan 1999 - Dec 1999 · 1 yr",
            "Business Development Manager",
            "Nov 1996 - Dec 1998 · 2 yrs 2 mos"
        ],
        [
            "Group Financial Controller",
            "Gruppo SIFE Industriale S.p.A.",
            "Jan 1995 - Nov 1996 · 1 yr 11 mos",
            "Milan Area, Italy"
        ],
        [
            "Lance Corporal",
            "Arma dei Carabinieri",
            "1993 - 1994 · 1 yr",
            "Mlano"
        ]
    ],
    "posts": []
}