{
    "name": "Maria Pistillo",
    "subtitle": "Sales Manager presso NEXT HARDWARE & SOFTWARE SPA",
    "location": "Desio, Lombardy, Italy",
    "about": "",
    "experiences": [
        [
            "Sales Manager",
            "NEXT HARDWARE & SOFTWARE SPA",
            "Sep 2017 - Present · 6 yrs 9 mos",
            "Bovisio-Masciago, Lombardia, Italia"
        ],
        [
            "Coordinator Asus",
            "Esprinet S.p.A.",
            "May 2008 - Aug 2017 · 9 yrs 4 mos"
        ],
        [
            "Brand Manager",
            "esprinet",
            "Oct 2004 - Apr 2008 · 3 yrs 7 mos"
        ]
    ],
    "posts": [
        {
            "post": "📍 𝐍𝐞𝐱𝐭 𝐢𝐧𝐟𝐨𝐫𝐦𝐚Manca sempre meno a Natale, e noi di Next non possiamo che augurarvi delle piacevoli e serene festività!Speriamo possiate vivere delle giornate piene di sorprese, di belle notizie, di felicità e di passione: quella che ci porta ogni giorno a dare il meglio nel nostro lavoro ✨I nostri uffici saranno chiusi fino al 26 dicembre compreso: ci rivediamo mercoledì 27 per concludere assieme il 2023!hashtag#nexths hashtag#informatica hashtag#technology",
            "comments": []
        },
        {
            "post": "📍 𝐍𝐞𝐱𝐭 𝐢𝐧𝐟𝐨𝐫𝐦𝐚Cosa può esserci meglio di una cooking class per fare team e rafforzare i legami tra aziende partner?Lo abbiamo sperimentato con HP nella cornice dell'agriturismo Fondo Brugarolo a Sulbiate.I dipendenti Next e i rappresentanti di HP hanno collaborato per soddisfare le aspettative dei giudici.È stato un momento di team building di grande importanza per rendere sempre più solida la collaborazione tra i nostri brand e il nostro personale.hashtag#nexths hashtag#HP hashtag#event hashtag#b2b hashtag#teambuilding hashtag#training hashtag#printing hashtag#business hashtag#HPservice hashtag#HPDigitalservices",
            "comments": []
        }
    ]
}