{
    "name": "Luca Fagnani",
    "subtitle": "Head of Business presso JB Cars - Jaguar Land Rover",
    "location": "Italy",
    "about": "",
    "experiences": [
        [
            "JB Cars - Jaguar Land Rover",
            "21 yrs 7 mos",
            "Head of Business",
            "Jan 2018 - Present · 6 yrs 5 mos",
            "Monza e Brianza, Italia",
            "Brand Sales Manager",
            "May 2009 - Jan 2018 · 8 yrs 9 mos",
            "Monza e Brianza, Italia",
            "Sales Executive",
            "Nov 2002 - May 2009 · 6 yrs 7 mos"
        ]
    ],
    "posts": [
        {
            "post": "❗️Video recensione JB Cars - Jaguar Land Rover Monza - Impianto fotovoltaico SolarplayLa partnership tra Solarplay e J.B. Cars Srl è nata con un obiettivo chiaro: trasformare il loro showroom automobilistico Jaguar Land Rover in un esempio di efficienza energetica. Abbiamo progettato ed installato un impianto fotovoltaico su tetto a falda di 69,9 kWp, composto da 233 pannelli fotovoltaici Sunerg Solar srl e un inverter Huawei di ultima generazione.La particolarità di questo progetto è stata l’aver utilizzato pannelli fotovoltaici colorati per rispettare le rigide norme di vincolo paesaggistico imposte dal centro storico di Monza, oltre al rispetto delle norme antincendio della struttura e i vincoli imposti dalla vicinanza della ferrovia. Corredano la complessità di questo cantiere il particolare posizionamento dei pannelli fotovoltaici su più falde ed il rifacimento della copertura per garantire un'efficienza massima dell’impianto nel tempo. Nella nostra video recensione approfondiscono i dettagli: - Dott. Luca Fagnani (Dealer Operator JB Cars)- Ing. Alex Raffoni (Direttore tecnico Solarplay)hashtag#solarplay hashtag#jbcars hashtag#impiantofotovoltaico hashtag#b2b 👇Buona visione👇",
            "comments": []
        },
        {
            "post": "\"Siamo i protagonisti della Ri-evoluzione, pronti a tracciare nuovi percorsi e affrontare le sfide del cambiamento con orgoglio e determinazione.\"Insieme ai vertici di JLR Italia abbiamo partecipato al Dealer Meeting, occasione che continua a renderci i protagonisti dell'evoluzione dei nostri iconici marchi. Insieme, ci prepariamo ad affrontare le sfide di un mondo in continuo cambiamento e a tracciare nuovi percorsi per raggiungere obiettivi sempre più ambiziosi.Ospiti d'eccezione per questo evento sono stati Geraldine Ingham, Managing Director Range Rover, e Mark Cameron, Managing Director Defender & Discovery, con cui abbiamo avuto il privilegio di immergerci ancor di più nell'essenza e nel futuro dei nostri brand.hashtag#rievoluzione hashtag#houseofbrands",
            "comments": []
        },
        {
            "post": "Tradizione, eleganza, innovazione, velocità, istinto, classe.Quando due icone della Britishness come Jaguar e Wimbledon si incontrano, nasce qualcosa di magico.Grazie a Jaguar Land Rover Italia per aver regalato ai nostri clienti Davide e Riccardo questa fantastica esperienza resa ancor più memorabile dall'esclusiva Jaguar Suite.",
            "comments": []
        },
        {
            "post": "Il Raduno delle 100+1 Jaguar si è concluso.È stato un evento magico, la cui preparazione ha richiesto mesi di impegno e collaborazione.Primo tra tutti il Jaguar Enthusiast Club, insieme a noi di JB Cars - Jaguar Land Rover e la stessa Jaguar Italia.Un raduno che ha celebrato i 101 anni di storia del prestigioso marchio inglese ed i 101 anni dalla fondazione del tempio della velocità.Vedere tutta la storia di Jaguar all’Autodromo Nazionale Monza partendo dalla SS100 fino all’ultima Jaguar con motore termico, la F-Type 75, è stata una emozione indescrivibile.Il momento più emozionante?La parata di tutte le 100+1 con a capo la prima hashtag#Jaguar totalmente elettrica, la nostra I-Pace.Un evento che sarà impossibile dimenticare.",
            "comments": []
        },
        {
            "post": "101 Jaguar 🐆Il Jaguar Enthusiast Club, con il supporto di JB Cars, presenta il raduno per celebrare due importanti anniversari: 🌟 il celebre marchio britannico ed il nostro Autodromo 🌟Un'imperdibile occasione  per poter visionare le vetture più iconiche e scoprire il famoso Tempio della Velocità!📅  3 Giugno 2023🕒  Dalle 15:00 alle 19:00📍 Autodromo Nazionale di Monza",
            "comments": []
        },
        {
            "post": "101 Jaguar 🐆Il Jaguar Enthusiast Club, con il supporto di JB Cars, presenta il raduno per celebrare due importanti anniversari: 🌟 il celebre marchio britannico ed il nostro Autodromo 🌟Un'imperdibile occasione  per poter visionare le vetture più iconiche e scoprire il famoso Tempio della Velocità!📅  3 Giugno 2023🕒  Dalle 15:00 alle 19:00📍 Autodromo Nazionale di Monza",
            "comments": []
        },
        {
            "post": "Le persone che lavorano con JLR sono le vere Protagoniste della Ri-Evoluzione, poiché vivono e trasferiscono ogni giorno la passione di questo cambiamento.Questo il tema del Dealer Meeting che si è tenuto in questi giorni, un'occasione per condividere il percorso di evoluzione Modern Luxury dei nostri iconici Marchi e per evidenziare ancora una volta la centralità di coloro che generano Valore ogni giorno, coinvolgendo i nostri clienti in un’esperienza unica.La cornice di questo evento è stata Venezia, patrimonio straordinario in cui convivono eccellenze manifatturiere e di ospitalità. Una città iconica che inoltre da oggi ospita il brand Range Rover al proprio Salone Nautico, uno dei principali eventi fieristici internazionali dedicati alla nautica, palcoscenico di design, innovazione e sostenibilità.",
            "comments": []
        },
        {
            "post": "Excitement never stops….Range Rover sport SV….",
            "comments": []
        },
        {
            "post": "Con i nostri clienti facciamo tanta strada! E quando la relazione è solida e di qualità, il viaggio (anzi il customer journey 😉) diventa speciale.Come dice il signor Nando Cazzaniga, Titolare e Amministratore Delegato di JB Cars - Jaguar Land Rover Monza concessionaria ufficiale Jaguar Land Rover:\"𝘊’𝘦̀ 𝘥𝘪𝘧𝘧𝘦𝘳𝘦𝘯𝘻𝘢 𝘵𝘳𝘢 𝘶𝘯 𝘤𝘢𝘮𝘱𝘪𝘰𝘯𝘦 𝘦 𝘪𝘭 𝘱𝘪𝘭𝘰𝘵𝘢 𝘤𝘩𝘦 𝘷𝘪𝘯𝘤𝘦 𝘲𝘶𝘢𝘭𝘤𝘩𝘦 𝘨𝘢𝘳𝘢. 𝘐𝘭 𝘤𝘢𝘮𝘱𝘪𝘰𝘯𝘦 𝘴𝘢 𝘲𝘶𝘢𝘯𝘥𝘰 𝘧𝘦𝘳𝘮𝘢𝘳𝘴𝘪, 𝘦 𝘲𝘶𝘢𝘯𝘥𝘰 𝘪𝘯𝘷𝘦𝘤𝘦 𝘦̀ 𝘪𝘭 𝘮𝘰𝘮𝘦𝘯𝘵𝘰 𝘥𝘪 𝘵𝘪𝘳𝘢𝘳𝘦 𝘧𝘪𝘯𝘰 𝘢𝘭𝘭’𝘶𝘭𝘵𝘪𝘮𝘰 𝘳𝘦𝘴𝘱𝘪𝘳𝘰; 𝘴𝘢 𝘤𝘩𝘦 𝘥𝘪𝘦𝘵𝘳𝘰 𝘰𝘨𝘯𝘪 𝘴𝘶𝘤𝘤𝘦𝘴𝘴𝘰 𝘤’𝘦̀ 𝘢𝘧𝘧𝘪𝘥𝘢𝘣𝘪𝘭𝘪𝘵𝘢̀, 𝘤’𝘦̀ 𝘢𝘵𝘵𝘦𝘯𝘻𝘪𝘰𝘯𝘦 𝘢𝘪 𝘥𝘦𝘵𝘵𝘢𝘨𝘭𝘪 𝘢𝘪 𝘲𝘶𝘢𝘭𝘪 𝘯𝘦𝘴𝘴𝘶𝘯𝘰, 𝘧𝘪𝘯𝘰 𝘢𝘥 𝘢𝘭𝘭𝘰𝘳𝘢, 𝘢𝘷𝘦𝘷𝘢 𝘱𝘦𝘯𝘴𝘢𝘵𝘰. 𝘚𝘢 𝘤𝘩𝘦 𝘢𝘭𝘭𝘦 𝘴𝘱𝘢𝘭𝘭𝘦 𝘥𝘪 𝘰𝘨𝘯𝘪 𝘴𝘶𝘢 𝘷𝘪𝘵𝘵𝘰𝘳𝘪𝘢 𝘤’𝘦̀ 𝘶𝘯𝘢 𝘴𝘲𝘶𝘢𝘥𝘳𝘢 𝘤𝘩𝘦 𝘭𝘢𝘷𝘰𝘳𝘢 𝘤𝘰𝘯 𝘪𝘮𝘱𝘦𝘨𝘯𝘰, 𝘭𝘰𝘯𝘵𝘢𝘯𝘢 𝘥𝘢𝘭𝘭𝘦 𝘭𝘶𝘤𝘪. 𝘚𝘢 𝘵𝘳𝘢𝘴𝘧𝘰𝘳𝘮𝘢𝘳𝘦 𝘲𝘶𝘦𝘴𝘵𝘰 𝘱𝘦𝘯𝘴𝘪𝘦𝘳𝘰 𝘪𝘯 𝘷𝘦𝘭𝘰𝘤𝘪𝘵𝘢̀, 𝘪𝘯 𝘢𝘥𝘳𝘦𝘯𝘢𝘭𝘪𝘯𝘢, 𝘪𝘯 𝘦𝘮𝘰𝘻𝘪𝘰𝘯𝘦 𝘱𝘶𝘳𝘢. 𝘚𝘢 𝘧𝘢𝘳𝘭𝘰 𝘪𝘯 𝘰𝘨𝘯𝘪 𝘮𝘰𝘮𝘦𝘯𝘵𝘰 𝘥𝘦𝘭𝘭𝘢 𝘴𝘶𝘢 𝘷𝘪𝘵𝘢, 𝘰𝘨𝘯𝘪 𝘷𝘰𝘭𝘵𝘢 𝘤𝘩𝘦 𝘳𝘦𝘴𝘱𝘪𝘳𝘢. 𝘎𝘶𝘢𝘳𝘥𝘢 𝘶𝘯𝘢 𝘤𝘶𝘳𝘷𝘢, 𝘢𝘤𝘤𝘦𝘵𝘵𝘢 𝘭𝘢 𝘴𝘧𝘪𝘥𝘢. 𝘐𝘭 𝘤𝘢𝘮𝘱𝘪𝘰𝘯𝘦 𝘪𝘯𝘴𝘦𝘨𝘶𝘦 𝘪𝘭 𝘷𝘦𝘯𝘵𝘰.”🏆 I campioni di oggi sono Carolina Cazzaniga e Guido Cazzaniga (Titolari), Luca Fagnani (Dealer Operator), Filippo Arrigoni (Responsabile Marketing) e Giancarlo Zotti (Service Manager) affiancati dai nostri \"co-piloti\" Alberta Gammicchia e Giovanni Ferretti.Grazie. Inseguire il vento insieme è una sfida davvero emozionante!hashtag#jaguar hashtag#landrover hashtag#automotive hashtag#customerexperience hashtag#customerexperienceitalia hashtag#CXItalia hashtag#luxurybrand hashtag#coaching hashtag#training",
            "comments": []
        },
        {
            "post": "È stato un piacere ospitare alcuni dei nostri clienti alla Range Rover House di Courmayeur. Abbiamo condiviso con loro l'essenza del Modern Luxury, in un ambiente dal design ricercato e minimalista dove la Materiality è uno degli elementi principali.Abbiamo affrontato con loro un percorso off-road con le nostre vetture, insieme a Land Rover Experience, nel Defender SnowPark per testare le impareggiabili doti delle nostre vetture Land Rover.Abbiamo concluso le due giornate con una visita allo Skyway Monte Bianco, raggiungendo il tetto d'Europa.Un ringraziamento particolare alla splendida accoglienza del Relais Mont Blanc che ci ha ospitato in una cornice mozzafiato.Jaguar Land Rover Italia hashtag#RangeRoverHouse hashtag#luxury hashtag#experience",
            "comments": []
        }
    ]
}