{
    "name": "Alessandro Aldrovandi",
    "subtitle": "HR Manager",
    "location": "Biassono, Lombardy, Italy",
    "about": "",
    "experiences": [
        [
            "HR Manager",
            "Parà S.p.A. · Full-time",
            "May 2003 - Present · 21 yrs 1 mo",
            "Sovico, Lombardia, Italia"
        ],
        [
            "Production Department Specialist",
            "LAVORWASH S.P.A · Full-time",
            "Apr 1997 - Apr 2003 · 6 yrs 1 mo",
            "Pegognaga, Lombardia, Italia"
        ],
        [
            "Accounting Department Specialist",
            "FRATI LUIGI S.P.A. · Full-time",
            "Sep 1990 - Jun 1996 · 5 yrs 10 mos",
            "Borgo Virgilio, Lombardia, Italia"
        ]
    ],
    "posts": []
}