{
    "name": "Stefano Grieco",
    "subtitle": "CEO and VP Nokia Italia, Head of Business Operation NI Optical Networks",
    "location": "Milan, Lombardy, Italy",
    "about": "",
    "experiences": [
        [
            "CEO and VP Nokia Italia, Head of Business Operation NI Optical Networks",
            "Nokia",
            "May 2023 - Present · 1 yr 1 mo"
        ],
        [
            "President/CEO/Board Member  Sarte Telecomunicazioni SpA ; CEO Cistelaier SpA",
            "SARTE Telecomunicazioni SpA; Cistelaier SpA",
            "2020 - May 2023 · 3 yrs 5 mos",
            "Italy",
            "Service Infrastructure Operator, System integration ; Telecom technology  ; Digital solutions"
        ],
        [
            "Managing Director/Ceo/Board Member",
            "Gruppo PSC SpA",
            "2015 - 2019 · 4 yrs",
            "Italy",
            "Telecomunication, Transport & Energy, Industrial.\nThe Company  is a fast growing  leader  in  Italy in  the Telecommunication, Energy and  Railways markets. Main Customers are Public Companies and private Contractors\nI managed the acquisition, turn-around and integration  of some Companies in the Group ."
        ],
        [
            "COO/Managing Director  Sirti Telecommunication, Transportation & Energy",
            "Sirti",
            "2012 - 2015 · 3 yrs",
            "Italy",
            "Active in the sectors of Telecommunication ,Transport (Railways , Metro,Tramways, Highways ), \nTraditional Energy (Energy Transport, Energy Distribution ; contact lines & Catenaries; Maintenance), \nEnergy Services (Energy management , Energy efficiency, Smart Cities , Smart Grid)"
        ],
        [
            "Senior Vice President /Chief Operating Officer World Wide",
            "Alcatel-Lucent - Optics and Wireless Transmission Division",
            "2004 - 2012 · 8 yrs",
            "- Global Competence Center World Wide in the Optics Division \n- SVP  Business Center in the EMEA Region\nResponsible of the overall Business in the EMEA Region\n-Business Organization directly managed: Sales, Pre-Sales, Regional Project Managers, Network \nArchitectures & Solutions, Business Development, Business operation, Marketing, Pricing Strategy \n\n-Support Organization directly managed: Technical Support, New Product introduction, \nProject Engineering, field implementation, maintenance & field support, Network integration and Development, Quality and Supply Chain Planning. \n\nUntil 2008 Vice President – Regional Support Centers Transmission Division Europe & South (EMEA,  India and Latin America) around 1,5BEuro business in 2009.\n- Responsible for the Business in the Region. This Organization was the cornerstone linking  \ntogether Sales, pre-sales, R&D ,field and Supply chain functions."
        ]
    ],
    "posts": [
        {
            "post": "An interesting panel yesterday at Telco per l’Italia on the key role of Technologies for digital transformation! Thank you to Mila Fiordalisi, Enrico Maria Bagnasco and Federico Protto",
            "comments": []
        },
        {
            "post": "Nokia will be present in the next \"Telco per Italia\" summit in Rome.hashtag#nokia hashtag#telco hashtag#summit hashtag#corcom hashtag#digital360",
            "comments": []
        }
    ]
}