{
    "name": "Fabrizio Cardilli",
    "subtitle": "Director of Business Development |  Renewables & Hydrogen Energy",
    "location": "Italy",
    "about": "I’ m an international MBA graduate and Certified Pricing Professional , with 15+ years of international experience spanning across product management, pricing and business development in Oil & Gas and Power Generation in  Top 3 Power Generation Companies WorldWide.Strong experience in the Power Generation market , developing and delivering high value customer solutions by building productive go-to-market partnership .Leading the Decarbonization Path in big corporates matching business interests of our clients towards  zero carbon energy projects both Onshore and Offshore, focus on Hydrogen and CCUS bankable projectsExperienced in leading and working with global international teams ...Crazy about sailing and skiing!✔Market Development ✔ Strategic Pricing✔ Digital Acceleration ✔ Hydrogen ✔ Green Power Generation ✔ Demand Generation ✔ Lean Startup & Process Improvement ✔ Customer-focus✔ Commercial Intensity ✔ Product Positioning  ✔ Storytelling ✔ Energy Efficiency",
    "experiences": [
        [
            "Director - Hydrogen Projects Development",
            "Gruppo Sapio · Full-time",
            "May 2022 - Present · 2 yrs 1 mo",
            "Leading an high performance team of Hydrogen Warriors to push the Energy Transition a step forward.\nIn charge of driving:\n- Sapio Group H2 strategy short & mid-long term. \n-H2 Projects development\n-National and EU project fundings scheme to deploy quick wins\n-H2 projects tendering for mobility and industrial applications"
        ],
        [
            "Business Development - Renewables & Hydrogen Energy",
            "Saipem · Full-time",
            "Jan 2020 - May 2022 · 2 yrs 5 mos",
            "In Charge to strengthening Saipem position in the growing business of our clients towards offshore zero carbon energy projects focusing on Hydrogen Production  , offshore wind , Floating PV and complementary technologies, enabling energy islands concept by : \n- Leading projects acquisitions from Permitting to Ready to Build phase  , securing pipeline.\n- Defining commercial strategy and project exit ( SPV , Equity, JV ) dealing with multiple developers, EPC, \n   advisors, banks in order to structure the whole transaction.\n- Developing opportunities for Onshore/Offshore Hydrogen solution and Hydrogen monetization.\n- Developing  Floating PV , Offshore Wind & Carbon Capture  solutions enabling Energy transition."
        ],
        [
            "GE",
            "9 yrs 4 mos",
            "Senior Market & Business Development - H2 Gas Turbine & Low Carbon solution",
            "Jan 2018 - Jan 2020 · 2 yrs 1 mo",
            "Firenze, Italia",
            "Within the new vertical reorganization of BHGE, I m in charge to develop market , from Lead Generation to bids commercial strategy , scouting and engaging customes in Gas Turbine and Digital Solution field . My Main task is to pioneer and innovate small Gas Turbine business following the new market challenge : Hydrogen and Low Carbon Solutions\n  \nMain responsibilities \n- Identify Upstream & Power Generation market needs to increase Market share\n- Customers segmentation to identify key Buying behavior , optimizing product offering\n- Value proposition and market trends vs key competitors \n- Pricing strategy ( Pricing corridors, Value Price, Win Loss, pricing elasticity)  & Commercial Strategy in Power Generation : Direct Sales  and Channels , Organic and inorganic growth to increase volume on Regional base\n- Define and assign key regional targets ( Prices and Volume) to Sales and commercial teams\n- Identify marketing trends and share vision-voice of customer with Product Managers\n- Define key product features to fit market needs ... Drivers and Constraints\n- Hydrogen as new Energy Vector : market assessment and lead generation , first GT 100% H2",
            "Innovation & Startup mentor - FastWorks and Lean Startup Mentor",
            "May 2015 - Jan 2020 · 4 yrs 9 mos",
            "Helping to breath entrepreneurial spirit into the company increasing products speed to market by evangelizing GE's new operating system, hence being an integral part of what is described by Eric Ries to be \"undoubtedly the largest deployment of Lean Startup ideas in the world.\" \n\n[Harvard Business Review - https://hbr.org/2014/04/how-ge-applies-lean-startup-practices/]",
            "Global Pricing Leader : New Product introduction",
            "Jun 2013 - Dec 2017 · 4 yrs 7 mos",
            "Ge Oil&Gas\n\nIn charge of driving pricing strategy for New products and digital initiatives in 5 Product companies worldwide by executing overall product line pricing and go to market strategy\n\n- Market driven price setting : Price setting based on consumer willingness-to-pay, demand elasticity, dealer margin perspective and competitive landscape\n\n- Value based pricing : Set up best value proposition elements by product group with multi-brand strategy\n\n- Design to Price  : Pricing concept realization from incubating basic product concept to market launching\n\n- Target pricing :  price harmonization  and price corridor, discount strategy\n\n- Pricing Harmonization : align 5 Products companies in terms of tools, pricing assumptions and strategies\n\n- Pricing KPI to monitor Products Companies pricing performances\n- Competitive assessment and key pricing metrics to amend c B-line profitability"
        ],
        [
            "Project Operations Manager",
            "Ansaldo Energia",
            "Jan 2004 - Oct 2010 · 6 yrs 10 mos",
            "Genova, Italia",
            "• Project Manager for Steam/Gas Turbine Projects\n• Projects planning\n•Technical Expediting/Resident Engineer in suppliers factory"
        ]
    ],
    "posts": [
        {
            "post": "Green&Hydrogen Forum: l'intervento del Presidente Alberto DossiLa strategia nazionale dell'idrogeno dà l'opportunità alle aziende per la prima volta di poter collaborare alla scrittura di questo piano che vede azioni di breve, medio e lungo periodo, perché la strategia arriverà fino al 2040, e che sarà fondamentale per abilitare gli investimenti e dare una roadmap chiara ed evidente. La strada è tracciata, dobbiamo continuare a crederci ed ad investire affinché l'idrogeno possa giocare un ruolo chiave nella transizione energetica.",
            "comments": []
        },
        {
            "post": "Il Gruppo Sapio tra i protagonisti di hashtag#EcoMed Catania 2024, la green expo del Mediterraneo e di hashtag#HydrogenGreenExpo, l’evento espositivo sulla filiera industriale dell’hashtag#idrogeno dedicato alle tecnologie innovative per la produzione, distribuzione, stoccaggio e utilizzo dell’idrogeno rinnovabile. Fabrizio Cardilli, Hydrogen Project Development Director del Gruppo Sapio, ha riconfermato la presenza del hashtag#Gruppo Sapio in questo territorio, ribadendo il proprio impegno nel supportare sempre di più sia la mobilità sia l’industria nel processo di hashtag#decarbonizzazione grazie all’impiego dell’hashtag#idrogeno rinnovabile hashtag#Ecomed2024 hashtag#HydrogenGreenExpo hashtag#sostenibilità hashtag#hydrogen hashtag#idrogeno hashtag#greenmobility hashtag#decarbonizzazione",
            "comments": []
        },
        {
            "post": "Be Horatio Jackson in your daily life! Dream and make it real",
            "comments": []
        },
        {
            "post": "H2IT - Associazione Italiana Idrogeno  in ‘missione’ in Baviera per consolidare la collaborazione tra Italia e Germania in tema di hashtag#idrogenohashtag#hydrogenhttps://lnkd.in/ddTi_Cnd",
            "comments": []
        },
        {
            "post": "Join us! take the chance to discover H2 projects status in Italy and the new frontiers to shape the energy revolution.hashtag#energytransition hashtag#greenmobility hashtag#hydrogen",
            "comments": []
        },
        {
            "post": "Approda nell’Oltrepò Mantovano la seconda tappa del Roadshow di Confindustria Mantova, l’evento itinerante dedicato al tema dell’hashtag#idrogeno verde, organizzato in collaborazione con la Provincia di Mantova, Agire, Gruppo SAPIO e Renovo, con l’obiettivo di presentare il “modello Mantova” – l’Energy Hydrogen Valley della zona di Valdaro - e approfondire le possibilità legate all’utilizzo dell’idrogeno verde per i distretti industriali e per tutto il territorio.L’appuntamento è a Quistello presso l’Hub Oltrepo’ il 14 febbraio alle 17.30; interverrà Stefano Russo, Project Development Manager del Gruppo Sapio che entrerà nel vivo del Progetto hashtag#Hydrogenvalley Mantova, illustrando le potenzialità dell’idrogeno verde in termini di efficientamento energetico, di hashtag#decarbonizzazione e di competitività sul fronte dei costi energetici.La rivoluzione energetica parte da qui! Ora!Cliccare qui per registrarsi: https://lnkd.in/d8FgtZWt hashtag#hymantovalley hashtag#hydrogen hashtag#hydrogenvalley hashtag#energytransition hashtag#greenmobility hashtag#sustainability hashtag#innovation",
            "comments": []
        },
        {
            "post": "L' Unione di intenti fra pubblico e privato è la chiave per la realizzazione di un progetto straordinario. La \"lucida follia\" come raccontata dal presidente della provincia Carlo Bottani è sempre più reale.Grazie Mantova",
            "comments": []
        },
        {
            "post": "New perspective to start this 2024 journey... inspirational",
            "comments": []
        },
        {
            "post": "What a team! amazing!!!!! la chiave della vittoria l'ho capita nelle interviste. Nessuno dei giocatori ha parlato di se' stesso, ma solo del team. Neanche Sinner che ha solo ringraziato tutti anche gli avversari senza fare menzione a quanto sia dannatamente forte lui.In queste parole avviene la magia,in queste parole c è il vero leader. Team come first. Always",
            "comments": []
        },
        {
            "post": "Interessante incontro tra le aziende e le istituzioni locali per dare supporto alla hashtag#transizione energetica con focus sul territorio brianzolo.",
            "comments": []
        }
    ]
}