{
    "name": "Riccardo Rocco",
    "subtitle": "Direttore commerciale presso ButanGas SpA",
    "location": "Florence, Tuscany, Italy",
    "about": "Partendo da una formazione tecnica, attraverso esperienze in settori e ruoli diversi, in ambito tecnico, gestionale e commerciale, ho sviluppato un'ampia base di conoscenza che mi ha portato a gestire a 360° e con un elevato livello di autonomia piccole aziende o un'unità commerciali e produttive.",
    "experiences": [
        [
            "ButanGas SpA",
            "16 yrs 2 mos",
            "Direttore commerciale",
            "Full-time",
            "Jul 2021 - Present · 2 yrs 11 mos",
            "Italia",
            "Area Manager",
            "Jun 2013 - Jul 2021 · 8 yrs 2 mos",
            "Milano, Italia",
            "Dopo la gestione dal 2008 al 2013 della filile toscana, sono stato incaricato di coordinare l'attività delle 7 filiali dell'area centro-sud. Il ruolo, che risponde in linea diretta alla direzione commerciale e generale, prevede:\n- coadiuvare l'attività commerciale, organizzativa e logistica delle filiali;\n- verificare e contribuire al raggiungimento dei budget;\n- individuare e sviluppare nuove possibilità di business e opportunità di mercato;\n- affiancare le filiali nelle principali trattative curando i sopralluoghi, la stesura dei conti economici, la redazione dell'offerta e garantendo il massimo supporto, anche con intervento diretto, nella fase di trattativa e acquisizione dei clienti.\nDal dicembre 2017 seguo personalmente i clienti direzionali \"trading\" dell'area centro-sud che acquistano in stock definendo anche piani annuali di acquisto.",
            "Area Manager",
            "Jun 2013 - Jul 2021 · 8 yrs 2 mos",
            "Italia centro-sud"
        ],
        [
            "General manager",
            "Future/Intermotive Garage equipement",
            "Sep 2002 - Apr 2008 · 5 yrs 8 mos"
        ],
        [
            "Consulente in staff al presidente",
            "A.T.L.A. Coop",
            "May 2000 - Sep 2002 · 2 yrs 5 mos"
        ],
        [
            "Responsabile tecnico e responsabile R&D",
            "Marno Srl",
            "Feb 1998 - May 2000 · 2 yrs 4 mos",
            "Castelnuovo M.dia (LI)",
            "La Marno Srl opera nel settore dei servizi informatici (lettura ottica, rilevamento, acquisizione ed elaborazione dati, mailing, archiviazione ottica e fisica di grandi volumi di documenti). Nel corso delle mia permanenza ho, in momenti successivi, seguito tutti gli aspetti dell’azienda, a livello operativo, organizzativo e direttivo maturando  le esperienze più significative in tutti gli ambiti aziendali ad entrare nel CDA e acquisire il 16% delle quote societarie."
        ]
    ],
    "posts": [
        {
            "post": "🌲 Il hashtag#GPL continuerà a ricoprire una funzione di primo piano nel mix energetico ed è considerato il combustibile fossile più hashtag#sostenibile.In questo nuovo appuntamento di hashtag#Bussole ti spieghiamo perché. hashtag#EnergyTransition hashtag#LiquidGases hashtag#RuralFutures",
            "comments": []
        },
        {
            "post": "WORK FROM HOMEleadership & empowermentNo Boss , your Own workTIME: Flexible TimingsINCOME: 25,000/- to 75,000/- as Per MonthAGE: No Restriction (Any)EDUCATION :10th to any degreeWORK NATURE: Work From Home (Online)Staff, Fresher, Students, Housewives, Experienced Persons, Everyone can do this.NO CONSULTANCY, NO MLM, NO CHAIN BUSINESS, NO DATA ENTRYI am in highly reputed organization and help peoplemake money online..If you are interested then type \"Yes\" in comment box or Whatsapp +91 8168515640 for quick replyNote - Need Only 20 Serious and Passionate People who wants to learn and grow digitally through social media. It's a Freelancing Work. hashtag#leadership hashtag#management hashtag#humanresources hashtag#recruiters hashtag#careers hashtag#hiringandpromotion hashtag#linkedin",
            "comments": []
        },
        {
            "post": "📖 Iniziamo oggi un nuovo percorso fatto di persone e di storie…hashtag#StorieDiEnergia.Una storia lunga 70 anni!Questa è una testimonianza di hashtag#passione ed hashtag#energia che sembra non appartenere ai nostri giorni, la collaborazione tra hashtag#ButanGas e Ferramenta hashtag#Gherardini di Ponte della Venturina in provincia di Bologna.La storia di ButanGas e quella dei Gherardini si incrociò subito, nel 1950, per un sodalizio destinato ad essere indissolubile. Ancora oggi, dopo 70 anni, le hashtag#bombole ButanGas sono di casa dai Gherardini.Tanti anni e molti aneddoti fanno da cornice ad un rapporto che non si limita a quello professionale ma descrive tutta l’umanità in cui crediamo attraverso la condivisione di valori di familiarità e cortesia, collaborazione e supporto reciproco.Siamo lieti di poter raccontare questa storia e di poter augurare alla famiglia Gherardini di raggiungere tutti i loro obbiettivi, noi saremo lì, al loro fianco. 💙",
            "comments": []
        },
        {
            "post": "🎼 Ovunque e in ogni casa il hashtag#ButanGasè fiamma prodigiosa il ButanGaspuò sempre alimentare un focolarepuò sempre hashtag#illuminare un casolare.Lo puoi trovare con facilitàin tutte quante le località.In quelle azzurre hashtag#bombole specialicome azzurra è quella fiamma che sviluppa il ButanGas!ButanGas! L’avete cantata con noi, vero? 😀",
            "comments": []
        },
        {
            "post": "Quest’estate al mare fai la scelta giustahashtag#plasticfree",
            "comments": []
        },
        {
            "post": "🙏🙏🙏🙏🙏🙏",
            "comments": []
        }
    ]
}