{
    "name": "Alessio Cau",
    "subtitle": "HR Manager",
    "location": "Nova Milanese, Lombardy, Italy",
    "about": "",
    "experiences": [
        [
            "ufficio risorse umane",
            "Zanotta SpA",
            "Apr 2007 - Present · 17 yrs 2 mos"
        ]
    ],
    "posts": [
        {
            "post": "Zanotta is proud to announce that its ZA:ZA sofa, designed by Zaven, has won the prestigious ADA Archiproducts Design Award 2022. It is the first international award for ZA:ZA,  project that combines originality with a particular attention to environmental sustainability.",
            "comments": []
        },
        {
            "post": "Gioele Dassi hashtag#Applausi Hai fatto un hashtag#Ottimo lavoro",
            "comments": []
        },
        {
            "post": "Happy 50th Quaderna!!!!",
            "comments": []
        },
        {
            "post": "Martina Bartoli hashtag#Applausi È davvero difficile spiegare quanto tu sia fondamentale per questo team hashtag#BrillanteNelGiocoDiSquadra",
            "comments": []
        },
        {
            "post": "hashtag#BackToEmotionsCon la nuova collezione Zanotta abbiamo cercato di riportare l'attenzione sulla scala di valori nelle relazioni tra persone, oggetti d'arredo e la casa.Mai come in questo momento abbiamo bisogno di ridefinire i nostri spazi e il modo di viverli.Nel primo commento il link al minisito dedicato alla Collezione 2020.",
            "comments": []
        },
        {
            "post": "🏆 hashtag#SaccoGoesGreen vince il premio NYCxDESIGN Awards nella categoria \"Greater Good\".Un importante riconoscimento per il percorso intrapreso da Zanotta verso la sostenibilità.",
            "comments": []
        },
        {
            "post": "hashtag#BackToEmotions Collezione 2020 | Coming soon...Zanotta",
            "comments": []
        },
        {
            "post": "Tutti presenti!",
            "comments": []
        },
        {
            "post": "Zanotta, Salone del Mobile 2016",
            "comments": []
        }
    ]
}