{
    "name": "Vincenzo Esposito",
    "subtitle": "CEO Microsoft Italy",
    "location": "Milan, Lombardy, Italy",
    "about": "The business landscape is ever-changing, and customers are more dependent on our partners than ever to help navigate it.​​Microsoft is committed to helping partners and customers succeed and grow through digital transformation. As a cloud company, it’s our priority to make it easier for partners to help customers migrate to the cloud and take advantage of the growth that comes with it. ​​I am an experienced business leader with the right blend of analytical skills and execution discipline needed to successfully drive business transformation. I consider myself an effective international executive capable of delivering tangible positive results in complex multinational environments, having worked across Europe with Microsoft, Dell and Canon Europe.​I hold an MBA in Strategy and Transformation from Henley Business School and a degree in Political Sciences and Economics from Luiss Guido Carli University.​",
    "experiences": [
        [
            "Microsoft",
            "11 yrs 1 mo",
            "CEO Microsoft Italy",
            "Full-time",
            "Apr 2023 - Present · 1 yr 2 mos",
            "General Manager, Central & Eastern Europe",
            "Jun 2020 - Apr 2023 · 2 yrs 11 mos",
            "Enterprise Director, Italy",
            "Jul 2017 - Jun 2020 · 3 yrs"
        ],
        [
            "Dell EMC",
            "10 yrs 9 mos",
            "EMEA Director, End-User-Computing Solutions",
            "Sep 2009 - May 2013 · 3 yrs 9 mos",
            "Country Manager Italy",
            "Aug 2007 - Sep 2009 · 2 yrs 2 mos",
            "Sales Director Corporate Accounts",
            "Feb 2005 - Aug 2007 · 2 yrs 7 mos"
        ],
        [
            "Canon Europe",
            "5 yrs 2 mos",
            "International Sales Manager",
            "Nov 1999 - Sep 2002 · 2 yrs 11 mos",
            "EMEA Product Manager",
            "Aug 1997 - Oct 1999 · 2 yrs 3 mos"
        ],
        [
            "Account Manager",
            "Unisys",
            "Sep 1996 - May 1997 · 9 mos"
        ]
    ],
    "posts": [
        {
            "post": "Il nostro impegno per un'hashtag#IntelligenzaArtificiale sicura e responsabile è riassunto nel primo \"Responsible AI Transparency Report\" che raccoglie informazioni su:🔹come stiamo creando applicazioni che utilizzano l'IA generativa🔹 come prendiamo prendere decisioni e supervisioniamo la distribuzione di tali applicazioni🔹 come supportiamo i clienti e le aziende nella creazione delle proprie applicazioni generativeIn questo report, forniamo approfondimenti sul nostro processo di hashtag#sviluppo, esplorando il modo in cui mappiamo, misuriamo e gestiamo i hashtag#rischi dell'IA generativa. E offriamo casi di studio per illustrare come applichiamo le nostre hashtag#politiche e i nostri processi alle versioni dell'IA generativa, sottolineando come stiamo facendo crescere la nostra comunità di IA responsabile, i nostri sforzi per democratizzare i benefici dell'IA e il nostro lavoro per facilitare la ricerca sull'IA vadano a beneficio di tutti.Tutti i dati e informazioni del Primo Responsible AI Transparency Report ➡️ https://lnkd.in/efsMNmy6Irene Sardellitti Francesca Bitondo Elisa Liberale Stefano Stinchi Igor Salvoni Sabino Prizio Giacomo Frizzarin Matteo Mille Mattia De Rosa Andrea D'Onofrio Chiara Mizzi",
            "comments": []
        },
        {
            "post": "Come le organizzazioni italiane stanno facendo leva su hashtag#intelligenzaArtificiale hashtag#Generativa per crescere?Lo scopriremo con tante imprese italiane il prossimo 9 maggio 📅 in presenza a Milano presso Università Bocconi e in collegamento streaming al hashtag#Microsoft hashtag#Envision hashtag#AIConnection.Insieme a noi Judson Althoff Executive Vice President e Chief Commercial Officer di Microsoft, un’occasione unica per ascoltare dalla sua voce e di tanti esperti qual è la visione di Microsoft Corporation sull’evoluzione dell’AI e sul suo incredibile potenziale trasformativo.Per partecipare in presenza o seguirci in streaming ➡️ https://lnkd.in/edBVgqCfhashtag#AILab Matteo Mille Igor Salvoni Stefano Stinchi Chiara Mizzi Giacomo Frizzarin Sabino Prizio Sara Anselmi Greta Orsi Maria Luisa Onorato Tamara Zancan Martina Pietrobon Andrea D'Onofrio Roberto Filipelli Eliza Casapopol",
            "comments": []
        },
        {
            "post": "Il sostegno alle esigenze delle hashtag#comunità locali dove siamo presenti con la nostra hashtag#CloudRegion è chiave per noi. Abbiamo il piacere di annunciare per la prima volta in Italia una hashtag#CommunityChallenge in collaborazione con l’azienda no-profit ChangeX per sostenere tutte le organizzazioni hashtag#noprofit che vogliono espandere o avviare progetti comunitari a elevato impatto sociale nelle zone di Milano Est, Milano Ovest, Milano Sud e Nord Pavese.Le candidature sono aperte fino al 📅 17 giugno a questo indirizzo ➡️ https://lnkd.in/dbuVxhwRMaggiori dettagli sull'iniziativa ➡️https://lnkd.in/dgrgwAT9hashtag#ItalyNorth hashtag#MicrosoftItalia Chiara Mizzi Francesca Bitondo Louisa Zanoun, PhD Robert Zielonka Alberto Riva Stefano Leigheb Filippo Tarricone Tiziano Cristian Durante",
            "comments": []
        },
        {
            "post": "Un confronto sulle opportunità dell'IntelligenzaArtificiale con i team Young Ambassadors Society in occasione del hashtag#G7 a Presidenza Italiana. Nel corso dell'evento \"Navigating the Future: AI, Policy, and Ethics in the Digital Age\", in collaborazione con Bayer, EY e illimity abbiamo discusso sul ruolo dell'AI come hashtag#Copilot delle persone e sugli aspetti etici legati alle nuove tecnologie per portare idee e proposte da chi, oggi e in futuro, utilizzerà queste tecnologie per affrontare le tante sfide globali.Un ringraziamento ad Alberta Pelino e a tutti gli Young Ambassadors Society per il dialogo aperto e costruttivo e agli speaker Francesca Bitondo Paolo Zanzi Filipe Teixeira Andrea P., Larisa Iakovleva, EMBA, CMA e Raffaele De Lucia per gli spunti di riflessione sulle opportunità dell'AI. Un grazie anche ai nostri Young Ambassador Microsoft Andrea Onorati Fabiana Dafne Cifone, PhD Roberta BrunoClara Silvestri Pier Luigi Dal Pino Elena M Grimme Matteo Mille Sara Anselmi Igor Salvoni Giacomo Frizzarin Stefano Stinchi https://lnkd.in/d39rnmh3",
            "comments": []
        },
        {
            "post": "La nostra presenza alla hashtag#MilanDesignWeek porta il segno della grande innovazione sul fronte hashtag#Surface, con una collaborazione speciale con il gruppo Artemide.Il nostro team di Design ed Artemide ha avviato una ricerca congiunta a partire dal 2023, esplorando l'interazione tra tecnologia e sistemi di illuminazione per produrre esperienze all'avanguardia. L’obiettivo è creare un dialogo tra i dati e il mondo dell’illuminazione. Gli spazi di lavoro sono il luogo in cui nasce il pensiero collaborativo e offrono un'area in cui sperimentare metodi che possono essere applicati a tutti gli spazi abitativi.E' stata anche l'occasione per presentare l'arrivo in Italia dei nuovi PC hashtag#SurfaceAI Surface Pro 10 for Business e Surface Laptop 6 for Business sotto una luce prestigiosa come quella di Artemide 💡 https://lnkd.in/dysPG7np Giulia Tardani Hrvoje Klapan Martina Pietrobon Chiara Mizzi Greta Orsi Carl Ledbetter Carlotta de Bevilacqua Tim Escolin Kait Schoeck Mollie Ruiz-Hopper Marialuce Garzaro Michele Fazio Luba Manolova",
            "comments": []
        },
        {
            "post": "Con l'hashtag#IntelligenzaArtificiale hashtag#Generativa le aziende possono anche gestire minacce e potenziali attacchi hashtag#cyber in modo più rapido, basandosi su threat intelligence e dati su larga scala.Con Microsoft hashtag#Copilot for Security le organizzazioni possono ampliare le proprie competenze, collaborare in modo più efficace e avere una maggiore visibilità sulle minacce, consentendo una risposta più rapida.Ad oggi, secondo uno studio 93% dei professionisti della sicurezza che ha testato ha hashtag#Copilot for Security confermato di aver avuto un supporto nel migliorare la qualità del proprio lavoro, e il 97% ha dichiarato di voler utilizzarlo in futuro per svolgere la stessa attività.Ne abbiamo parlato con le prime organizzazioni che in Italia stanno facendo leva su hashtag#Copilot for Security per affrontare nuovi scenari di attacchi complessi e proteggere dati e persone all'interno dell'azienda: Matteo Feraboli di Intesa Sanpaolo, Fabio Musso di RINA, Michele Fabbri De Nora e Stefano Landucci di FINCANTIERI. Maggiori informazioni su Microsoft hashtag#Copilot for Security e sulle storie delle aziende che lo stanno utilizzando ➡️https://lnkd.in/dKw6ga74hashtag#MicrosoftSecurity hashtag#Copilot hashtag#AILab Igor Salvoni Stefano Stinchi Francesco Del Sole Tamara Zancan Matteo Mille Patrizio Rinaldi Stefano Longo Simone Vicoli Michela Lecce Vito Francavilla Dario Somaschi Alice Mora Giuseppe Giacalone Cesare Feci Giacomo Frizzarin",
            "comments": []
        },
        {
            "post": "Da un anno sono alla guida della filiale italiana di Microsoft: un anno intenso e ricco di grandi opportunità di crescita per il nostro Paese.  12 mesi di progetti, iniziative e collaborazioni con tante aziende e innovatori italiani che confermano che stiamo accelerando sulla strada giusta, quella dell'innovazione che ci permette di costruire un futuro sostenibile. Un anno fa l'hashtag#IntelligenzaArtificiale hashtag#Generativa si affacciava come opportunità per le aziende, a distanza di pochi mesi è già una realtà di crescita e innovazione per molte organizzazioni del nostro Paese.Recentemente ho avuto il tempo di ricaricarmi qualche giorno, facendo per la prima volta un'esperienza sportiva unica, hashtag#Helisky in una località remota e incontaminata.Ripensando a questa avventura ho ripensato a quest'anno e a come stiamo accompagnando le aziende del Paese a utilizzare le nuove tecnologie, partendo da:🔹Leadership e coraggio - in scenari economici complessi e con tante incertezze, i leader devono responsabilmente pensare a nuovi modi di guidare le organizzazioni, aumentando flessibilità e innovando al contempo. Incontrando diversi leader di organizzazioni italiane rilevo un grande entusiasmo per i vantaggi che la hashtag#GenAI offre per pensare come affrontare sfide globali e far crescere le organizzazioni🔹Sperimentare e prendersi rischi - con hashtag#GenAI le aziende possono esplorare nuove modalità di realizzare delle attività. Nel nostro hashtag#AILab, in pochi mesi, abbiamo dato vita a oltre 300 progetti di AI con più di 200 aziende con i nostri partner per sperimentare come la tecnologia può essere una leva di sviluppo🔹Organizzazioni e persone - in questo percorso di innovazione, vanno messe al centro le persone che, grazie alla GenAI, possono liberarsi da attività di routine per concentrasi su nuovi modi di fare le cose, con maggiore produttività, creatività e benessere. Le persone vanno  aiutate con i giusti percorsi formativi per sviluppare le nuove hashtag#competenze hashtag#GenAI, a partire dal hashtag#prompting🔹Responsabilità - A fronte di una grande opportunità, è necessario valutare responsabilmente le azioni. Come Microsoft lavoriamo con un ampio panorama di attori affinchè le soluzioni per le organizzazioni rispondano ai principi di: hashtag#esponsabilità, hashtag#inclusività, affidabilità e sicurezza, equità, trasparenza, hashtag#privacyIn questi giorni, ho potuto staccare e riflettere mentre prendevo qualche \"rischio responsabile\" sui pendii innevati. Torno ricaricato e convinto che, insieme alla passione e all'energia di tutti i colleghi di hashtag#MicrosoftItalia e dei nostri hashtag#partner, continueremo a far avanzare il Paese verso un futuro più sostenibile e inclusivo, grazie anche alla tecnologia 🚀 Stefano Stinchi Igor Salvoni Sabino Prizio Giacomo Frizzarin Angela Paparone Chiara Mizzi Sara Anselmi Matteo Mille Larisa Iakovleva, EMBA, CMA Francesco Del Sole Elisa Liberale Serena Agati",
            "comments": []
        },
        {
            "post": "L'intelligenza artificiale generativa aiuta le realtà italiane a crescere 🚀Con AskAI, Angelini Industries, gruppo industriale italiano attivo nei settori della salute, della tecnologia industriale e del largo consumo, ha messo a disposizione dei dipendenti nuovi strumenti di hashtag#IntelligenzaArtificiale hashtag#Generativa a supporto delle attività professionali.AskAI fa leva su hashtag#AzureOpenAI per supportare i dipendenti del gruppo nella redazione di contenuti, testi e traduzioni. Già a disposizione per tutte le funzioni come applicazione di produttività personale, in una seconda fase con lo sviluppo di soluzioni verticali specifiche, supporterà i team legal e HR rispettivamente nella realizzazione, analisi, ricerca di contratti e brevetti e nel matching tra posizioni aperte e profili professionali, e gli informatori medico-scientifici in ambito farmaceutico per attività di formazione.L’Intelligenza Artificiale generativa sarà presto utilizzata anche per affiancare il team del supporto tecnico al cliente per velocizzare le attività e le risoluzioni di problemi di funzionamento dei macchinari per il settore dei prodotti igienici assorbenti e dei beni di largo consumo per la cura della casa e della persona prodotti da Angelini Technologies.hashtag#AILab Carlo Torniai Marco Castiglione Riccardo Salafia Valentina Alto Andrea D'Onofrio Mattia De Rosa Raffaele De Lucia Igor Salvoni Sabino Prizio Xiaopeng Li",
            "comments": []
        },
        {
            "post": "Nell'attuale presidenza del hashtag#G7, l'Italia svolgerà un ruolo fondamentale nel continuare a far progredire la governance internazionale dell'hashtag#intelligenzaartificiale su tanti temi, tra cui:🔹il processo di Hiroshima sull'IA avviato dal Giappone🔹l'implementazione di principi guida internazionali 🔹un codice di condotta per gestire i rischi e i benefici delle tecnologie avanzate di IA🔹 l'impatto dell'IA sulle sfide sociali ed economiche. L'Italia ha un'opportunità unica di essere leader in questo e di guidare i meccanismi di governance globale per garantire che l'IA rispetti i confini hashtag#etici, promuovendo al contempo l'adozione di IA che possa servire positivamente l'umanità.Il nostro impegno nel supportare questo processo con il documento che racchiude la nostra esperienza su questo fronte Governing AI for Italy ➡️https://lnkd.in/dRztTmQf hashtag#AILab Antony Cook Jeff Bullwinkel Francesca Bitondo Elisa Liberale Pier Luigi Dal PinoIgor Salvoni Stefano Stinchi Giacomo Frizzarin Chiara Mizzi Sabino Prizio Francesco Del Sole Matteo Mille Larisa Iakovleva, EMBA, CMA https://lnkd.in/dh-b-4VB",
            "comments": []
        },
        {
            "post": "Esplorare i nuovi scenari di hashtag#inclusione e hashtag#accessibilità, grazie alle soluzioni di hashtag#IntelligenzaArtificiale hashtag#Generativa.Insieme a tanti partner e aziende, abbiamo lanciato il nostro primo hashtag#hackathon hashtag#AIforInclusion un'opportunità unica per sviluppatori, designer, aziende e studenti di contribuire con idee innovative che possono migliorare significativamente la vita delle persone con disabilità o neurodivergenze.Fino al prossimo 15 maggio📅  i team di lavoro selezionati potranno quindi sviluppare l’idea proposta nella hashtag#CallforIdeas e candidare il progetto nelle 5 categorie. In questa fase di vero e proprio sviluppo dell’idea, ogni squadra può usufruire di tutta una serie di risorse online e di ore di mentorship per un supporto concreto allo sviluppo della progettualità e per ottenere approfondimenti personalizzati, consigli pratici e orientamento da parte di professionisti ed esperti.Aspettiamo le vostre idee e contributi 💡 per l'Hackathon per affrontare le sfide dell'accessibilità per far leva sulla tecnologia per servire la società. Insieme per costruire un mondo in cui ogni individuo possa sfruttare appieno il proprio potenziale hashtag#AIforInclusion hashtag#Innovazione hashtag#Accessibilità.Sara Anselmi Jie Yuan Andrea Caporale Angela Micocci Chiara Mizzi Marta Grassini Imane Eddri Lorena Del Mastro Monica Mihai Simona Gugliotta Imane Eddri Larisa Iakovleva, EMBA, CMA Angela Paparone",
            "comments": []
        }
    ]
}