{
    "name": "Ennio Vernengo",
    "subtitle": "Broadcast Services sales manager on EI Towers",
    "location": "Lissone, Lombardy, Italy",
    "about": "Experienced Broadcast TV Specialist with a demonstrated history of working in the telecommunication industry. Skilled in Sales, Broadcast Engineering, RadioTV Satellite, and IOT.",
    "experiences": [
        [
            "Broadcast Services Sales",
            "EI Towers S.p.A.",
            "Aug 2011 - Present · 12 yrs 10 mos",
            "Cologno Monzese",
            "Broadcast services, video contribution, stadium connectivity, satellite services, TV remote production, fiber data transmission, TV new technonlogy."
        ],
        [
            "IOT sales",
            "EIT SMART · Full-time",
            "Feb 2021 - Present · 3 yrs 4 mos",
            "Lissone, Lombardia, Italia",
            "servizi di ricezione messaggi device IOT su tecnologia SIGFOX in Italia, dove EIT Smart è l'operatore esclusivista.\n0G network"
        ],
        [
            "Internet Of Things Sales",
            "Nettrotter",
            "Oct 2015 - Jan 2021 · 5 yrs 4 mos",
            "Lissone MI",
            "Italy SIGFOX network operator - LPWA IOT"
        ],
        [
            "Ats - TV technology",
            "Elettronica Industriale s.p.a.",
            "Feb 1990 - Jul 2011 · 21 yrs 6 mos",
            "Milano2 - Lissone - Cologno Monzese",
            "Satellite contribution, TV production, ISO9001 tutor, Audio Video new technology."
        ],
        [
            "coordinatore RIprese e Collegamenti  Esterni",
            "A&G television (Fininvest group)",
            "Jan 1980 - Jan 1990 · 10 yrs 1 mo",
            "Genoa Area, Italy",
            "regional playout manager(Fininvest Group)\nMcr and production crew manager"
        ]
    ],
    "posts": [
        {
            "post": "Buon Natale e Felice Anno Nuovo da tutto il team di EI Towers S.p.a.hashtag#Natale2023 hashtag#AuguridaEITowers hashtag#Buonefeste hashtag#Cresciamoinsieme hashtag#Nuoveopportunita hashtag#Sfideesoddisfazioni hashtag#Telecomunicazioni hashtag#Innovazione hashtag#Sostenibilità hashtag#2024vision hashtag#2024goals",
            "comments": []
        },
        {
            "post": "Guido Barbieri CEO, EI Towers S.p.A.: \"Abbiamo connesso con fibra tutti gli stadi di serie A serie B\"hashtag#ComoLake2023",
            "comments": []
        },
        {
            "post": "Grazie Presidente Confalonieri per questo mattinata di ricordo del caro amico Antonio Pilati ! Un intellettuale illuminato !",
            "comments": []
        },
        {
            "post": "Call to Europe“: 80 Organisationen aus ganz Europa fordern Erhalt der Rundfunk- und Kulturfrequenzen. Auch Deutschland muss sich dieser Position anschließen! https://bit.ly/3WP2NO4hashtag#SaveOurSpectrum hashtag#Terrestrik hashtag#DVBT2HD hashtag#Frequenzallianz hashtag#Weltfunkkonferenz hashtag#UHF",
            "comments": []
        },
        {
            "post": "⚽Si riparte alla grande. Welcome back, ragazzi 👉Lunedì 5 settembre la nostra scuola ha avuto il grande piacere di accompagnare la classe della 25esima edizione del Master Sport Business Management in company visit presso l’International Broadcast Centre di Lissone EI Towers S.p.A., centro di produzione e fulcro della comunicazione ufficiale della Lega Serie A. 💥È stata un’esperienza davvero coinvolgente e stimolante per i nostri studenti che hanno scoperto l’intero progetto, realizzato in soli 4 mesi, e toccato con mano il lavoro sinergico di tutte le risorse impiegate. 🙏Un ringraziamento speciale a Lorenzo Dallari per l’opportunità, per la visita del building, degli impianti e delle VAR Rooms, e a Pierdamiano Tomagra per aver condiviso e analizzato le strategie social e di comunicazione che contraddistinguono una realtà così all’avanguardia.Scopri la prossima edizione del Master Sport Business Management👇https://bit.ly/3KUXoiQhashtag#24orebs hashtag#formazione hashtag#sport hashtag#calcio",
            "comments": []
        },
        {
            "post": "Globecast and EI Towers “the new challenge of football” hashtag#lnpa hashtag#fed2022 hashtag#eitowers hashtag#globecast hashtag#forumeuropeodigitale",
            "comments": []
        },
        {
            "post": "Lega Serie A landed in the U.S.!In the last months we’ve been working hard to open the first international office of the League and to launch engaging projects for our fans here in NYCThis is just the beginning… 🇮🇹🇺🇸hashtag#ThatSerieA",
            "comments": []
        },
        {
            "post": "😎 MENA to META 😎To all my contacts in the MENA region: Lega Serie A, powered by Consensys, The Nemesis and Akamai Technologies will live stream IN THE METAVERSE the big match between AC Milan and ACF Fiorentina this Sunday at 3PM CET.The event will be available only for MENA based fans.🔥 You will need to claim 1 of the 10,000 free ticket NFTs 🏷 that we are dropping to get access into the loft, watch the game and socialize with other fans 🔥You can also see the match with your remote friends 👫 and comment the goals ⚽️ or missed opportunities 🥅 like you’re sharing the same couch 😆Check out https://lnkd.in/dNEF6u9B to get more info.Really proud to be part of this exciting team!hashtag#NFT hashtag#Metaverse hashtag#DigitalTicketing hashtag#Sports hashtag#WeAreCalcio hashtag#MetaMask hashtag#ImpactGuillaume DECHAUX Pablo Valles Florian de Miramon Alessandro De Grandi David Wallach Emanuele Coscia Davide Di Stefano",
            "comments": []
        },
        {
            "post": "Genoa, April 23th - 🅶🅴🅽🅾🅰 🅵🅻🅰🅶 🅵🅴🆂🆃🅸🆅🅰🅻 - The series of events for the Festa della Bandiera (Flag Festival), which celebrates the Genoese banner 🏴󠁧󠁢󠁥󠁮󠁧󠁿, will kick off April 22th. In fact, at 6:30pm CET the flag of San Giorgio will be unrolled from the facade of the Liguria Region.However, the actual party will take place on Saturday April 23th 2022, starting at 3.45 pm CET, at the Doge's Palace: the main local authorities will be present, including the Mayor of Genoa Marco Bucci, and 𝕻𝖗𝖎𝖓𝖈𝖊 𝕬𝖑𝖇𝖊𝖗𝖙 𝕴𝕴 𝖔𝖋 𝕸𝖔𝖓𝖆𝖈𝖔, who will receive the ʜᴏɴᴏʀᴀʀʏ ᴄɪᴛɪᴢᴇɴꜱʜɪᴘ ᴏꜰ ɢᴇɴᴏᴀ and will discover the commemorative plaque in the hall of the Minor Council, an act that underlines the historical link between Genoa and Monaco.The new Ambassadors of Genoa (AGW) https://lnkd.in/dVNUKwqH will also be appointed in the wonderful Sala del Maggior Consiglio of Palazzo Ducale:👉 the Genoese Maria Elena Bottazzi nominated for the Nobel Peace Prize https://lnkd.in/d_dk6ych,👉 the Ligurian Andrea Fiumicelli, CEO Dedalus,👉 the Ligurian former footballer Sebastiano Nela https://lnkd.in/dVbkm-PD,👉 the Genoese actress Alice Arcuri,👉 the Genoese journalist Giorgia Cenni,👉 the Genoese journalist and writer Antonio Bigotti👉 the Genoese dancer Jacopo Belussi https://lnkd.in/dZsDB8SNThe ROSE OF GENOA will be given to Vitaly Tarasenko https://lnkd.in/dSH9kSnX, founder and priest of the Genoese Orthodox community of Santo Stefano, as a demonstration of the closeness to the Ukrainian community.🆅🅸🅳🅴🅾 🆁🅴🅲🅾🆁🅳🅸🅽🅶April 23th 2022Genoa's Flag Festival Cerimony@ https://lnkd.in/dwjq_Zv2hashtag#Genova hashtag#Genoa hashtag#FlagFestival hashtag#FestaDellaBadiera",
            "comments": []
        },
        {
            "post": "https://sigfoxconnect.comRegister to the event to meet SIGFOX IOT world.",
            "comments": []
        }
    ]
}