{
    "name": "Andrea Bonini",
    "subtitle": "Group CFO and Executive Director at Prada",
    "location": "Milan, Lombardy, Italy",
    "about": "",
    "experiences": [
        [
            "Group Chief Financial Officer",
            "Prada Group · Full-time",
            "May 2022 - Present · 2 yrs 1 mo",
            "Milan, Lombardy, Italy"
        ],
        [
            "Managing Director",
            "Goldman Sachs",
            "Aug 2005 - May 2022 · 16 yrs 10 mos",
            "London, United Kingdom"
        ]
    ],
    "posts": []
}