{
    "name": "Fabio Bocchio",
    "subtitle": "CFO presso Pirelli",
    "location": "Milan, Lombardy, Italy",
    "about": "",
    "experiences": [
        [
            "Pirelli",
            "Full-time · 3 yrs 3 mos",
            "Chief Financial Officer",
            "Dec 2023 - Present · 6 mos",
            "Milan, Lombardy, Italy · On-site",
            "Administration, Planning & Controlling",
            "Nov 2021 - Present · 2 yrs 7 mos",
            "Milan, Lombardy, Italy",
            "Chief Planning & Control Officer",
            "Mar 2021 - Nov 2021 · 9 mos",
            "Milano, Lombardia, Italia"
        ],
        [
            "CFO North America",
            "Prysmian Group · Full-time",
            "Feb 2018 - Mar 2021 · 3 yrs 2 mos",
            "Heighland Heights, Kentucky, USA"
        ],
        [
            "Planning & Control Director",
            "Benetton Group",
            "Oct 2016 - Jan 2018 · 1 yr 4 mos",
            "Treviso Area, Italy"
        ],
        [
            "Pirelli",
            "17 yrs 8 mos",
            "Group Business Controller",
            "Apr 2016 - Oct 2016 · 7 mos",
            "Milano, Lombardia, Italia · On-site",
            "COO",
            "Nov 2015 - Mar 2016 · 5 mos",
            "Milano, Lombardia, Italia · On-site",
            "CFO Latin America",
            "Jan 2015 - Nov 2015 · 11 mos",
            "São Paulo Area, Brazil"
        ]
    ],
    "posts": [
        {
            "post": "Tatiana Heitzmann Hirata",
            "comments": []
        }
    ]
}