{
    "name": "Fabio Damonte",
    "subtitle": "Commercial Director presso Saint-Gobain Italia",
    "location": "Italy",
    "about": "Since December 2020 Commercial Director of 4 different brands in building materials sector of Saint-Gobain in Italy: Glass, Gyproc, Isover, Weber.2 years experienced Managing Director and 7 years experienced Sales and Marketing Director for flat glass producing company part of a multinational corporation. Skilled in Management of Resources,Business Development, Marketing and Business Strategy,Negotiation,Problem Solving,Team Building.",
    "experiences": [
        [
            "Commercial Director",
            "Saint-Gobain Italia",
            "Dec 2020 - Present · 3 yrs 6 mos",
            "Milano",
            "Commercial Director of 4 different brands in building materials sector of Saint-Gobain in Italy: Glass, Gyproc, Isover, Weber"
        ],
        [
            "Saint-Gobain Glass Italia",
            "9 yrs 9 mos",
            "Pisa",
            "Managing Director",
            "Jul 2018 - Nov 2020 · 2 yrs 5 mos",
            "Sales and Marketing Director",
            "Mar 2012 - Jun 2018 · 6 yrs 4 mos",
            "Sales Director",
            "Mar 2011 - Feb 2012 · 1 yr"
        ],
        [
            "Sales manager",
            "Saint-Gobain Sicurglass",
            "Feb 2000 - Feb 2011 · 11 yrs 1 mo"
        ]
    ],
    "posts": [
        {
            "post": "hashtag#Ecophon CLIPSO Productions è il nuovo prodotto in hashtag#Tessuto della famiglia Saint-Gobain Ecophon Italia.Facile da installare, personalizzabile al 100% e con un ottimo potere fonoassorbente.Vieni a vederlo presso il nostro showroom SANTASOFIA27 a Milano.Saint-Gobain Italia hashtag#Design hashtag#Acustica",
            "comments": []
        },
        {
            "post": "\"Il successo è un progetto comune\"rete applicatori partner https://lnkd.in/dN2nhErqhashtag#SaintGobain hashtag#SaintGobainItalia",
            "comments": []
        },
        {
            "post": "Come racconta l'architetto e designer Marco Piva, in occasione della conferenza stampa di apertura della mostra-evento Cross Vision di Interni Magazine, la Material Tower – la nostra installazione visitabile fino al 28 aprile presso l’Università degli Studi di Milano – coinvolge i visitatori in un percorso alla scoperta dei materiali che consentono di creare soluzioni costruttive altamente performanti.​​È il caso delle lane minerali, materiali riciclabili ed estremamente efficaci per l’isolamento termo-acustico e per la protezione passiva dal fuoco. ​È stata proprio la nostra lana di vetro, infatti, ad avere contribuito a preservare la struttura della Torre del Moro in Via Antonini a Milano durante l’incendio del 2021. Come spiega Piva, che con il suo studio si è aggiudicato il progetto riqualificazione della Torre, la stessa lana di vetro giocherà una ruolo chiave nella progettazione e nella rinascita dell'edificio, in ottica di sicurezza e sostenibilità. ​​Studio Marco Piva​​ hashtag#SaintGobain hashtag#SaintGobainItalia hashtag#DesignWeek hashtag#FuoriSalone hashtag#Materiali hashtag#LaneMinerali​",
            "comments": []
        },
        {
            "post": "𝗖𝗵𝗲 𝗯𝗲𝗹𝗹𝗶𝘀𝘀𝗶𝗺𝗮 𝘀𝗲𝗿𝗮𝘁𝗮!E' stato un vero piacere condividere la serata del hashtag#Fuorisalone di Saint-Gobain Ecophon Italia in occasione del Salone del Mobile.Milano 2024 presso SANTASOFIA27 dove abbiamo festeggiato con tanti amici e colleghi Saint-Gobain Italia !Saint-Gobain Ecophon AB hashtag#acustica hashtag#design hashtag#ecophon",
            "comments": []
        },
        {
            "post": "Continua su tutto il territorio il tour di formazione, dedicato ai nostri Partner.​​Nelle ultime settimane abbiamo fatto tappa in Campania, Calabria e Sicilia, dove abbiamo incontrato moltissimi professionisti che utilizzano i nostri prodotti e offrono sul mercato soluzioni di qualità. Sono state giornate ricche di spunti e di grande confronto.​​Grazie a tutti i partecipanti. Ci vediamo alla prossima occasione!​​hashtag#SaintGobain hashtag#SaintGobain hashtag#SaintGobainItalia hashtag#PartnerSaintGobain hashtag#formazione hashtag#Academy",
            "comments": []
        }
    ]
}