{
    "name": "Laura Vitali",
    "subtitle": "HR & Accounting Manager presso GIMOKA GROUP",
    "location": "Morbegno, Lombardy, Italy",
    "about": "",
    "experiences": [
        [
            "HR & Accounting Manager",
            "GIMOKA GROUP · Full-time",
            "Sep 2013 - Present · 10 yrs 9 mos"
        ],
        [
            "Stagista",
            "Qualitas Commercialisti Associati · Internship",
            "Sep 2012 - Jul 2013 · 11 mos",
            "Lecco · On-site"
        ]
    ],
    "posts": []
}