{
    "name": "Riccardo Ranucci",
    "subtitle": "Bennet S.p.A.",
    "location": "Greater Milan Metropolitan Area",
    "about": "",
    "experiences": [
        [
            "Marketing Director",
            "Bennet S.p.A. · Full-time",
            "Feb 2023 - Present · 1 yr 4 mos",
            "Montano Lucino, Lombardia, Italia · On-site"
        ],
        [
            "Group Purchasing Manager",
            "BRICO IO S.P.A. · Full-time",
            "Mar 2021 - Feb 2023 · 2 yrs",
            "Milano, Lombardia, Italia"
        ],
        [
            "Coop Lombardia s.c.",
            "Full-time · 21 yrs 1 mo",
            "Marketing and communication manager",
            "Jul 2015 - Feb 2021 · 5 yrs 8 mos",
            "Milano, Italia",
            "Digital marketing",
            "Sales manager",
            "May 2010 - Jun 2015 · 5 yrs 2 mos",
            "Store manager",
            "Apr 2006 - Apr 2010 · 4 yrs 1 mo"
        ]
    ],
    "posts": []
}