{
    "name": "Giuseppe Gugliotta",
    "subtitle": "Head of special Market  at Webuild",
    "location": "Pisa, Tuscany, Italy",
    "about": "Highly experienced senior marketer: expertise in all aspects of the power industry, a track record of achieving outstanding results in high performance businesses as well as excellent strategic and hands-on credentials leading turnaround and organisational change.In my experience, a good commercial leader is one who has strategic vision and ideas and can effectively filter these throughout the organisation. I have over 18 years of multi-national experience and during that time have worked across sales, business and product development, multi-channel marketing including digital, and have proven myself to have strong organisational capabilities and a genuine passion for team management. My technical expertise is complemented by strong interpersonal and leadership skills.I believe my unique personal proposition includes the following:♦ I care about my effect on people as a leader. I like to know that I have succeeded in motivating and exciting my teams and have done my best in imparting my passion and knowledge. I believe in engaging teams, rather than just pushing out information.♦ I am not afraid to take considered risks and challenge the ‘usual’ way of doing things. While I adhere to traditional planning and company practices, I am an ideas person, someone who is always looking for the business advantage whether it’s improving market penetration or streamlining internal processes.♦ Given the speed of business today and the smaller windows available for competitive edge, I believe having a commercial or marketing leader who can think beyond the usual track is an advantage in this environment.Finally I have shown myself to be an agile and adaptable leader no matter what role is required of meLET'S CONNECT!✉ giuseppe.gugliotta1972@gmail.com✆ +39 3485324527 / +39 3408466351SPECIALTIES:Chief Marketing Officer | CMO | Senior Marketer | General Manager | GM | Commercial Director | Commercial Leader | Sales Director | Country Manager | Strategic Thinker",
    "experiences": [
        [
            "Head of special Market",
            "Webuild · Full-time",
            "Nov 2020 - Present · 3 yrs 7 mos",
            "Milan, Lombardy, Italy",
            "Within the corporate Business development organization I look after all the adiacency in which the group wants to grow in"
        ],
        [
            "Business Development Manager and program director at KBR",
            "KBR (UK) · Full-time",
            "Nov 2019 - Nov 2020 · 1 yr 1 mo"
        ],
        [
            "Chief Marketing Officer Europe region and Growth Initiative Energy Sector",
            "GE",
            "Jan 2016 - Nov 2019 · 3 yrs 11 mos",
            "ABOUT\n‾‾‾‾‾‾‾‾‾\nGeneral Electric (GE) is an American multinational conglomerate corporation currently operating in all major sector of the industries such as  Aviation, Digital, Additive manufacturing,  Energy Connections, Healthcare, Oil and Gas, Power, Renewable Energy, Transportation, and Capital.\n\nRESPONSIBILITIES\n‾‾‾‾‾‾‾‾‾‾‾‾‾‾‾‾‾‾‾‾‾‾‾‾\nLeading a global team whose main function is to accelerate and expand growth of the business unit. With the aid of standardized analysis and synthesis methodology, we generally propose solutions focused on two areas:\n- Market expansion: investments varying from the acquisition of new companies to the introduction of new products and / or services.\n- Improving the existing market penetration: we ensure that the sale is managed efficiently, with sufficient resources and that it takes advantage of all the commercial channels available in GE.\n\nSPECIALTIES\n‾‾‾‾‾‾‾‾‾‾‾‾‾‾‾‾\nChief Marketing Officer | CMO | Senior Marketer | Growth Initiative Energy Sector | Market Expansion | New Product Development| New Service Development | Market Penetration | Sales Management | Commercial Channels | Oil & Gas | Energy"
        ],
        [
            "GE Oil & Gas",
            "15 yrs 1 mo",
            "Gas Turbine Product Leader and “New product introduction” Commercialization Leader",
            "Jan 2011 - Jan 2016 · 5 yrs 1 mo",
            "Florence Area, Italy",
            "ABOUT\n‾‾‾‾‾‾‾‾‾\nGE O&G  is a world energy leader that provides technology, solutions and services across the entire O&G  energy value chain from upstream to downstream. Delivering integrated oilfield products, services and digital solutions, deploys minds and machines to enhance customer productivity, safety and environmental stewardship, while minimizing costs and risk at every step of the value chain.\n\nRESPONSIBILITIES\n‾‾‾‾‾‾‾‾‾‾‾‾‾‾‾‾‾‾‾‾‾‾‾‾\n♦ Converting concepts into strategies and programs, as well as implementing changes to respond promptly to the variable market demands. \n♦ Building strategies and creating a multi-generational product plan.\n♦ Driving the company to guarantee a high level of customer satisfaction, overall business growth and profitability.\n♦ Working jointly with both marketing and engineering teams to identify market demands, market sector and technology trends, competitive pressure and consequently, product development.\n♦ Working with internal cross-functional teams (Engineering, Supply Chain and Finance) to allocate budget and resources for the development of new products, to reduce new product introduction cycle time and lower product costs.\n♦ Working with Project Management and Sales teams to identify and manage the market strategies which push overall linear growth of products and profitability.\n\nSPECIALTIES\n‾‾‾‾‾‾‾‾‾‾‾‾‾‾‾‾\nGas Turbine Product Leader  | New Product Introduction | Commercialization Leader | Strategy | Change Management | Customer Satisfaction | Business Growth | Profitability | Marketing | Engineering | Competitor Analysis | Product Development | Supply Chain | Finance | Budgeting | Cost Management | Project Management | Oil & Gas | Energy",
            "Commercial Director of long-term Contractual Service Agreements",
            "2005 - 2011 · 6 yrs",
            "ABOUT\n‾‾‾‾‾‾‾‾‾\nGE O&G  is a world energy leader that provides technology, solutions and services across the entire O&G  energy value chain from upstream to downstream. Delivering integrated oilfield products, services and digital solutions, deploys minds and machines to enhance customer productivity, safety and environmental stewardship, while minimizing costs and risk at every step of the value chain\n\nRESPONSIBILITIES\n‾‾‾‾‾‾‾‾‾‾‾‾‾‾‾‾‾‾‾‾‾‾‾‾\n♦ Responsible for all the departmental metrics within the commercial phase of contractual service agreements for previously sold units.\n♦ Evaluation of suitable maintenance plans, analysis of operative profiles and consequent estimations of the contractual amount to propose to the Customer.\n♦ Introducing performance indicators of the machine (eg, availability, reliability and consumption) and balanced LD /Bonus for the contract duration to guarantee long term business income.\n\nSPECIALTIES\n‾‾‾‾‾‾‾‾‾‾‾‾‾‾‾‾\nCommercial Director | Long - Term Contractual Service Agreements | Maintenance Plans | Operative Profile Analysis |Performance Indicators | Oil & Gas | Energy",
            "Sales Leadership Program",
            "2001 - 2005 · 4 yrs",
            "Rotational Leadership Training Program on management within commercial sector.\n\nVarious business rotations both in Italy and abroad (London and Houston) within the Sales and Technical Support fields.\n\nSPECIALTIES\n‾‾‾‾‾‾‾‾‾‾‾‾‾‾‾‾\nLeadership Training Program | Sales Leadership Program | Management | Commercial Sector | Sales | Technical | Oil & Gas | Energy"
        ],
        [
            "Project Leader",
            "Real Time Control",
            "1999 - 2000 · 1 yr",
            "ABOUT\n‾‾‾‾‾‾‾‾‾\nCompany that was built to operate in the real time control industries providing algorithms and solution for various industries.\n\nRESPONSIBILITIES\n‾‾‾‾‾‾‾‾‾‾‾‾‾‾‾‾‾‾‾‾‾‾‾‾\n♦ Responsible for the incubation of the Company “Real Time Control”.\n♦ Managed the incubation phase of a small company called “Real Time Control” as well as the subsequent sale to Intex System Group.\n\nSPECIALTIES\n‾‾‾‾‾‾‾‾‾‾‾‾‾‾‾‾\nProject Leader | Company Incubation"
        ]
    ],
    "posts": [
        {
            "post": "Con Webuild, il totale dei nuovi ordini e in corso di finalizzazione da inizio anno, abbiamo raggiunto i 22mld€, includendo 4,1 mld€ in cui siamo i migliori offerenti. Questi, li considereremo nel backlog solo quando aggiudicati ufficialmente. Il mercato delle grandi opere e delle hashtag#infrastrutture è effervescente a livello mondiale, guidato dalla transizione ecologica e dalla necessità di dare sostegno alle economie reali. Abbiamo realizzato più del doppio degli ordini attesi, coprendo di già gli ordini che avremmo dovuto fare nel 2024. L'attuale backlog copre il 100% dei ricavi ed EBITDA target per il 2023-2025. E se seguite tutta l'intervista, le mie considerazioni su hashtag#PNRR, hashtag#Lavoro e scenario hashtag#macroeconomico internazionale. E c'è anche qualche dettaglio sul progetto del ponte sullo stretto di hashtag#MessinaClass CNBC Carla Signorile",
            "comments": []
        },
        {
            "post": "🌊 hashtag#Siccità e scarsità d’acqua: investire in hashtag#dissalatori. Da hashtag#Webuild il progetto “hashtag#Acqua per la vita”👉 https://bit.ly/3OyL7Sxhashtag#WebuildGroup hashtag#acquaperlavita",
            "comments": []
        },
        {
            "post": "Lo stabilimento è quello storico del Nuovo Pignone, da 170 anni protagonista del tessuto industriale toscano, ma l'insegna è quella della multinazionale statunitense Baker Hughes, leader nella produzione e progettazione di turbomacchine e compressori per il settore Oil&Gas. In questo headquarter globale nascono turbine sempre più efficienti e a bassa emissione di Co2, in linea con gli obiettivi dell'industria 4.0.The factory is the legendary one in Nuovo Pignone, an icon in Tuscan industrial fabric for 170 years. The brand name, however, is that of the American multinational Baker Hughes, leader in the production and design of turbo-machines and compressors for the Oil & Gas sector. Increasingly more efficient turbines with low CO2 emissions emerge from these global headquarters, in line with the objectives of industry 4.0.hashtag#10yearsofinvestintuscany hashtag#investintuscany hashtag#forcenturiesinthefuture hashtag#investment hashtag#tuscany hashtag#madeinitaly hashtag#business hashtag#talent hashtag#talented hashtag#topdestination hashtag#workintuscany hashtag#working hashtag#workinghard hashtag#workingday hashtag#businessopportunity hashtag#openforbusiness",
            "comments": []
        },
        {
            "post": "Chilling interview. A must read.",
            "comments": []
        },
        {
            "post": "Qatar Petroleum gets bids in for two packages supporting the onshore LNG plant mega trains for the long eyed North Field Expansion. Awards expected soon. hashtag#Lng hashtag#oilandgas hashtag#petroleum hashtag#gas hashtag#energy hashtag#qatar hashtag#onshore hashtag#drilling hashtag#pipelines hashtag#offshore hashtag#naturalgas hashtag#apci hashtag#airproducts hashtag#apx hashtag#qatarpetroleum hashtag#qatargas hashtag#nfe hashtag#northfieldexpansion hashtag#mcdermott hashtag#saipem hashtag#technip hashtag#technipenergies hashtag#saipem hashtag#chiyoda hashtag#jgc hashtag#ctci hashtag#tecnicasreunidas hashtag#samsung hashtag#bkr hashtag#bakerhughes hashtag#wearebakerhughes hashtag#nuovopignone",
            "comments": []
        },
        {
            "post": "Oggi, nell'ambito di un Corso di hashtag#formazione per hashtag#docenti, abbiamo avuto l'onore ed il piacere di parlare di hashtag#Cultura della hashtag#Salute e hashtag#Sicurezza, condividendo le nostre esperienze e l'approccio utilizzato sui hashtag#PCTO basati sulla hashtag#PeerSafetyEducation.L' emergenza hashtag#COVID non deve farci dimenticare che si continua a morire sul lavoro, sulla strada e nell'ambiente domestico, senza considerare che mascherina e guanti si vanno a sommare alle tonnellate di hashtag#plastica già presenti nei nostri mari. I hashtag#giovani e la hashtag#scuola sono le nostre risorse più importanti per operare un reale cambio culturale. Investiamoci sopra.",
            "comments": []
        },
        {
            "post": "DPI: NON SOLO MASCHERINEDPI (Dispositivi di Protezione Individuale) è probabilmente uno degli acronimi più usati in questo periodo.Stiamo riscoprendo tutti l'importanza di proteggerci sia durante il lavoro che nella vita quotidiana.Vale la pena però rimarcare che la scelta dei DPI è connessa al livello di rischio delle attività che devo fare. Ora che stiamo cominciando a parlare di FASE 2 e ritorno al lavoro, è importante ricordare che i DPI non sono solo le mascherine (FFP2 - FFP3) o gli occhiali, questi, abbiamo visto che sono di vitale importanza per il personale sanitario, ma per altri lavori il casco, l'imbragatura, i guanti, le scarpe antinfortunistica sono ancora necessari per evitare infortuni anche gravi. Quindi badiamo bene che su una impalcatura o un tetto, la mascherina e gli occhiali ci possono salvare dal coronavirus ma non dalla caduta, per quello serve almeno una imbragatura correttamente indossata e collegata ad un punto di ancoraggio. Se ci schiantiamo a terra, la mascherina al massimo serve per non fare scorrere il sangue che esce dalla bocca o dal naso.",
            "comments": []
        },
        {
            "post": "Questa sera presso la Prefettura di Firenze ho avuto il piacere e l'onore di partecipare alla cerimonia della firma di un protocollo d'intesa per l'innalzamento della Sicurezza nelle Discoteche. Una importante iniziativa sottoscritta da tante Istituzioni e Associazioni di Categoria che ha come scopo quello di salvaguardare la Salute e Sicurezza dei nostri ragazzi mentre si divertono. Sappiamo bene però che la carta non è sufficiente per cambiare la realtà, perciò a tutto questo ottimo lavoro di coordinamento va dato seguito con lo sviluppo di progetti reali, volti ad accrescere la Consapevolezza e la Cultura della Salute e Sicurezza tra le nuove generazioni. Riprendendo le parole dell'Ing. Giuseppe Romano Dir. Reg. VVF - \"La Sicurezza è il punto di equilibrio tra Safety e Security. Una porta di emergenza aperta può essere considerata un fattore positivo lato Safety ma un po' meno lato Security\". Porto via qualche spunto interessante da sviluppare nei prossimi progetti di hashtag#PeerSafetyEducation",
            "comments": []
        },
        {
            "post": "Cutting ribbon of the world first hybrid electric gas turbine at Southern California Edison site in Norwalk, CA. LM6000 + 10MW of battery energy storage beautifully integrated",
            "comments": []
        }
    ]
}