{
    "name": "Luciano Esposito",
    "subtitle": "Group CFO at SoFarmaMorra SpA -  Board Director - Head of M&A - wholesalers and Pharmacies",
    "location": "Italy",
    "about": "Experienced Chief Financial Officer and board director with a demonstrated history of working in the logistics, supply chain industry and pharmacy. Strategic and full company view. Strong finance professional skilled in Business Planning, Treasury, English, transaction services, corporate finance, Mergers & Acquisitions (M&A) 20 deals closed, IFRS and Financial Accounting.",
    "experiences": [
        [
            "Group Chief Financial Officer",
            "SO.FARMA.MORRA",
            "Jan 2000 - Present · 24 yrs 5 mos"
        ],
        [
            "Member Of The Board Of Directors",
            "UFM Unione Farmaceutica Milanese",
            "Jun 2013 - Present · 11 yrs",
            "Milan Area, Italy"
        ],
        [
            "Member Of The Board Of Directors",
            "Corofar distribuzione srl · Contract",
            "Jul 2020 - Present · 3 yrs 11 mos",
            "Forlì, Emilia-Romagna, Italy"
        ],
        [
            "Chartered accountant - M&A Senior Manager",
            "Studio Giordano ACB Group",
            "1996 - 2000 · 4 yrs"
        ],
        [
            "Associate",
            "KPMG US · Full-time",
            "1995 - 1996 · 1 yr",
            "London, United Kingdom"
        ]
    ],
    "posts": [
        {
            "post": "Many thanks indeed to London Business School, can’t wait to start.",
            "comments": []
        }
    ]
}