{
    "name": "Anthony Micolitti",
    "subtitle": "Responsabile Marketing e Comunicazione presso Pregis S.p.A.",
    "location": "Sant'Omero, Abruzzi, Italy",
    "about": "An experienced Marketing Executive with proven leadership skills and ability to quickly understand the competitive situation and the needs of the market. Able to define and execute marketing and sales strategies that increase growth and enhance profitability.Almost 15 years of hands-on experience in strategic planning, business unit development and project management generating market penetration strategies in B2B.Consolidated experience in the ICT and in the FOOD AND BEVERAGES arena with a deep knowledge and understanding of market dynamics.An outstanding academic background (MBA with honourable mention) and a natural propension to build, lead and motivate professional teams.Specialties: • Market and Competition Analysis;• Portfolio management and development;• Marketing Strategy and Planning • Coordination of Communication campaigns;• Team Building and Mentoring;• Sales Force Training and Support;• Management of the relationships with external suppliers;• P&L management;• Budgeting and reporting.",
    "experiences": [
        [
            "Responsabile Marketing e Comunicazione",
            "Pregis S.p.A. · Full-time",
            "Mar 2022 - Present · 2 yrs 3 mos",
            "Sant'Omero, Abruzzo, Italia",
            "Sono Responsabile di Marketing e Comunicazione in Pregis S.p.a., uno dei principali player nel settore Food Service, con una completa copertura del territorio nazionale e con importanti presenze all'estero.",
            "Pregis | Prodotti per la ristorazione",
            "Leader nel settore del Food Service, distribuiamo prodotti alimentari per la ristorazione e per il canale Ho.Re.Ca. Vendiamo all'ingrosso in tutta Italia"
        ],
        [
            "Responsabile commerciale",
            "Centro Carne srl · Full-time",
            "Sep 2020 - Mar 2022 · 1 yr 7 mos",
            "Sant'Omero, Abruzzo, Italia",
            "Mi occupo di innovare e strutturare in modo dinamico e funzionale l'approccio al mercato dell'azienda, attraverso il coordinamento della forza vendita, l'apertura di nuovi canali commerciali e l'orientamento dell'azione di Marketing."
        ],
        [
            "Responsabile marketing di prodotto",
            "MARR S.P.A.",
            "Apr 2016 - Sep 2020 · 4 yrs 6 mos",
            "Rimini",
            "Principali attività svolte:\n- Sono Responsabile dello sviluppo e dell’aggiornamento della gamma prodotti aziendale (oltre 20.000 referenze food e non food), attraverso il coordinamento di Team inter funzionali focalizzati su Segmenti di Mercato ed Occasioni Consumo.\n- Seguo l’attività di profilazione Clienti, collaborando con importanti aziende che si occupano di ricerche di mercato, per garantire una base dati per la successiva rifocalizzazione dell’assortimento. \n- Mi sono occupato di “Digital Transformation” degli strumenti di Marketing aziendali; nello specifico,\ncome membro di un team inter funzionale, ho seguito fino al “go live” un progetto aziendale\nfortemente innovativo in ambito Sviluppo Commerciale: il Catalogo Multimediale.\n- Attraverso strumenti di Corporate Data Warehouse (Sap - Business Objects) analizzo i dati di vendita per comprenderne le dinamiche, creando i presupposti per la fase decisionale di\norientamento dell’azione commerciale.\n- Coordino l’attività di diverse agenzie di comunicazione, di rilevanza nazionale, nella produzione di\ntutti i materiali divulgativi a supporto della forza vendita (brochure, cataloghi, leaflet, etc.)\n- Seguo i progetti di Web Marketing (App, Siti tematici, Newsletter, etc.) anche attraverso la gestione del rapporto con aziende fornitrici di servizi.\n- Mi occupo dello sviluppo di un nuovo approccio commerciale, attraverso strumenti web e call center dedicati."
        ],
        [
            "Marketing Director",
            "DE.AL. srl - PAC FOOD - Società del Gruppo MARR",
            "Feb 2009 - Apr 2016 · 7 yrs 3 mos",
            "Elice (PE)",
            "In charge of all Marketing activities"
        ],
        [
            "Channel Marketing Director",
            "Aethra",
            "May 2008 - Feb 2009 · 10 mos",
            "Main responsibilities:\n-  create and implement an innovative partner program on a worldwide basis;\n- manage current channel partners;\n- recruit new partners exploring new channels;\n- plan channel marketing activities and evaluate partners's proposal of coop marketing funding;\n- control the appropriate usage and application of channel policies (margins, discounts, currency ratios, etc.) and a correct implementation of new Corporate brand identity."
        ]
    ],
    "posts": [
        {
            "post": "📍 Sessione romana, quella di ieri,  per il tour formativo di Pregis Academy: Live@Branches.Nella splendida cornice del Centro Direzionale del CAR di Roma, lo Chef Fabio Campoli ed il suo staff, assieme al Marketing Pregis, hanno accolto oltre 300 membri della Forza Vendita provenienti dal Centro Sud Italia.👨🏻‍🍳 Una sessione formativa caratterizzata dalla grande interattività del pubblico: numerose le domande e approfondite le risposte che Campoli ha fornito ai presenti, incrementando il valore aggiunto dell’incontro.Le degustazioni in purezza e in abbinamento, così come un ricco buffet a base delle eccellenze in assortimento Pregis si sono alternati alla presentazione di nuovi cataloghi, di dispense di approfondimento e di tre nuovi corsi dedicati ai Formaggi, pubblicati sulla Piattaforma online di Pregis Academy.🗓️ Prossimi appuntamenti a Udine il 16 maggio e a Cesena il 17 maggio !🌍 Pregis Academy, competenza al servizio della Ristorazione",
            "comments": []
        },
        {
            "post": "🥩 Un’altra importante esclusiva per l’Italia nel mondo delle carni: Pregis l’ha ottenuta da parte di J.N. Meat International per le Lombate in osso Sashi della linea Wayne & Willis.Si tratta di lombate di grande pregio ricavate da esemplari femmina di età compresa tra i 4 e i 5 anni, di razza Simmenthal, allevate nella Germania del Nord.⭐️ Tagli da intenditori con un grado di marezzatura tra il 6 e il 7 sulla scala Beef Marble Score.L'assortimento Pregis si caratterizza sempre più per la qualità e l’eccellenza dei prodotti carnei offerti.🌍 Pregis, al servizio della ristorazione",
            "comments": []
        },
        {
            "post": "🚲 Si è tenuta ieri l’edizione 2024 della Verona Granfondo Luca Avesani, dove Pregis ha partecipato come Sponsor Ufficiale all’interno del circuito ZERO WIND SHOW.🌍 Un incredibile percorso dalla Lessinia a Verona, che sottolinea il costante impegno di Pregis nei confronti dello sport!",
            "comments": []
        },
        {
            "post": "👨🏻‍🍳 PARTE IL TOUR DI FORMAZIONE IN PRESENZA PREGISLa prima tappa di Academy Live@Branches si è svolta Venerdì 19 Aprile presso la filiale di San Bonifacio (Verona). 👥 Oltre 100 i partecipanti alla sessione formativa, che ha avuto come focus principale la linea di verdure Golden Gourmet, ma ha visto anche anteprime importanti come quelle dei nuovi cataloghi “Casearia, itinerario tra i formaggi d’Italia”, “Burger Bible” e la nuova edizione del catalogo di linea Golden Gourmet. Ma le novità non son finite qui: è stato infatti presentato il nuovo corso dedicato ai Formaggi che offre alla forza vendita Pregis oltre 5 ore di formazione video, una dispensa dedicata agli approfondimenti ed un catalogo divulgativo che presenta più di 160 referenze, tra le eccellenze casearie del nostro paese. 🍴 Lo Chef Fabio Campoli ha sapientemente guidato la fase di degustazione dell’evento che ha visto assaggi “in purezza” e in accostamento con altre pietanze, per coprire l’ampio spettro di utilizzi delle verdure Golden Gourmet. Prossimo appuntamento:📍 Roma🗓️ 6 Maggio 2024",
            "comments": []
        },
        {
            "post": "🚲 PREGIS CONFERMA IL SUO IMPEGNO NEL SOSTENERE LO SPORT!🥇 Pregis sarà Sponsor Ufficiale dell'edizione 2024 della Verona Granfondo Luca Avesani all’interno del circuito Zero Wind Show.⛰️ Vi aspettiamo il 1 Maggio 2024 per un'indimenticabile giornata lungo il percorso “Dalla città alle strade del vino, dalla Lessinia a Verona”.",
            "comments": []
        },
        {
            "post": "⭐️ Appuntamento di prestigio nel calendario eventi Pregis 2024.Presso Relais Santo Stefano a Sandigliano, Biella si è svolta la convention di Gruppo Teritoria che ha visto la partecipazione di uno degli Chef più stellati al mondo: Alain Ducasse, presidente del Gruppo.In questa occasione Pregis ha presentato il suo vasto assortimento con una rappresentanza del team commerciale Piemontese.🦪 Nella cena di gala tenutasi a Cascina Era, Pregis ha deliziato i presenti con una degustazione di ostriche e spumante.🥂 Un grazie speciale a partecipanti e organizzatori, Cadhi e Teritoria, per aver reso questa esperienza unica e indimenticabile.",
            "comments": []
        },
        {
            "post": "Proseguono le riprese della nuova Pregis Academy, dove lo Chef Fabio Campoli offre la sua guida esperta alla Forza Vendita, in un viaggio senza pari nel mondo della gastronomia.In questa giornata, il set si è trasformato in un autentico luogo di culto dedicato ai formaggi, arricchendo ulteriormente l'ampia gamma di esperienze formative offerte dalla nostra Academy.hashtag#pregis hashtag#pregisacademy",
            "comments": []
        },
        {
            "post": "🕊️ Pregis augura a tutti i suoi clienti e collaboratori una Buona Pasqua di gioia, felicità e serenità!❣️hashtag#pregis hashtag#alserviziodellaristorazione",
            "comments": []
        },
        {
            "post": "🥇 Un’altra pietra miliare del percorso fieristico 2024, la Tirreno CT di Pregis.ℹ️ Uno stand di quasi 100 mq, corner tematici dedicati alle merceologie più importanti, uno stile moderno che rappresenta in pieno la nostra azienda e tutta l’energia e la verve, tipicamente toscana, del team commerciale della filiale di Chiesina Uzzanese (Pistoia).Ulteriore presidio legato alle competenze di prodotto, quello del team acquisti della sede centrale con tutto il gruppo dei buyer.🌍 Pregis, anche in Toscana, come in tutta Italia, al servizio della Ristorazione con passione e qualità.hashtag#pregis hashtag#alserviziodellaristorazione",
            "comments": []
        },
        {
            "post": "📈 Si chiama ONE Veronafiere ed è il futuro della nostra azienda. È il nuovo piano strategico 2024-2026 per potenziare lo sviluppo in Italia e nel mondo, insieme alle PMI e alle filiere industriali che rappresentiamo attraverso le nostre manifestazioni.Le fondamenta su cui poggia ONE Veronafiere sono: - un modello di business basato sul fattore umano; - una crescita sostenibile secondo i parametri ESG; - la presenza internazionale dei nostri brand di punta; - un approccio data-driven; un’offerta di servizi e allestimenti ancora più completa e personalizzata.🗨️ Per il nostro presidente, Federico Bricolo «già nel nome, si pone come un piano che razionalizza e mette a sistema tutti gli asset industriali del Gruppo. Inoltre, ONE rimanda alla valorizzazione dell’unicità delle persone che lavorano a Veronafiere per creare una nuova cultura aziendale nella quale esprimere al meglio il potenziale di ognuno, in chiave di innovazione, creatività e produttività».🧑‍💻 Gli obiettivi che ci siamo dati per la fine del 2026 sono ambiziosi e sfidanti: - 5 nuove rassegne in calendario;- 30 milioni di euro di investimenti infrastrutturali;- aumento del 6% del margine lordo da gestione caratteristica;- fatturato di 151,8 milioni di euro (+40% sul 2023);- Ebitda a 41 milioni di euro. 🗨️ Per raggiungere questi traguardi, la proiezione internazionale diventa fondamentale: per noi significa favorire l’incoming di top-buyer nelle fiere in Italia ed esportare i nostri format di successo sulle piazze estere più attrattive. Come conferma il nostro amministratore delegato Maurizio Danese: «Con Vinitaly, Marmomac, Fieracavalli, Fieragricola, Progetto Fuoco, Samoter, ArtVerona e SOL abbiamo in portafoglio un’offerta fieristica diversificata ed estremamente competitiva, ora è il momento di spenderla sui mercati».📰 Leggi la news: https://bit.ly/vrfonePh. Ennevihashtag#veronafiere hashtag#oneveronafiere hashtag#fieradiverona hashtag#pianostretegico hashtag#esgDamiano Tommasi Regione Veneto Luca Zaia BancoBPM Intesa Sanpaolo Camera di Commercio di Verona Fondazione Cariverona Bcc Banca Veronese Veneto Agricoltura Matteo Gelmetti Adolfo Rebughini Raul Barbieri Carlo Alberto DelainiVinitaly Official Fieracavalli Marmomac FIERAGRICOLA SaMoTer - Veronafiere Progetto Fuoco",
            "comments": []
        }
    ]
}