{
    "name": "margherita patera",
    "subtitle": "dirigente presso Tamoil",
    "location": "Milan, Lombardy, Italy",
    "about": "",
    "experiences": [
        [
            "dirigente",
            "Tamoil Italia SPA",
            "Jun 1991 - Present · 33 yrs",
            "Milano, Italia",
            "H.R & INDUSTRIAL RELATIONS MANAGER\nPrincipali aree coperte:\nRelazioni Industriali e tematica relative al CCNL\nOrganizzazione e Procedure\nSviluppo Risorse Umane - sistemi di valutazioni ed incentivazione\nFormazione e Selezione\nCoordinamento Amministrazione del Personale"
        ],
        [
            "IMPIEGATO",
            "VULCAN OIL SPA",
            "May 1989 - Jun 1991 · 2 yrs 2 mos",
            "MILANO",
            "Gestione risorse umane e Reporting"
        ]
    ],
    "posts": []
}