{
    "name": "Giacomino anghileri",
    "subtitle": "CEO presso EUSIDER SPA",
    "location": "Lecco, Lombardy, Italy",
    "about": "",
    "experiences": [
        [
            "CEO",
            "EUSIDER SPA",
            "2009 - Present · 15 yrs 5 mos",
            "www.eusider.com",
            "Eusider | Il tuo partner unico per i prodotti siderurgici",
            "Eusider SpA - al 100% di proprietà della famiglia Anghileri - è un grande centro servizi siderurgico specializzato nei settori dell’automotive e dell’elettrodomestico. La società è stata fondata nel 1979 dai due fratelli Eufrasio e Antonio Anghileri, con la collaborazione di Angelo Carcianiga.\nL’ultimo decennio vede l’ingresso della quarta generazione con i figli di Eufrasio, Giacomino e Maria Anghileri.\nOggi Eusider SpA controlla 7 società, 5 in Italia e 2 all’estero."
        ]
    ],
    "posts": []
}