{
    "name": "Luca Farina",
    "subtitle": "cfo at Ingram Micro",
    "location": "Greater Milan Metropolitan Area",
    "about": "",
    "experiences": [
        [
            "CFO",
            "Ingram Micro Italy",
            "Feb 2006 - Present · 18 yrs 4 mos"
        ],
        [
            "Controller",
            "McDonald's",
            "1998 - 2006 · 8 yrs"
        ],
        [
            "senior",
            "PwC",
            "1981 - 1985 · 4 yrs"
        ]
    ],
    "posts": [
        {
            "post": "Thank you for your visit, Sanjib Sahoo!Our EVP Chief Digital Officer was in Italy to speak to our associates about taking our hashtag#DigitalJourney to the next level. His tremendous energy, experience and vision are turning Ingram Micro into the greatest Digital Platform Ecosystem.His words in these few days conveyed to the Italian team the full transformation potential of Ingram Micro hashtag#Xvantage: we will be leading the innovation for the whole channel, from Vendors to Partners.Let’s redefine distribution!➡️ Discover Ingram Micro Xvantage™: https://lnkd.in/d25wgYAX-🇮🇹 Grazie per la visita, Sanjib Sahoo!Il nostro EVP Chief Digital Officer è stato in Italia per parlare ai nostri associate dell’evoluzione del nostro Digital Journey. La sua grande energia, esperienza e vision stanno trasformando Ingram Micro in un grande Digital Platform Ecosystem.Le sue parole in questi giorni hanno trasmesso al team italiano tutto il potenziale di trasformazione di Ingram Micro Xvantage: saremo alla guida dell'innovazione per tutto il canale, dai Vendor ai Partner.Ridefiniamo la distribuzione!➡️ Scopri Ingram Micro Xvantage™: https://lnkd.in/d25wgYAXhashtag#WhyNot hashtag#DigitalTransformation hashtag#IngramMicroIT",
            "comments": []
        },
        {
            "post": "Kelly Carter hashtag#Applausi Volevo solo dirti hashtag#Grazie",
            "comments": []
        },
        {
            "post": "8 Marzo una giornata dedicata ad approfondire gli stili di Leadership con il Management ed alcuni dei nostri talenti.Il percorso di Formazione e di Coaching con il Prof. Leonardo Milani sta proseguendo. La formula della Leadership IO=TU, con la percezione dell’altro nella sua Diversità come valore aggiunto, ci rende più consapevoli delle nostre qualità, del nostro valore e dell’importanza del nostro contributo per migliorarci all’interno della Comunità di Ingram.  hashtag#EmbraceEquityhashtag#IngramMicrohashtag#IngramMicroItalia",
            "comments": []
        },
        {
            "post": "Let’s 𝗚𝗼𝗕𝗲𝘆𝗼𝗻𝗱! Abbiamo dedicato del tempo per 𝘕𝘰𝘪 - il 28 e 29 ottobre - per ritrovarci, per celebrare i grandi obiettivi raggiunti e prepararci insieme per affrontare il futuro che ci aspetta. Il tutto con passione, energia ed equilibrio.  Incontrarsi, condividere un’esperienza vera, avviare un percorso di hashtag#Formazione e di hashtag#TrasformazioneDigitale attraverso la piattaforma hashtag#Xvantage e allineare le nostre ambizioni, impegno e fiducia porterà un modo completamente nuovo di fare business con i nostri Partner.  Un ringraziamento speciale alla Comunità San Patrignano che ci ha arricchito profondamente, ricordandoci quali sono i pilastri che tengono unito il nostro gruppo: le persone e le relazioni.  hashtag#GoBeyond hashtag#SanPatrignano hashtag#IngramMicroIT",
            "comments": []
        }
    ]
}