{
    "name": "Silvia Gadda",
    "subtitle": "Sales & Marketing Director at TAMOIL ITALIA S.P.A.",
    "location": "Milan, Lombardy, Italy",
    "about": "",
    "experiences": [
        [
            "Tamoil Italia S.p.A.",
            "17 yrs 5 mos",
            "Sales & Marketing Director",
            "Full-time",
            "Jan 2022 - Present · 2 yrs 5 mos",
            "Milan, Lombardy, Italy",
            "Responsabile delle attività di vendita di Tamoil Italia.\nCoordinamento delle linee di business :\n- Rete punti vendita\n- Extrarete\n- Lubrificanti",
            "Retail Manager",
            "Full-time",
            "Mar 2020 - Feb 2022 · 2 yrs",
            "Greater Milan Metropolitan Area",
            "Responsabile delle attività commerciali e tecniche della rete di punti vendita carburanti di Tamoil Italia.\n\nCoordinamento di un team di 34 commerciali e 9 tecnici dislocati su tutto il territorio nazionale.",
            "Supply Logistics & Aviation Manager",
            "Full-time",
            "Oct 2018 - Feb 2020 · 1 yr 5 mos",
            "Milan, Lombardy, Italy",
            "Supply : responsible for\n- oil products supply for Italian market demand;\n- oil products sales to oil companies\n- oil products quality\n- cargo market\n\nRange of products traded:\nLPG\nGasoline\nJet Fuel\nDiesel\nBiodiesel\n\nAviation :\nResponsible for into plane sales to airlines in main Italian airport :LIN, FCO, MXP, VRN, BLQ\n\nLogistics :\n- Primary Logistic : manages inventory stocks and transit contract in third parties depots\n- Coordinates Tamoil Italia depots located in Cremona and Trecate\n- Secondary Logistics :  manages road deliveries via trucks to Tamoil Italia retail network all over Italy\n- CSO : manages fulfillment of Compulsory SOtcks Obligations and OCSIT contracts\n\nCoordinating a team of 18 people;  in charge for the business process management from budget cycle to operational management."
        ],
        [
            "Crude Trading Operations",
            "Tamoil Overseas Ltd",
            "Jan 2006 - Oct 2006 · 10 mos",
            "Staff to trading office; crude operations"
        ],
        [
            "Planning & Refining analyst",
            "Tamoil Italia Spa",
            "Oct 2002 - Jan 2006 · 3 yrs 4 mos",
            "Planning of Refinery operations\nCrude evaluation"
        ],
        [
            "IT consultant",
            "IBM",
            "Jan 2002 - Oct 2002 · 10 mos"
        ]
    ],
    "posts": [
        {
            "post": "La più importante fiera dei trasporti e della logistica, Transpotec-Logitec, è dietro l'angolo! Vieni a trovarci al nostro stand dove la convenienza incontra l'innovazione.Saranno presenti i team dedicati a hashtag#HVOECO+ hashtag#BuoniCarburante hashtag#mycard e hashtag#Lubrificanti per condividere con voi tutti gli approfondimenti!Vi aspettiamo presso il nostro stand Pad. 24P - Stand R01 S02 dall'8 all'11 maggio!----------------------------------------------------------------------------------The most important Transport and Logistics fair Transpotec-Logitec is around the corner! Come find us at our stand where convenience meets innovation. Dedicated members from the teams of hashtag#HVOECO+ hashtag#BuoniCarburante hashtag#mycard and hashtag#Lubrificanti will be present to share with you all the insights! Looking forward to seeing you at our stand Pad. 24P - Stand R01 S02 from the 8th till the 11th of May!",
            "comments": []
        },
        {
            "post": "Proud to share our partnership with Blu Way !",
            "comments": []
        },
        {
            "post": "we are hiring!",
            "comments": []
        },
        {
            "post": "Proud to announce our cooperation with Amazon!Another good reason to visit our service stations.hashtag#tamoilhashtag#amazon",
            "comments": []
        },
        {
            "post": "Tamoil Italia S.p.A. premiata per la sua puntualità con il sistema bancario nel segmento Big da MF CentraleRisk SpA nella III tappa del CR Award!Grazie a MF CentraleRisk SpA e Massimiliano Bosaro https://lnkd.in/dyTRwP_Chashtag#CRAward hashtag#MFCENTRALERISK",
            "comments": []
        }
    ]
}